subject,target,resolution,electrode,r
dmnelf001,DMN,tr,Fp1,0.12801977430690595
dmnelf001,DMN,tr,Fp2,0.07073901516598018
dmnelf001,DMN,tr,F3,0.06937526845823203
dmnelf001,DMN,tr,F4,0.1790300194056887
dmnelf001,DMN,tr,C3,0.23059977816610974
dmnelf001,DMN,tr,C4,0.11918160162468595
dmnelf001,DMN,tr,P3,0.3137192385034331
dmnelf001,DMN,tr,P4,0.27188103790595963
dmnelf001,DMN,tr,O1,0.35120722936814813
dmnelf001,DMN,tr,O2,0.33649679260905246
dmnelf001,DMN,tr,F7,0.12330135106841818
dmnelf001,DMN,tr,F8,0.061835557128029295
dmnelf001,DMN,tr,T7,0.1104648781650439
dmnelf001,DMN,tr,T8,0.11098536101086731
dmnelf001,DMN,tr,P7,0.26245589732776
dmnelf001,DMN,tr,P8,0.1372950728613748
dmnelf001,DMN,tr,Fz,0.14620407180532083
dmnelf001,DMN,tr,Cz,0.24971765378969027
dmnelf001,DMN,tr,Pz,0.3652090218856378
dmnelf001,DMN,tr,Oz,0.2701615004912886
dmnelf001,DMN,tr,FC1,0.20772398082012328
dmnelf001,DMN,tr,FC2,0.27390792186041263
dmnelf001,DMN,tr,CP1,0.2955131998239321
dmnelf001,DMN,tr,CP2,0.24421176882286103
dmnelf001,DMN,tr,FC5,0.08784991996077193
dmnelf001,DMN,tr,FC6,0.08480699416204107
dmnelf001,DMN,tr,CP5,0.19575871042675896
dmnelf001,DMN,tr,CP6,0.11363338724473307
dmnelf001,DMN,tr,TP9,0.1977778842235749
dmnelf001,DMN,tr,TP10,0.07652171199924199
dmnelf001,DMN,tr,POz,0.1867907522914612
dmnelf002,DMN,tr,Fp1,0.2059840385417514
dmnelf002,DMN,tr,Fp2,0.06221674735593555
dmnelf002,DMN,tr,F3,0.11775427916982864
dmnelf002,DMN,tr,F4,0.22851135157386135
dmnelf002,DMN,tr,C3,0.23020451718989327
dmnelf002,DMN,tr,C4,0.24930386156662043
dmnelf002,DMN,tr,P3,0.1678816904540164
dmnelf002,DMN,tr,P4,0.05933578991261352
dmnelf002,DMN,tr,O1,0.16880839563481537
dmnelf002,DMN,tr,O2,0.16985159230670283
dmnelf002,DMN,tr,F7,0.14137466110636074
dmnelf002,DMN,tr,F8,0.17783420027796307
dmnelf002,DMN,tr,T7,0.26849513600976654
dmnelf002,DMN,tr,T8,0.07290628732174304
dmnelf002,DMN,tr,P7,0.1757252347080466
dmnelf002,DMN,tr,P8,0.13729831287985095
dmnelf002,DMN,tr,Fz,0.16723181955586516
dmnelf002,DMN,tr,Cz,0.16423190326569093
dmnelf002,DMN,tr,Pz,-0.012029717019854684
dmnelf002,DMN,tr,Oz,0.20598028624083878
dmnelf002,DMN,tr,FC1,0.15785318817919794
dmnelf002,DMN,tr,FC2,0.13339347944956303
dmnelf002,DMN,tr,CP1,0.2206565151541598
dmnelf002,DMN,tr,CP2,0.03544278035479363
dmnelf002,DMN,tr,FC5,0.21348704441960462
dmnelf002,DMN,tr,FC6,0.21712062876776458
dmnelf002,DMN,tr,CP5,0.1586213143298292
dmnelf002,DMN,tr,CP6,0.3262091698353979
dmnelf002,DMN,tr,TP9,0.14629655714689546
dmnelf002,DMN,tr,TP10,0.09474096261462654
dmnelf002,DMN,tr,POz,0.16711199264736587
dmnelf003,DMN,tr,Fp1,-0.08189394108916083
dmnelf003,DMN,tr,Fp2,0.054035319578991436
dmnelf003,DMN,tr,F3,-0.037780820566668934
dmnelf003,DMN,tr,F4,-0.06544825205002883
dmnelf003,DMN,tr,C3,0.004766287904319548
dmnelf003,DMN,tr,C4,-0.05512696149007364
dmnelf003,DMN,tr,P3,-0.08851275734649608
dmnelf003,DMN,tr,P4,-0.09021267480067571
dmnelf003,DMN,tr,O1,-0.10884833140174534
dmnelf003,DMN,tr,O2,0.020058467520396212
dmnelf003,DMN,tr,F7,0.04101192361171247
dmnelf003,DMN,tr,F8,-0.09477422066788121
dmnelf003,DMN,tr,T7,-0.1075229559219529
dmnelf003,DMN,tr,T8,-0.02921619863541255
dmnelf003,DMN,tr,P7,-0.10912234945624386
dmnelf003,DMN,tr,P8,0.03249446428339354
dmnelf003,DMN,tr,Fz,-0.08972914262489706
dmnelf003,DMN,tr,Cz,-0.06774713207761775
dmnelf003,DMN,tr,Pz,-0.04801849896532306
dmnelf003,DMN,tr,Oz,-0.08583085595909928
dmnelf003,DMN,tr,FC1,-0.09267233018631332
dmnelf003,DMN,tr,FC2,-0.002658532109196545
dmnelf003,DMN,tr,CP1,-0.007720948435800958
dmnelf003,DMN,tr,CP2,-0.07684931555682704
dmnelf003,DMN,tr,FC5,0.031167731282432734
dmnelf003,DMN,tr,FC6,-0.08705204571300655
dmnelf003,DMN,tr,CP5,-0.12907891089267623
dmnelf003,DMN,tr,CP6,-0.010659836587843042
dmnelf003,DMN,tr,TP9,-0.12419109536512059
dmnelf003,DMN,tr,TP10,0.017311038383041502
dmnelf003,DMN,tr,POz,-0.02702835243263433
dmnelf004,DMN,tr,Fp1,-0.09652735240326231
dmnelf004,DMN,tr,Fp2,-0.18502260062569836
dmnelf004,DMN,tr,F3,-0.002793763899907052
dmnelf004,DMN,tr,F4,0.03594485574555327
dmnelf004,DMN,tr,C3,0.01853889041715523
dmnelf004,DMN,tr,C4,0.28146223473727744
dmnelf004,DMN,tr,P3,-0.09794518265337869
dmnelf004,DMN,tr,P4,0.12949893614393643
dmnelf004,DMN,tr,O1,0.07891020505569275
dmnelf004,DMN,tr,O2,0.014284137065715265
dmnelf004,DMN,tr,F7,0.006099624469543638
dmnelf004,DMN,tr,F8,-0.04747117973857993
dmnelf004,DMN,tr,T7,-0.015376952050463997
dmnelf004,DMN,tr,T8,0.07469885901804224
dmnelf004,DMN,tr,P7,-0.08723721613284356
dmnelf004,DMN,tr,P8,0.0611603212819843
dmnelf004,DMN,tr,Fz,0.12515021857076125
dmnelf004,DMN,tr,Cz,0.34261372468110046
dmnelf004,DMN,tr,Pz,0.1786157440466197
dmnelf004,DMN,tr,Oz,0.21505782747390084
dmnelf004,DMN,tr,FC1,0.12808012187693618
dmnelf004,DMN,tr,FC2,0.23606839718371112
dmnelf004,DMN,tr,CP1,0.003997441733110096
dmnelf004,DMN,tr,CP2,0.19552371364758406
dmnelf004,DMN,tr,FC5,0.25603490644493154
dmnelf004,DMN,tr,FC6,-0.09034730431845434
dmnelf004,DMN,tr,CP5,0.12669682058065249
dmnelf004,DMN,tr,CP6,0.004478293855617863
dmnelf004,DMN,tr,TP9,-0.04581915940907442
dmnelf004,DMN,tr,TP10,0.11946240205219304
dmnelf004,DMN,tr,POz,-0.040463300792675655
dmnelf005,DMN,tr,Fp1,-0.009921885603616197
dmnelf005,DMN,tr,Fp2,0.07751241483365787
dmnelf005,DMN,tr,F3,0.07112875672278565
dmnelf005,DMN,tr,F4,0.13092145007912706
dmnelf005,DMN,tr,C3,0.09008101677453614
dmnelf005,DMN,tr,C4,-0.00724856727789965
dmnelf005,DMN,tr,P3,0.16982728226169636
dmnelf005,DMN,tr,P4,0.18720207762792096
dmnelf005,DMN,tr,O1,0.12260043238632545
dmnelf005,DMN,tr,O2,0.045765631396576974
dmnelf005,DMN,tr,F7,0.16904735832088916
dmnelf005,DMN,tr,F8,0.13194979306743834
dmnelf005,DMN,tr,T7,0.05380438474245413
dmnelf005,DMN,tr,T8,0.12328915018594873
dmnelf005,DMN,tr,P7,0.18056373333742123
dmnelf005,DMN,tr,P8,0.19032536470017566
dmnelf005,DMN,tr,Fz,0.21533897624973306
dmnelf005,DMN,tr,Cz,0.054785343090845484
dmnelf005,DMN,tr,Pz,0.043687582719702925
dmnelf005,DMN,tr,Oz,0.07907856847058561
dmnelf005,DMN,tr,FC1,0.1661861666216727
dmnelf005,DMN,tr,FC2,0.13134150619110876
dmnelf005,DMN,tr,CP1,0.01878895596946763
dmnelf005,DMN,tr,CP2,0.05557504035843496
dmnelf005,DMN,tr,FC5,0.1103382592161192
dmnelf005,DMN,tr,FC6,0.12438119285273111
dmnelf005,DMN,tr,CP5,0.1486459859452184
dmnelf005,DMN,tr,CP6,0.1626844053560922
dmnelf005,DMN,tr,TP9,0.1278789667125173
dmnelf005,DMN,tr,TP10,0.13739702914444574
dmnelf005,DMN,tr,POz,0.15357585498350443
dmnelf006,DMN,tr,Fp1,0.06337606089129201
dmnelf006,DMN,tr,Fp2,0.23327411990735128
dmnelf006,DMN,tr,F3,0.07141182286969976
dmnelf006,DMN,tr,F4,0.18068030838566015
dmnelf006,DMN,tr,C3,0.008044731245620624
dmnelf006,DMN,tr,C4,0.18627561392663453
dmnelf006,DMN,tr,P3,0.209678642749012
dmnelf006,DMN,tr,P4,0.2727641054680669
dmnelf006,DMN,tr,O1,0.4382589924962907
dmnelf006,DMN,tr,O2,0.28115508758991375
dmnelf006,DMN,tr,F7,0.06639309727575822
dmnelf006,DMN,tr,F8,0.17335593272352842
dmnelf006,DMN,tr,T7,0.04096346596766364
dmnelf006,DMN,tr,T8,0.29398795766047725
dmnelf006,DMN,tr,P7,0.13550390428054712
dmnelf006,DMN,tr,P8,0.22386434789031873
dmnelf006,DMN,tr,Fz,0.13749391868176455
dmnelf006,DMN,tr,Cz,0.20373510739810782
dmnelf006,DMN,tr,Pz,0.20957721030386176
dmnelf006,DMN,tr,Oz,0.3680152052066624
dmnelf006,DMN,tr,FC1,0.17473246153607766
dmnelf006,DMN,tr,FC2,-0.06679091583877084
dmnelf006,DMN,tr,CP1,0.18271331124818474
dmnelf006,DMN,tr,CP2,-0.018887511190935933
dmnelf006,DMN,tr,FC5,0.010084292006778474
dmnelf006,DMN,tr,FC6,0.15227673739517494
dmnelf006,DMN,tr,CP5,0.33521201276370083
dmnelf006,DMN,tr,CP6,0.2014220623847479
dmnelf006,DMN,tr,TP9,0.004332973034629475
dmnelf006,DMN,tr,TP10,0.07097056302206962
dmnelf006,DMN,tr,POz,0.15307947200948507
dmnelf007,DMN,tr,Fp1,0.25453219664240595
dmnelf007,DMN,tr,Fp2,0.31068818364145623
dmnelf007,DMN,tr,F3,0.23165195167019104
dmnelf007,DMN,tr,F4,0.0867023725509157
dmnelf007,DMN,tr,C3,-0.007912728347709484
dmnelf007,DMN,tr,C4,-0.10655245560579185
dmnelf007,DMN,tr,P3,-0.12594326062623318
dmnelf007,DMN,tr,P4,0.1497349457130967
dmnelf007,DMN,tr,O1,0.15102739167567694
dmnelf007,DMN,tr,O2,0.32461722230957474
dmnelf007,DMN,tr,F7,-0.1366843971654602
dmnelf007,DMN,tr,F8,0.15397635865070344
dmnelf007,DMN,tr,T7,0.12893718571339635
dmnelf007,DMN,tr,T8,-0.11072445198738749
dmnelf007,DMN,tr,P7,0.045950708906762616
dmnelf007,DMN,tr,P8,0.2260939662115248
dmnelf007,DMN,tr,Fz,0.09038888262722204
dmnelf007,DMN,tr,Cz,-0.2044683971827175
dmnelf007,DMN,tr,Pz,0.07351924688651941
dmnelf007,DMN,tr,Oz,0.2680627404338138
dmnelf007,DMN,tr,FC1,0.1784483777826757
dmnelf007,DMN,tr,FC2,-0.04256732929823562
dmnelf007,DMN,tr,CP1,-0.10345210191289901
dmnelf007,DMN,tr,CP2,-0.04863914819402478
dmnelf007,DMN,tr,FC5,0.0788694931375327
dmnelf007,DMN,tr,FC6,-0.04647722476310009
dmnelf007,DMN,tr,CP5,-0.04216044590074554
dmnelf007,DMN,tr,CP6,0.22839690145077748
dmnelf007,DMN,tr,TP9,0.14251279533163935
dmnelf007,DMN,tr,TP10,0.10518714897289591
dmnelf007,DMN,tr,POz,0.05317811588675804
dmnelf008,DMN,tr,Fp1,0.17988681050168265
dmnelf008,DMN,tr,Fp2,0.19276573822235646
dmnelf008,DMN,tr,F3,0.087251012084315
dmnelf008,DMN,tr,F4,0.09517631269451399
dmnelf008,DMN,tr,C3,0.08503425250209706
dmnelf008,DMN,tr,C4,0.11018162029965388
dmnelf008,DMN,tr,P3,0.06594774589953648
dmnelf008,DMN,tr,P4,0.17067691355300588
dmnelf008,DMN,tr,O1,0.14300048787934755
dmnelf008,DMN,tr,O2,0.2398859257939028
dmnelf008,DMN,tr,F7,0.1394548735675994
dmnelf008,DMN,tr,F8,0.13518170437796395
dmnelf008,DMN,tr,T7,0.16179830844309956
dmnelf008,DMN,tr,T8,0.16662105928712445
dmnelf008,DMN,tr,P7,0.09859397550493694
dmnelf008,DMN,tr,P8,0.1321928845548472
dmnelf008,DMN,tr,Fz,0.08868404686539008
dmnelf008,DMN,tr,Cz,0.08838833872003402
dmnelf008,DMN,tr,Pz,0.2450026916047981
dmnelf008,DMN,tr,Oz,0.23773056064065756
dmnelf008,DMN,tr,FC1,0.09854307363609197
dmnelf008,DMN,tr,FC2,0.03398578657367333
dmnelf008,DMN,tr,CP1,0.06732208694549757
dmnelf008,DMN,tr,CP2,0.0827342709405055
dmnelf008,DMN,tr,FC5,0.13183405563959433
dmnelf008,DMN,tr,FC6,0.11186687974096722
dmnelf008,DMN,tr,CP5,0.15660197231601322
dmnelf008,DMN,tr,CP6,0.10228925456734839
dmnelf008,DMN,tr,TP9,0.1266609302728837
dmnelf008,DMN,tr,TP10,0.17212883087352698
dmnelf008,DMN,tr,POz,0.15932279295639296
dmnelf009,DMN,tr,Fp1,0.26456815861710686
dmnelf009,DMN,tr,Fp2,0.006222505060086383
dmnelf009,DMN,tr,F3,0.18788384771780242
dmnelf009,DMN,tr,F4,-0.04155678868211312
dmnelf009,DMN,tr,C3,0.0825694057336954
dmnelf009,DMN,tr,C4,0.1595172825680244
dmnelf009,DMN,tr,P3,0.01634754808181141
dmnelf009,DMN,tr,P4,0.30033126685594574
dmnelf009,DMN,tr,O1,0.15977071732821432
dmnelf009,DMN,tr,O2,0.23776916686483554
dmnelf009,DMN,tr,F7,0.4914658094427667
dmnelf009,DMN,tr,F8,0.12952811012969204
dmnelf009,DMN,tr,T7,0.3423080557991821
dmnelf009,DMN,tr,T8,0.31244624437532065
dmnelf009,DMN,tr,P7,0.14588944376488253
dmnelf009,DMN,tr,P8,0.3361680715805596
dmnelf009,DMN,tr,Fz,-0.0031878341257598705
dmnelf009,DMN,tr,Cz,0.14508316021002113
dmnelf009,DMN,tr,Pz,0.01833973787982048
dmnelf009,DMN,tr,Oz,0.1902018854789086
dmnelf009,DMN,tr,FC1,0.11079184431442285
dmnelf009,DMN,tr,FC2,0.04370780358398052
dmnelf009,DMN,tr,CP1,0.051080823190560495
dmnelf009,DMN,tr,CP2,0.10614034693962265
dmnelf009,DMN,tr,FC5,0.2606847194573429
dmnelf009,DMN,tr,FC6,0.06395736996184782
dmnelf009,DMN,tr,CP5,0.13563323328998664
dmnelf009,DMN,tr,CP6,0.26759533445143197
dmnelf009,DMN,tr,TP9,0.25536784066659446
dmnelf009,DMN,tr,TP10,0.22139452369765542
dmnelf009,DMN,tr,POz,0.06588581411411527
dmnelf010,DMN,tr,Fp1,0.25199491133806934
dmnelf010,DMN,tr,Fp2,0.20239856137326379
dmnelf010,DMN,tr,F3,0.22971138175388597
dmnelf010,DMN,tr,F4,0.38673174531629273
dmnelf010,DMN,tr,C3,0.3045505815686557
dmnelf010,DMN,tr,C4,0.32047261856790316
dmnelf010,DMN,tr,P3,0.2635753346261939
dmnelf010,DMN,tr,P4,0.1190211159134721
dmnelf010,DMN,tr,O1,0.3310076264186816
dmnelf010,DMN,tr,O2,0.23254798693921402
dmnelf010,DMN,tr,F7,0.20270914343245866
dmnelf010,DMN,tr,F8,0.34069910365771705
dmnelf010,DMN,tr,T7,0.09746866294764453
dmnelf010,DMN,tr,T8,0.10605156143427162
dmnelf010,DMN,tr,P7,0.3098495991528478
dmnelf010,DMN,tr,P8,0.2582911012273447
dmnelf010,DMN,tr,Fz,0.20090336503224512
dmnelf010,DMN,tr,Cz,0.127919539151022
dmnelf010,DMN,tr,Pz,0.158985270816161
dmnelf010,DMN,tr,Oz,0.35254724517621955
dmnelf010,DMN,tr,FC1,0.3987943223677416
dmnelf010,DMN,tr,FC2,0.27715699189788917
dmnelf010,DMN,tr,CP1,0.40395802704905703
dmnelf010,DMN,tr,CP2,0.01655481998387349
dmnelf010,DMN,tr,FC5,0.31659801042413904
dmnelf010,DMN,tr,FC6,0.3145088024826311
dmnelf010,DMN,tr,CP5,0.21632732282783693
dmnelf010,DMN,tr,CP6,0.27261562769567216
dmnelf010,DMN,tr,TP9,0.11746614308355763
dmnelf010,DMN,tr,TP10,0.2944491565815069
dmnelf010,DMN,tr,POz,0.10725102508421583
dmnelf011,DMN,tr,Fp1,0.08877965024681711
dmnelf011,DMN,tr,Fp2,0.15799932689961854
dmnelf011,DMN,tr,F3,0.09515889210090026
dmnelf011,DMN,tr,F4,0.14697695704750297
dmnelf011,DMN,tr,C3,0.21968012908283896
dmnelf011,DMN,tr,C4,0.2521276097268156
dmnelf011,DMN,tr,P3,0.07584980696253711
dmnelf011,DMN,tr,P4,0.2098355186950666
dmnelf011,DMN,tr,O1,0.16935050668595494
dmnelf011,DMN,tr,O2,0.2209579411655657
dmnelf011,DMN,tr,F7,0.19156199297401644
dmnelf011,DMN,tr,F8,0.22180105259489852
dmnelf011,DMN,tr,T7,0.17387411727774535
dmnelf011,DMN,tr,T8,0.23576545038430238
dmnelf011,DMN,tr,P7,0.1180326466594403
dmnelf011,DMN,tr,P8,0.17852142265261006
dmnelf011,DMN,tr,Fz,0.25449400073063166
dmnelf011,DMN,tr,Cz,0.107786284034873
dmnelf011,DMN,tr,Pz,0.13889004096517651
dmnelf011,DMN,tr,Oz,0.24901957784668946
dmnelf011,DMN,tr,FC1,0.08361151753482045
dmnelf011,DMN,tr,FC2,0.10566081887959713
dmnelf011,DMN,tr,CP1,0.2008421549597866
dmnelf011,DMN,tr,CP2,0.09762352174366437
dmnelf011,DMN,tr,FC5,0.21713914940801207
dmnelf011,DMN,tr,FC6,0.14916546411343914
dmnelf011,DMN,tr,CP5,0.16165478838448635
dmnelf011,DMN,tr,CP6,0.2778664335417659
dmnelf011,DMN,tr,TP9,0.1040322866671536
dmnelf011,DMN,tr,TP10,0.17079282593226564
dmnelf011,DMN,tr,POz,0.17392256280593282
dmnelf012,DMN,tr,Fp1,-0.0387462596478488
dmnelf012,DMN,tr,Fp2,0.02268787710888126
dmnelf012,DMN,tr,F3,0.16951479034054157
dmnelf012,DMN,tr,F4,0.026999832449972918
dmnelf012,DMN,tr,C3,0.06896523071958867
dmnelf012,DMN,tr,C4,0.16390600061655655
dmnelf012,DMN,tr,P3,0.09684617688025329
dmnelf012,DMN,tr,P4,-0.09359208266439077
dmnelf012,DMN,tr,O1,0.08070442600184315
dmnelf012,DMN,tr,O2,-0.16315612736302013
dmnelf012,DMN,tr,F7,0.029384449243674
dmnelf012,DMN,tr,F8,0.17539267530894698
dmnelf012,DMN,tr,T7,0.09947088782095478
dmnelf012,DMN,tr,T8,0.22017834004529957
dmnelf012,DMN,tr,P7,0.19561852772041327
dmnelf012,DMN,tr,P8,0.08544666775945607
dmnelf012,DMN,tr,Fz,0.06486714158961053
dmnelf012,DMN,tr,Cz,0.1094324341632738
dmnelf012,DMN,tr,Pz,-0.13485961660244522
dmnelf012,DMN,tr,Oz,-0.1043460777471986
dmnelf012,DMN,tr,FC1,-0.07240423940835378
dmnelf012,DMN,tr,FC2,0.08151739042984221
dmnelf012,DMN,tr,CP1,0.04983587040098423
dmnelf012,DMN,tr,CP2,-0.16510798170042168
dmnelf012,DMN,tr,FC5,0.11275817797149869
dmnelf012,DMN,tr,FC6,0.1629989801679114
dmnelf012,DMN,tr,CP5,0.10832949168144129
dmnelf012,DMN,tr,CP6,0.09430463732207367
dmnelf012,DMN,tr,TP9,0.19386957898334287
dmnelf012,DMN,tr,TP10,0.15038970799731805
dmnelf012,DMN,tr,POz,-0.23649586196289943
dmnelf013,DMN,tr,Fp1,0.17195095664268362
dmnelf013,DMN,tr,Fp2,0.15401140362325175
dmnelf013,DMN,tr,F3,-0.06592750369614175
dmnelf013,DMN,tr,F4,0.1148346993229095
dmnelf013,DMN,tr,C3,0.18179834889456306
dmnelf013,DMN,tr,C4,0.030544085001145395
dmnelf013,DMN,tr,P3,0.10581031473855773
dmnelf013,DMN,tr,P4,0.05076980732351348
dmnelf013,DMN,tr,O1,0.30217165174008553
dmnelf013,DMN,tr,O2,0.15273592287243132
dmnelf013,DMN,tr,F7,0.08678441568366672
dmnelf013,DMN,tr,F8,0.09230287144685138
dmnelf013,DMN,tr,T7,0.1740684482754984
dmnelf013,DMN,tr,T8,0.12861851549162162
dmnelf013,DMN,tr,P7,0.20205356849904355
dmnelf013,DMN,tr,P8,0.16626855623418063
dmnelf013,DMN,tr,Fz,0.13911252345118702
dmnelf013,DMN,tr,Cz,0.23697892380281121
dmnelf013,DMN,tr,Pz,0.07125474347871126
dmnelf013,DMN,tr,Oz,0.16251628110567778
dmnelf013,DMN,tr,FC1,0.23388998642295422
dmnelf013,DMN,tr,FC2,0.16556552373817593
dmnelf013,DMN,tr,CP1,0.10015216325991451
dmnelf013,DMN,tr,CP2,0.16716426851517938
dmnelf013,DMN,tr,FC5,0.04792949180389624
dmnelf013,DMN,tr,FC6,0.08878380800532136
dmnelf013,DMN,tr,CP5,0.19335468210877726
dmnelf013,DMN,tr,CP6,0.09709914390926976
dmnelf013,DMN,tr,TP9,0.24669844430475532
dmnelf013,DMN,tr,TP10,0.16424777875420843
dmnelf013,DMN,tr,POz,0.19319040908815593
dmnelf014,DMN,tr,Fp1,0.18291859073880387
dmnelf014,DMN,tr,Fp2,0.16800969406286642
dmnelf014,DMN,tr,F3,0.05959887552000587
dmnelf014,DMN,tr,F4,0.14229758786887375
dmnelf014,DMN,tr,C3,-0.0022899780009745015
dmnelf014,DMN,tr,C4,-0.08475927298857011
dmnelf014,DMN,tr,P3,0.22144313524911954
dmnelf014,DMN,tr,P4,0.2996823724585115
dmnelf014,DMN,tr,O1,0.1864947216091126
dmnelf014,DMN,tr,O2,0.20356537380497136
dmnelf014,DMN,tr,F7,0.1429336332861482
dmnelf014,DMN,tr,F8,0.17674698412281367
dmnelf014,DMN,tr,T7,0.16039122606150238
dmnelf014,DMN,tr,T8,0.23712645214296998
dmnelf014,DMN,tr,P7,0.14981517073535894
dmnelf014,DMN,tr,P8,0.28402201750292194
dmnelf014,DMN,tr,Fz,0.13787674491454233
dmnelf014,DMN,tr,Cz,0.2080203788078789
dmnelf014,DMN,tr,Pz,-0.004329285653194003
dmnelf014,DMN,tr,Oz,0.1694033350189087
dmnelf014,DMN,tr,FC1,0.1802760149257087
dmnelf014,DMN,tr,FC2,0.1250353843280245
dmnelf014,DMN,tr,CP1,0.2324308765761464
dmnelf014,DMN,tr,CP2,0.2294717439199868
dmnelf014,DMN,tr,FC5,0.3146190532263063
dmnelf014,DMN,tr,FC6,0.23181761409186194
dmnelf014,DMN,tr,CP5,0.007606910625897822
dmnelf014,DMN,tr,CP6,0.12511891476158818
dmnelf014,DMN,tr,TP9,0.19522628695173963
dmnelf014,DMN,tr,TP10,0.12322533578407702
dmnelf014,DMN,tr,POz,0.12997029205640717
dmnelf015,DMN,tr,Fp1,-0.016220953972365743
dmnelf015,DMN,tr,Fp2,-0.06464123671771574
dmnelf015,DMN,tr,F3,-0.1844303216970402
dmnelf015,DMN,tr,F4,0.08621010797188636
dmnelf015,DMN,tr,C3,-0.21499410900213006
dmnelf015,DMN,tr,C4,-0.020265955671600746
dmnelf015,DMN,tr,P3,-0.011670535189682345
dmnelf015,DMN,tr,P4,-0.048031705818455395
dmnelf015,DMN,tr,O1,0.021701709255329556
dmnelf015,DMN,tr,O2,0.20900432916121575
dmnelf015,DMN,tr,F7,-0.002947875615240767
dmnelf015,DMN,tr,F8,0.006033347065082635
dmnelf015,DMN,tr,T7,0.08292321182012447
dmnelf015,DMN,tr,T8,-0.04887453762035313
dmnelf015,DMN,tr,P7,0.2107329904144859
dmnelf015,DMN,tr,P8,-0.14651576402062744
dmnelf015,DMN,tr,Fz,0.10034154178042198
dmnelf015,DMN,tr,Cz,-0.10118773251188977
dmnelf015,DMN,tr,Pz,0.09996402199344875
dmnelf015,DMN,tr,Oz,0.022540208931577363
dmnelf015,DMN,tr,FC1,-0.09540843430234915
dmnelf015,DMN,tr,FC2,0.07789996994000489
dmnelf015,DMN,tr,CP1,-0.08181709033339125
dmnelf015,DMN,tr,CP2,0.083908492785784
dmnelf015,DMN,tr,FC5,0.02154614390656445
dmnelf015,DMN,tr,FC6,0.1284155828057823
dmnelf015,DMN,tr,CP5,0.023740748817902065
dmnelf015,DMN,tr,CP6,-0.16424620916379756
dmnelf015,DMN,tr,TP9,0.10184199751689173
dmnelf015,DMN,tr,TP10,0.12908318844311004
dmnelf015,DMN,tr,POz,0.009145105534689639
dmnelf016,DMN,tr,Fp1,-0.016782675511330607
dmnelf016,DMN,tr,Fp2,0.0416579116645794
dmnelf016,DMN,tr,F3,0.037059489411123955
dmnelf016,DMN,tr,F4,0.13374360631951943
dmnelf016,DMN,tr,C3,0.03722465491193357
dmnelf016,DMN,tr,C4,0.07522467040318227
dmnelf016,DMN,tr,P3,0.003259071394138633
dmnelf016,DMN,tr,P4,-0.09255781743231445
dmnelf016,DMN,tr,O1,0.21711989129964274
dmnelf016,DMN,tr,O2,0.23179757855188668
dmnelf016,DMN,tr,F7,0.05651717202978349
dmnelf016,DMN,tr,F8,0.2691428900699804
dmnelf016,DMN,tr,T7,0.1143759813884631
dmnelf016,DMN,tr,T8,0.19403593707060135
dmnelf016,DMN,tr,P7,0.25029453735242385
dmnelf016,DMN,tr,P8,0.1619242514886553
dmnelf016,DMN,tr,Fz,0.007880385856136918
dmnelf016,DMN,tr,Cz,0.1635408073158438
dmnelf016,DMN,tr,Pz,-0.06517050640181303
dmnelf016,DMN,tr,Oz,-0.10784317851974753
dmnelf016,DMN,tr,FC1,-0.018035329742175685
dmnelf016,DMN,tr,FC2,0.02017742381304436
dmnelf016,DMN,tr,CP1,-0.03826152721470649
dmnelf016,DMN,tr,CP2,-0.15792253417641244
dmnelf016,DMN,tr,FC5,0.20458946316452223
dmnelf016,DMN,tr,FC6,0.08344518324893804
dmnelf016,DMN,tr,CP5,-0.07646106886198185
dmnelf016,DMN,tr,CP6,-0.04287872172221423
dmnelf016,DMN,tr,TP9,0.18160916195870283
dmnelf016,DMN,tr,TP10,-0.10257566367332271
dmnelf016,DMN,tr,POz,-0.11410124885518219
dmnelf1001,DMN,tr,Fp1,-0.13328992844750912
dmnelf1001,DMN,tr,Fp2,-0.18198096103492561
dmnelf1001,DMN,tr,F3,-0.0360421039540969
dmnelf1001,DMN,tr,F4,-0.10473759894301118
dmnelf1001,DMN,tr,C3,0.11980198649798196
dmnelf1001,DMN,tr,C4,-0.05770286775242795
dmnelf1001,DMN,tr,P3,0.04352397174001686
dmnelf1001,DMN,tr,P4,0.005445746045651317
dmnelf1001,DMN,tr,O1,0.1058001459573368
dmnelf1001,DMN,tr,O2,-0.009272671958063798
dmnelf1001,DMN,tr,F7,0.0016789493345375824
dmnelf1001,DMN,tr,F8,-0.1279275158597437
dmnelf1001,DMN,tr,T7,-0.14471993285765683
dmnelf1001,DMN,tr,T8,0.004331581401828545
dmnelf1001,DMN,tr,P7,-0.23920912933668553
dmnelf1001,DMN,tr,P8,-0.01711000375565182
dmnelf1001,DMN,tr,Fz,-0.09322389624849613
dmnelf1001,DMN,tr,Cz,-0.08193256951110767
dmnelf1001,DMN,tr,Pz,-0.18436771843572547
dmnelf1001,DMN,tr,Oz,0.0321106589874507
dmnelf1001,DMN,tr,FC1,-0.08019900994028956
dmnelf1001,DMN,tr,FC2,-0.049142376669112635
dmnelf1001,DMN,tr,CP1,-0.01779541497529989
dmnelf1001,DMN,tr,CP2,0.13815748285712065
dmnelf1001,DMN,tr,FC5,-0.005125462944605117
dmnelf1001,DMN,tr,FC6,-0.14751814009750353
dmnelf1001,DMN,tr,CP5,-0.22915106690361825
dmnelf1001,DMN,tr,CP6,0.03769486199708425
dmnelf1001,DMN,tr,TP9,0.01812194984503556
dmnelf1001,DMN,tr,TP10,-0.09057698728371019
dmnelf1001,DMN,tr,POz,0.05306400166969633
dmnelf1002,DMN,tr,Fp1,0.12187784223672005
dmnelf1002,DMN,tr,Fp2,0.2511931717102064
dmnelf1002,DMN,tr,F3,0.1260470372988714
dmnelf1002,DMN,tr,F4,0.3602398159213625
dmnelf1002,DMN,tr,C3,0.10140921662758405
dmnelf1002,DMN,tr,C4,0.1379945133501383
dmnelf1002,DMN,tr,P3,0.1689523849254873
dmnelf1002,DMN,tr,P4,0.0751423198054546
dmnelf1002,DMN,tr,O1,0.19836728358946867
dmnelf1002,DMN,tr,O2,0.22348777586985505
dmnelf1002,DMN,tr,F7,0.07912413441472357
dmnelf1002,DMN,tr,F8,0.3984428140744269
dmnelf1002,DMN,tr,T7,0.12920018587848348
dmnelf1002,DMN,tr,T8,0.23646190466211164
dmnelf1002,DMN,tr,P7,0.3544672091919047
dmnelf1002,DMN,tr,P8,0.18757711103413743
dmnelf1002,DMN,tr,Fz,0.1561834814694424
dmnelf1002,DMN,tr,Cz,0.2014853265480146
dmnelf1002,DMN,tr,Pz,0.14163550345023684
dmnelf1002,DMN,tr,Oz,0.14818611869511858
dmnelf1002,DMN,tr,FC1,0.13628502913554413
dmnelf1002,DMN,tr,FC2,0.3227390952641089
dmnelf1002,DMN,tr,CP1,0.1586052893994883
dmnelf1002,DMN,tr,CP2,0.10164355663656088
dmnelf1002,DMN,tr,FC5,0.2301167517567307
dmnelf1002,DMN,tr,FC6,0.21893275238687798
dmnelf1002,DMN,tr,CP5,0.28396646970945844
dmnelf1002,DMN,tr,CP6,0.09448038174864537
dmnelf1002,DMN,tr,TP9,0.31290100556106465
dmnelf1002,DMN,tr,TP10,0.11957948750484572
dmnelf1002,DMN,tr,POz,0.17417430018959257
dmnelf1003,DMN,tr,Fp1,-0.1419266881374761
dmnelf1003,DMN,tr,Fp2,-0.15096122478958152
dmnelf1003,DMN,tr,F3,-0.14650835708651044
dmnelf1003,DMN,tr,F4,-0.1136408886744473
dmnelf1003,DMN,tr,C3,-0.1613545296356739
dmnelf1003,DMN,tr,C4,-0.08937492653016596
dmnelf1003,DMN,tr,P3,-0.23271610012324973
dmnelf1003,DMN,tr,P4,-0.09064107558369397
dmnelf1003,DMN,tr,O1,-0.12088677725407965
dmnelf1003,DMN,tr,O2,-0.14013294651474872
dmnelf1003,DMN,tr,F7,-0.09219530095280726
dmnelf1003,DMN,tr,F8,-0.11469891784069719
dmnelf1003,DMN,tr,T7,-0.27849676533978107
dmnelf1003,DMN,tr,T8,-0.18344751483608085
dmnelf1003,DMN,tr,P7,-0.26492999874585843
dmnelf1003,DMN,tr,P8,-0.2245135622604908
dmnelf1003,DMN,tr,Fz,-0.08099344818497539
dmnelf1003,DMN,tr,Cz,-0.0838520762070408
dmnelf1003,DMN,tr,Pz,-0.30023801948713447
dmnelf1003,DMN,tr,Oz,-0.05483816006009852
dmnelf1003,DMN,tr,FC1,-0.07465736535442184
dmnelf1003,DMN,tr,FC2,-0.047939715535324
dmnelf1003,DMN,tr,CP1,-0.26049999961712644
dmnelf1003,DMN,tr,CP2,-0.22487186491419167
dmnelf1003,DMN,tr,FC5,-0.14003431885232132
dmnelf1003,DMN,tr,FC6,-0.1270892695496505
dmnelf1003,DMN,tr,CP5,-0.22493287191155392
dmnelf1003,DMN,tr,CP6,-0.06211267665805233
dmnelf1003,DMN,tr,TP9,-0.22425251216592526
dmnelf1003,DMN,tr,TP10,-0.207754380843437
dmnelf1003,DMN,tr,POz,-0.19401551446882123
dmnelf001,CEN,tr,Fp1,0.12458965215906927
dmnelf001,CEN,tr,Fp2,-0.11996014403719561
dmnelf001,CEN,tr,F3,0.22274322310769892
dmnelf001,CEN,tr,F4,0.19274755114841988
dmnelf001,CEN,tr,C3,0.3378571759961346
dmnelf001,CEN,tr,C4,-0.007888640104499658
dmnelf001,CEN,tr,P3,0.24890677202908396
dmnelf001,CEN,tr,P4,0.2669647471447783
dmnelf001,CEN,tr,O1,0.18669443410235942
dmnelf001,CEN,tr,O2,0.2231518275974702
dmnelf001,CEN,tr,F7,0.18126731993204687
dmnelf001,CEN,tr,F8,0.09708473514656712
dmnelf001,CEN,tr,T7,0.11969084434422018
dmnelf001,CEN,tr,T8,0.21394816430632277
dmnelf001,CEN,tr,P7,0.17352937834961485
dmnelf001,CEN,tr,P8,0.33299978058305196
dmnelf001,CEN,tr,Fz,0.007893310919024548
dmnelf001,CEN,tr,Cz,0.1349582326734929
dmnelf001,CEN,tr,Pz,0.011019348873075069
dmnelf001,CEN,tr,Oz,0.1469643729678453
dmnelf001,CEN,tr,FC1,0.4259786239557744
dmnelf001,CEN,tr,FC2,0.22830636030530765
dmnelf001,CEN,tr,CP1,0.1565661527427249
dmnelf001,CEN,tr,CP2,0.21563948963529994
dmnelf001,CEN,tr,FC5,0.1536492259928053
dmnelf001,CEN,tr,FC6,0.17419316835272486
dmnelf001,CEN,tr,CP5,0.28351386022120556
dmnelf001,CEN,tr,CP6,0.2515312393242607
dmnelf001,CEN,tr,TP9,0.25193343844983485
dmnelf001,CEN,tr,TP10,0.2124117990876256
dmnelf001,CEN,tr,POz,0.04721146634209465
dmnelf002,CEN,tr,Fp1,0.08940238612427849
dmnelf002,CEN,tr,Fp2,0.13243202059378253
dmnelf002,CEN,tr,F3,0.13985414676436747
dmnelf002,CEN,tr,F4,0.20889443963157348
dmnelf002,CEN,tr,C3,0.316402141943646
dmnelf002,CEN,tr,C4,0.2501050759553879
dmnelf002,CEN,tr,P3,0.20708044356569452
dmnelf002,CEN,tr,P4,0.14395685534026995
dmnelf002,CEN,tr,O1,0.15421325599627037
dmnelf002,CEN,tr,O2,0.1500017615916266
dmnelf002,CEN,tr,F7,0.3295364118641625
dmnelf002,CEN,tr,F8,0.16701000432382915
dmnelf002,CEN,tr,T7,0.2722415047478227
dmnelf002,CEN,tr,T8,0.02287716462756034
dmnelf002,CEN,tr,P7,0.1581389136150696
dmnelf002,CEN,tr,P8,0.21075609762444666
dmnelf002,CEN,tr,Fz,0.12646167876948758
dmnelf002,CEN,tr,Cz,0.1510084120494774
dmnelf002,CEN,tr,Pz,0.2753699981205998
dmnelf002,CEN,tr,Oz,0.26062604726573113
dmnelf002,CEN,tr,FC1,-0.02514530100826258
dmnelf002,CEN,tr,FC2,0.22212580057706446
dmnelf002,CEN,tr,CP1,0.3808293420944681
dmnelf002,CEN,tr,CP2,0.24570836942215937
dmnelf002,CEN,tr,FC5,0.3718179799916528
dmnelf002,CEN,tr,FC6,0.2583572493571234
dmnelf002,CEN,tr,CP5,0.2545043095512642
dmnelf002,CEN,tr,CP6,0.3421724139027385
dmnelf002,CEN,tr,TP9,0.11532046252924338
dmnelf002,CEN,tr,TP10,0.253021835534292
dmnelf002,CEN,tr,POz,0.12165581157683665
dmnelf003,CEN,tr,Fp1,0.21342797283891973
dmnelf003,CEN,tr,Fp2,0.260237273652103
dmnelf003,CEN,tr,F3,0.2375248158164136
dmnelf003,CEN,tr,F4,0.24723843425132874
dmnelf003,CEN,tr,C3,0.23624465416803783
dmnelf003,CEN,tr,C4,0.24695590213713256
dmnelf003,CEN,tr,P3,0.24530983785656205
dmnelf003,CEN,tr,P4,0.19795480627193165
dmnelf003,CEN,tr,O1,0.21365589630103368
dmnelf003,CEN,tr,O2,0.2755610907216287
dmnelf003,CEN,tr,F7,0.20746917673262655
dmnelf003,CEN,tr,F8,0.2609470181973045
dmnelf003,CEN,tr,T7,0.2439423906801648
dmnelf003,CEN,tr,T8,0.27513206806411056
dmnelf003,CEN,tr,P7,0.25276403687292576
dmnelf003,CEN,tr,P8,0.26235505434738926
dmnelf003,CEN,tr,Fz,0.22078656316439316
dmnelf003,CEN,tr,Cz,0.24837661019432322
dmnelf003,CEN,tr,Pz,0.24294862742808912
dmnelf003,CEN,tr,Oz,0.24721063251923897
dmnelf003,CEN,tr,FC1,0.230940319788342
dmnelf003,CEN,tr,FC2,0.28004794147438017
dmnelf003,CEN,tr,CP1,0.28938857997183604
dmnelf003,CEN,tr,CP2,0.2618983410204036
dmnelf003,CEN,tr,FC5,0.21475147270013586
dmnelf003,CEN,tr,FC6,0.261480222617926
dmnelf003,CEN,tr,CP5,0.26481726685589513
dmnelf003,CEN,tr,CP6,0.2471546231075837
dmnelf003,CEN,tr,TP9,0.24968380061688528
dmnelf003,CEN,tr,TP10,0.23613105787208394
dmnelf003,CEN,tr,POz,0.3498002045816973
dmnelf004,CEN,tr,Fp1,-0.043952065086096156
dmnelf004,CEN,tr,Fp2,0.09355078588573336
dmnelf004,CEN,tr,F3,-0.011406729332559925
dmnelf004,CEN,tr,F4,-0.024229173293851755
dmnelf004,CEN,tr,C3,-0.003018048706372747
dmnelf004,CEN,tr,C4,-0.024315393484267322
dmnelf004,CEN,tr,P3,0.027854790692960412
dmnelf004,CEN,tr,P4,0.007869644883496767
dmnelf004,CEN,tr,O1,-0.03642675141647988
dmnelf004,CEN,tr,O2,-0.12810463533258795
dmnelf004,CEN,tr,F7,-0.035694955286185284
dmnelf004,CEN,tr,F8,-0.04863430741113883
dmnelf004,CEN,tr,T7,-0.08628512238075246
dmnelf004,CEN,tr,T8,-0.04382903346788981
dmnelf004,CEN,tr,P7,-0.04551778111880933
dmnelf004,CEN,tr,P8,-0.07347151985201338
dmnelf004,CEN,tr,Fz,0.09059402539675804
dmnelf004,CEN,tr,Cz,0.09804696251026193
dmnelf004,CEN,tr,Pz,0.22533440019312007
dmnelf004,CEN,tr,Oz,0.0028730199781655955
dmnelf004,CEN,tr,FC1,-0.011646645350755406
dmnelf004,CEN,tr,FC2,0.04797652651948374
dmnelf004,CEN,tr,CP1,0.026361881144275446
dmnelf004,CEN,tr,CP2,0.024892790510517005
dmnelf004,CEN,tr,FC5,-0.07544157651761736
dmnelf004,CEN,tr,FC6,-0.14506799841372475
dmnelf004,CEN,tr,CP5,-0.03588829192125496
dmnelf004,CEN,tr,CP6,-0.06260492878776451
dmnelf004,CEN,tr,TP9,0.005240594323065301
dmnelf004,CEN,tr,TP10,-0.0020546271010399323
dmnelf004,CEN,tr,POz,0.03568869034640977
dmnelf005,CEN,tr,Fp1,0.23894013727993269
dmnelf005,CEN,tr,Fp2,0.25441180878198666
dmnelf005,CEN,tr,F3,0.37664123600766175
dmnelf005,CEN,tr,F4,0.4305474453762826
dmnelf005,CEN,tr,C3,0.31609030474703365
dmnelf005,CEN,tr,C4,0.30613108165366504
dmnelf005,CEN,tr,P3,0.4342813522053253
dmnelf005,CEN,tr,P4,0.4259517324755639
dmnelf005,CEN,tr,O1,0.3420249901777839
dmnelf005,CEN,tr,O2,0.23070253940249114
dmnelf005,CEN,tr,F7,0.2964840970231125
dmnelf005,CEN,tr,F8,0.3062763494177068
dmnelf005,CEN,tr,T7,0.3328509870780672
dmnelf005,CEN,tr,T8,0.46053336616532253
dmnelf005,CEN,tr,P7,0.4248261135566827
dmnelf005,CEN,tr,P8,0.446161355615285
dmnelf005,CEN,tr,Fz,0.561056016041764
dmnelf005,CEN,tr,Cz,0.2704365328241641
dmnelf005,CEN,tr,Pz,0.1910365537720495
dmnelf005,CEN,tr,Oz,0.2507631660717204
dmnelf005,CEN,tr,FC1,0.37905688956062394
dmnelf005,CEN,tr,FC2,0.32611016475609483
dmnelf005,CEN,tr,CP1,0.290561314518806
dmnelf005,CEN,tr,CP2,0.3000313109644436
dmnelf005,CEN,tr,FC5,0.3006602846642379
dmnelf005,CEN,tr,FC6,0.36526120391839334
dmnelf005,CEN,tr,CP5,0.43868492893637406
dmnelf005,CEN,tr,CP6,0.48963256105731656
dmnelf005,CEN,tr,TP9,0.29114548750747493
dmnelf005,CEN,tr,TP10,0.36384704355977665
dmnelf005,CEN,tr,POz,0.3958459954011276
dmnelf006,CEN,tr,Fp1,-0.25910195470896674
dmnelf006,CEN,tr,Fp2,-0.31065288016124787
dmnelf006,CEN,tr,F3,-0.1707464528645579
dmnelf006,CEN,tr,F4,-0.15102362786443638
dmnelf006,CEN,tr,C3,0.16356787385151839
dmnelf006,CEN,tr,C4,0.029134414332704202
dmnelf006,CEN,tr,P3,-0.09381382540293605
dmnelf006,CEN,tr,P4,-0.04813720967884373
dmnelf006,CEN,tr,O1,-0.20313121423759703
dmnelf006,CEN,tr,O2,-0.16866906207193114
dmnelf006,CEN,tr,F7,-0.17007514049932299
dmnelf006,CEN,tr,F8,-0.061238571238598556
dmnelf006,CEN,tr,T7,-0.14455331866157994
dmnelf006,CEN,tr,T8,-0.22586696217762262
dmnelf006,CEN,tr,P7,-0.25901131303424735
dmnelf006,CEN,tr,P8,0.06701161142042696
dmnelf006,CEN,tr,Fz,-0.07575807149781706
dmnelf006,CEN,tr,Cz,0.003076426721197351
dmnelf006,CEN,tr,Pz,-0.11580611512685042
dmnelf006,CEN,tr,Oz,-0.19884060041271964
dmnelf006,CEN,tr,FC1,-0.03676525549230918
dmnelf006,CEN,tr,FC2,-0.2830710221802498
dmnelf006,CEN,tr,CP1,0.07457845724107696
dmnelf006,CEN,tr,CP2,-0.09360893739093024
dmnelf006,CEN,tr,FC5,-0.022575911717008963
dmnelf006,CEN,tr,FC6,-0.13583048620931057
dmnelf006,CEN,tr,CP5,0.06645579563352624
dmnelf006,CEN,tr,CP6,-0.024916892671268336
dmnelf006,CEN,tr,TP9,-0.2090371340315991
dmnelf006,CEN,tr,TP10,0.16959775434944335
dmnelf006,CEN,tr,POz,-0.22168032631250517
dmnelf007,CEN,tr,Fp1,0.4083130618018861
dmnelf007,CEN,tr,Fp2,0.3544429823327014
dmnelf007,CEN,tr,F3,0.31609434651883866
dmnelf007,CEN,tr,F4,0.1492771698453274
dmnelf007,CEN,tr,C3,0.36534384258066743
dmnelf007,CEN,tr,C4,0.2614510502178232
dmnelf007,CEN,tr,P3,0.11346609199693637
dmnelf007,CEN,tr,P4,0.279425253059123
dmnelf007,CEN,tr,O1,0.25565554679448993
dmnelf007,CEN,tr,O2,0.4228589738497463
dmnelf007,CEN,tr,F7,0.09943535392180539
dmnelf007,CEN,tr,F8,0.22580554087770022
dmnelf007,CEN,tr,T7,0.39752565757998837
dmnelf007,CEN,tr,T8,0.22503732436753363
dmnelf007,CEN,tr,P7,0.2078526872898336
dmnelf007,CEN,tr,P8,0.332231259399671
dmnelf007,CEN,tr,Fz,0.11760533388007201
dmnelf007,CEN,tr,Cz,0.24798281646424086
dmnelf007,CEN,tr,Pz,0.35229758194549327
dmnelf007,CEN,tr,Oz,0.3181377933884465
dmnelf007,CEN,tr,FC1,0.2860344711090452
dmnelf007,CEN,tr,FC2,0.14529011163194894
dmnelf007,CEN,tr,CP1,0.10998394926369297
dmnelf007,CEN,tr,CP2,0.46135673011890294
dmnelf007,CEN,tr,FC5,0.18669690247168444
dmnelf007,CEN,tr,FC6,0.23094522145054663
dmnelf007,CEN,tr,CP5,0.13362172896781974
dmnelf007,CEN,tr,CP6,0.4647718757738393
dmnelf007,CEN,tr,TP9,0.23015069796847695
dmnelf007,CEN,tr,TP10,0.11954573145138418
dmnelf007,CEN,tr,POz,0.12813394916861312
dmnelf008,CEN,tr,Fp1,0.32900893225915306
dmnelf008,CEN,tr,Fp2,0.49430703959972494
dmnelf008,CEN,tr,F3,0.4183501219536194
dmnelf008,CEN,tr,F4,0.218990191220421
dmnelf008,CEN,tr,C3,0.0725281012737544
dmnelf008,CEN,tr,C4,0.07409763058938883
dmnelf008,CEN,tr,P3,0.10478254596326475
dmnelf008,CEN,tr,P4,0.20605904122892338
dmnelf008,CEN,tr,O1,0.18365010165442697
dmnelf008,CEN,tr,O2,0.2605367382710603
dmnelf008,CEN,tr,F7,0.4910965402912221
dmnelf008,CEN,tr,F8,0.288759793953893
dmnelf008,CEN,tr,T7,0.4259830252444218
dmnelf008,CEN,tr,T8,0.37548884259400306
dmnelf008,CEN,tr,P7,0.233228841042248
dmnelf008,CEN,tr,P8,0.21026915594970455
dmnelf008,CEN,tr,Fz,0.16656271757320767
dmnelf008,CEN,tr,Cz,0.20143747222019795
dmnelf008,CEN,tr,Pz,0.27147772781206664
dmnelf008,CEN,tr,Oz,0.2235861005953781
dmnelf008,CEN,tr,FC1,0.16176035907701258
dmnelf008,CEN,tr,FC2,0.08044188506874567
dmnelf008,CEN,tr,CP1,0.10234141821928872
dmnelf008,CEN,tr,CP2,0.16556773932168545
dmnelf008,CEN,tr,FC5,0.38152413916308164
dmnelf008,CEN,tr,FC6,0.1883156689267062
dmnelf008,CEN,tr,CP5,0.35055711548260504
dmnelf008,CEN,tr,CP6,0.19857992760543355
dmnelf008,CEN,tr,TP9,0.4087267793826498
dmnelf008,CEN,tr,TP10,0.3911805051086646
dmnelf008,CEN,tr,POz,0.2899345560704834
dmnelf009,CEN,tr,Fp1,0.16669800614869423
dmnelf009,CEN,tr,Fp2,0.24935426584512815
dmnelf009,CEN,tr,F3,0.12816165446443878
dmnelf009,CEN,tr,F4,0.12517712087298896
dmnelf009,CEN,tr,C3,0.1335695015427431
dmnelf009,CEN,tr,C4,0.1247498654799254
dmnelf009,CEN,tr,P3,0.17752125600950408
dmnelf009,CEN,tr,P4,0.2152437418767436
dmnelf009,CEN,tr,O1,0.25995741256346533
dmnelf009,CEN,tr,O2,0.16771232002953654
dmnelf009,CEN,tr,F7,0.20366499807696853
dmnelf009,CEN,tr,F8,0.07513500571755208
dmnelf009,CEN,tr,T7,0.17107826360225056
dmnelf009,CEN,tr,T8,0.15054458675781185
dmnelf009,CEN,tr,P7,0.06815317134441455
dmnelf009,CEN,tr,P8,0.18498604655037718
dmnelf009,CEN,tr,Fz,0.05596030245388244
dmnelf009,CEN,tr,Cz,0.028890008472764357
dmnelf009,CEN,tr,Pz,0.16933630155442964
dmnelf009,CEN,tr,Oz,0.1688959667185266
dmnelf009,CEN,tr,FC1,0.1497849921043968
dmnelf009,CEN,tr,FC2,0.14196438311952306
dmnelf009,CEN,tr,CP1,0.20404633052863186
dmnelf009,CEN,tr,CP2,0.10118163969629228
dmnelf009,CEN,tr,FC5,0.19690471066636267
dmnelf009,CEN,tr,FC6,0.0779477094160975
dmnelf009,CEN,tr,CP5,0.11468085999869065
dmnelf009,CEN,tr,CP6,0.2858046739693921
dmnelf009,CEN,tr,TP9,0.13550845174899145
dmnelf009,CEN,tr,TP10,0.07652580637459455
dmnelf009,CEN,tr,POz,0.15938011103021443
dmnelf010,CEN,tr,Fp1,0.12352833382780405
dmnelf010,CEN,tr,Fp2,-0.06927604092159913
dmnelf010,CEN,tr,F3,0.15351628104156895
dmnelf010,CEN,tr,F4,0.09296023103714197
dmnelf010,CEN,tr,C3,0.2688089741312542
dmnelf010,CEN,tr,C4,0.20259206647752484
dmnelf010,CEN,tr,P3,0.04218730299930471
dmnelf010,CEN,tr,P4,0.08544349987722742
dmnelf010,CEN,tr,O1,0.11814179189788715
dmnelf010,CEN,tr,O2,0.2167553191878558
dmnelf010,CEN,tr,F7,0.12543251361615054
dmnelf010,CEN,tr,F8,0.21835912237781047
dmnelf010,CEN,tr,T7,0.12240444199521788
dmnelf010,CEN,tr,T8,0.2631182957859328
dmnelf010,CEN,tr,P7,0.15401271801177907
dmnelf010,CEN,tr,P8,0.2155395250277304
dmnelf010,CEN,tr,Fz,-0.020190079316982065
dmnelf010,CEN,tr,Cz,0.0894465065147997
dmnelf010,CEN,tr,Pz,-0.02660077549853343
dmnelf010,CEN,tr,Oz,0.16059050449340728
dmnelf010,CEN,tr,FC1,0.20530404679895906
dmnelf010,CEN,tr,FC2,0.029730920241575344
dmnelf010,CEN,tr,CP1,0.12125956877794386
dmnelf010,CEN,tr,CP2,-0.004995344587585349
dmnelf010,CEN,tr,FC5,0.1789781571455724
dmnelf010,CEN,tr,FC6,0.20180328137582668
dmnelf010,CEN,tr,CP5,0.24528558319727847
dmnelf010,CEN,tr,CP6,0.25422960793624944
dmnelf010,CEN,tr,TP9,0.15059163695509237
dmnelf010,CEN,tr,TP10,0.17808869937821814
dmnelf010,CEN,tr,POz,-0.03797091355422245
dmnelf011,CEN,tr,Fp1,-0.08039011284307856
dmnelf011,CEN,tr,Fp2,0.1532186748980064
dmnelf011,CEN,tr,F3,0.03983641778281692
dmnelf011,CEN,tr,F4,0.13761832058265375
dmnelf011,CEN,tr,C3,0.19732072991537383
dmnelf011,CEN,tr,C4,0.3190482747095794
dmnelf011,CEN,tr,P3,0.10781662599713039
dmnelf011,CEN,tr,P4,0.09298377361330122
dmnelf011,CEN,tr,O1,0.15047685663870403
dmnelf011,CEN,tr,O2,0.040464131576356484
dmnelf011,CEN,tr,F7,-0.03554729452423354
dmnelf011,CEN,tr,F8,0.20877550272405776
dmnelf011,CEN,tr,T7,0.13760105972449713
dmnelf011,CEN,tr,T8,0.14415040541588575
dmnelf011,CEN,tr,P7,0.11387465340701813
dmnelf011,CEN,tr,P8,-0.09415308996659034
dmnelf011,CEN,tr,Fz,0.3154579824588579
dmnelf011,CEN,tr,Cz,0.12854741784795493
dmnelf011,CEN,tr,Pz,0.18910292449665303
dmnelf011,CEN,tr,Oz,0.12171844630168673
dmnelf011,CEN,tr,FC1,-0.06809635843398971
dmnelf011,CEN,tr,FC2,0.25417480782359725
dmnelf011,CEN,tr,CP1,0.10059727211037733
dmnelf011,CEN,tr,CP2,0.19938792212602927
dmnelf011,CEN,tr,FC5,0.09124593548872915
dmnelf011,CEN,tr,FC6,0.07583235634309728
dmnelf011,CEN,tr,CP5,0.09940644875070903
dmnelf011,CEN,tr,CP6,0.18668831610383727
dmnelf011,CEN,tr,TP9,0.12799277700452089
dmnelf011,CEN,tr,TP10,-0.02905912926473014
dmnelf011,CEN,tr,POz,0.1192648044167895
dmnelf012,CEN,tr,Fp1,0.25247611608696696
dmnelf012,CEN,tr,Fp2,0.05394539432301312
dmnelf012,CEN,tr,F3,0.14880938471019792
dmnelf012,CEN,tr,F4,0.09029403695202229
dmnelf012,CEN,tr,C3,0.044847515959281804
dmnelf012,CEN,tr,C4,0.30913922792369064
dmnelf012,CEN,tr,P3,0.2999184038707021
dmnelf012,CEN,tr,P4,0.2112749004792432
dmnelf012,CEN,tr,O1,0.3224957032512971
dmnelf012,CEN,tr,O2,0.12188705691267783
dmnelf012,CEN,tr,F7,0.09341400989970315
dmnelf012,CEN,tr,F8,0.1759433540497728
dmnelf012,CEN,tr,T7,0.05166844968508319
dmnelf012,CEN,tr,T8,0.1239651191006403
dmnelf012,CEN,tr,P7,0.09056733770749913
dmnelf012,CEN,tr,P8,0.09771296494981657
dmnelf012,CEN,tr,Fz,0.23238701457957073
dmnelf012,CEN,tr,Cz,0.3641843515501202
dmnelf012,CEN,tr,Pz,0.39781606433317007
dmnelf012,CEN,tr,Oz,0.21404782485400767
dmnelf012,CEN,tr,FC1,0.10005499545136871
dmnelf012,CEN,tr,FC2,0.07385485928025723
dmnelf012,CEN,tr,CP1,0.15865617790106956
dmnelf012,CEN,tr,CP2,0.10997140040107516
dmnelf012,CEN,tr,FC5,0.1027527947937331
dmnelf012,CEN,tr,FC6,0.02426612232685155
dmnelf012,CEN,tr,CP5,0.09041404307576803
dmnelf012,CEN,tr,CP6,0.06501084501796406
dmnelf012,CEN,tr,TP9,0.09024036645262001
dmnelf012,CEN,tr,TP10,0.17074437709372448
dmnelf012,CEN,tr,POz,0.4881837431046928
dmnelf013,CEN,tr,Fp1,0.3314452481955915
dmnelf013,CEN,tr,Fp2,0.18441594849820098
dmnelf013,CEN,tr,F3,0.18521108864233998
dmnelf013,CEN,tr,F4,0.26104219616021856
dmnelf013,CEN,tr,C3,0.305947717713499
dmnelf013,CEN,tr,C4,0.15796583435467243
dmnelf013,CEN,tr,P3,0.17082297208172062
dmnelf013,CEN,tr,P4,0.19695599792714785
dmnelf013,CEN,tr,O1,0.34093101140033627
dmnelf013,CEN,tr,O2,0.3451257550369984
dmnelf013,CEN,tr,F7,0.19672939170685153
dmnelf013,CEN,tr,F8,0.17955808027763703
dmnelf013,CEN,tr,T7,0.21016652809406927
dmnelf013,CEN,tr,T8,0.2011488492886697
dmnelf013,CEN,tr,P7,0.2724975935445573
dmnelf013,CEN,tr,P8,0.26404368039726706
dmnelf013,CEN,tr,Fz,0.3010509165508914
dmnelf013,CEN,tr,Cz,0.34756160512374007
dmnelf013,CEN,tr,Pz,0.22089117997037042
dmnelf013,CEN,tr,Oz,0.359567083671606
dmnelf013,CEN,tr,FC1,0.3226810507632571
dmnelf013,CEN,tr,FC2,0.40486973832234285
dmnelf013,CEN,tr,CP1,0.17688345338752556
dmnelf013,CEN,tr,CP2,0.3261350106874903
dmnelf013,CEN,tr,FC5,0.08435718843960832
dmnelf013,CEN,tr,FC6,0.14755513013266663
dmnelf013,CEN,tr,CP5,0.2941833214601452
dmnelf013,CEN,tr,CP6,0.22725437437980237
dmnelf013,CEN,tr,TP9,0.2903506404325774
dmnelf013,CEN,tr,TP10,0.24325340657543854
dmnelf013,CEN,tr,POz,0.2788842153085507
dmnelf014,CEN,tr,Fp1,-0.1448126404587906
dmnelf014,CEN,tr,Fp2,0.05081759701443031
dmnelf014,CEN,tr,F3,-0.11062315589302117
dmnelf014,CEN,tr,F4,-0.15866565593442208
dmnelf014,CEN,tr,C3,-0.1619496708983792
dmnelf014,CEN,tr,C4,-0.1630022331754215
dmnelf014,CEN,tr,P3,-0.035135284567701874
dmnelf014,CEN,tr,P4,-0.1323489074810835
dmnelf014,CEN,tr,O1,-0.07306748288700146
dmnelf014,CEN,tr,O2,-0.050281156945039054
dmnelf014,CEN,tr,F7,-0.035801358430116115
dmnelf014,CEN,tr,F8,-0.16445563251970924
dmnelf014,CEN,tr,T7,-0.06357363965513209
dmnelf014,CEN,tr,T8,0.024630827200701543
dmnelf014,CEN,tr,P7,-0.03240617824441735
dmnelf014,CEN,tr,P8,-0.08890282055297274
dmnelf014,CEN,tr,Fz,-0.12331533170316777
dmnelf014,CEN,tr,Cz,0.05708588040617832
dmnelf014,CEN,tr,Pz,-0.21847628424430518
dmnelf014,CEN,tr,Oz,-0.11656083048876434
dmnelf014,CEN,tr,FC1,-0.18933656657998452
dmnelf014,CEN,tr,FC2,-0.024313828374292634
dmnelf014,CEN,tr,CP1,-0.1274660148440113
dmnelf014,CEN,tr,CP2,-0.09066639170224229
dmnelf014,CEN,tr,FC5,-0.15243390116851852
dmnelf014,CEN,tr,FC6,-0.11404823224968832
dmnelf014,CEN,tr,CP5,-0.14183430669196517
dmnelf014,CEN,tr,CP6,-0.0022499524466820407
dmnelf014,CEN,tr,TP9,-0.04898848889476749
dmnelf014,CEN,tr,TP10,-0.05912306603714255
dmnelf014,CEN,tr,POz,-0.17575431589018806
dmnelf015,CEN,tr,Fp1,0.32203382647016654
dmnelf015,CEN,tr,Fp2,0.4091470638641641
dmnelf015,CEN,tr,F3,0.3737902156994777
dmnelf015,CEN,tr,F4,0.3672361260056952
dmnelf015,CEN,tr,C3,0.38512981341112423
dmnelf015,CEN,tr,C4,-0.051392308742033585
dmnelf015,CEN,tr,P3,0.3507642520795967
dmnelf015,CEN,tr,P4,0.40931580274092705
dmnelf015,CEN,tr,O1,0.4498102260907867
dmnelf015,CEN,tr,O2,0.5338742925746565
dmnelf015,CEN,tr,F7,0.48124283543750346
dmnelf015,CEN,tr,F8,0.3828181276793028
dmnelf015,CEN,tr,T7,0.4007503692821333
dmnelf015,CEN,tr,T8,0.34232010726415374
dmnelf015,CEN,tr,P7,0.4757482197147257
dmnelf015,CEN,tr,P8,0.5081578216315675
dmnelf015,CEN,tr,Fz,0.4381304023495591
dmnelf015,CEN,tr,Cz,0.5040310125136487
dmnelf015,CEN,tr,Pz,0.4131144930399856
dmnelf015,CEN,tr,Oz,0.4680227594388419
dmnelf015,CEN,tr,FC1,0.39502558036882984
dmnelf015,CEN,tr,FC2,0.46800793550862596
dmnelf015,CEN,tr,CP1,0.44723863996736324
dmnelf015,CEN,tr,CP2,0.48954126593038805
dmnelf015,CEN,tr,FC5,0.4642973656721627
dmnelf015,CEN,tr,FC6,0.3101691233405087
dmnelf015,CEN,tr,CP5,0.3063403799636855
dmnelf015,CEN,tr,CP6,0.3747174427584968
dmnelf015,CEN,tr,TP9,0.4603504512868625
dmnelf015,CEN,tr,TP10,0.3633308767185773
dmnelf015,CEN,tr,POz,0.3945632277132314
dmnelf016,CEN,tr,Fp1,0.1303996680025885
dmnelf016,CEN,tr,Fp2,0.13677513138457936
dmnelf016,CEN,tr,F3,0.1073471277851341
dmnelf016,CEN,tr,F4,0.19515238699168494
dmnelf016,CEN,tr,C3,-0.05094635646019681
dmnelf016,CEN,tr,C4,0.14605352919526557
dmnelf016,CEN,tr,P3,-0.1694510134206576
dmnelf016,CEN,tr,P4,-0.07271098640624718
dmnelf016,CEN,tr,O1,0.07111665852861349
dmnelf016,CEN,tr,O2,-0.011011442767220365
dmnelf016,CEN,tr,F7,0.09191434164434026
dmnelf016,CEN,tr,F8,0.3198014391851805
dmnelf016,CEN,tr,T7,0.14653143074889188
dmnelf016,CEN,tr,T8,0.12173753327295053
dmnelf016,CEN,tr,P7,0.30633172005545983
dmnelf016,CEN,tr,P8,-0.008867831609561175
dmnelf016,CEN,tr,Fz,0.1781672011845429
dmnelf016,CEN,tr,Cz,-0.06308226158321226
dmnelf016,CEN,tr,Pz,0.13911473936818664
dmnelf016,CEN,tr,Oz,0.25667641856514256
dmnelf016,CEN,tr,FC1,-0.1806508655476768
dmnelf016,CEN,tr,FC2,-0.14755266581579532
dmnelf016,CEN,tr,CP1,-0.10041801584543539
dmnelf016,CEN,tr,CP2,0.08827990247840999
dmnelf016,CEN,tr,FC5,0.0019114898104886507
dmnelf016,CEN,tr,FC6,-0.14388407368989495
dmnelf016,CEN,tr,CP5,0.06681223853989784
dmnelf016,CEN,tr,CP6,-0.035056918429493954
dmnelf016,CEN,tr,TP9,0.037149042507393384
dmnelf016,CEN,tr,TP10,-0.16926234050060227
dmnelf016,CEN,tr,POz,0.036230510822829694
dmnelf1001,CEN,tr,Fp1,-0.0013101412148418372
dmnelf1001,CEN,tr,Fp2,-0.09016626397246712
dmnelf1001,CEN,tr,F3,0.06595469241401891
dmnelf1001,CEN,tr,F4,-0.04291221237277982
dmnelf1001,CEN,tr,C3,0.00425987772267371
dmnelf1001,CEN,tr,C4,0.08142082373942688
dmnelf1001,CEN,tr,P3,-0.041563286740586736
dmnelf1001,CEN,tr,P4,-0.011663043398215188
dmnelf1001,CEN,tr,O1,0.16873882984713187
dmnelf1001,CEN,tr,O2,0.3145373784951307
dmnelf1001,CEN,tr,F7,-0.08335213833681451
dmnelf1001,CEN,tr,F8,-0.005410279055491957
dmnelf1001,CEN,tr,T7,0.142061382629417
dmnelf1001,CEN,tr,T8,-0.05517811418002123
dmnelf1001,CEN,tr,P7,-0.09582383040755851
dmnelf1001,CEN,tr,P8,0.10105501995283987
dmnelf1001,CEN,tr,Fz,0.059472061295070634
dmnelf1001,CEN,tr,Cz,0.02039517806999209
dmnelf1001,CEN,tr,Pz,0.18440746347075282
dmnelf1001,CEN,tr,Oz,0.24061063970912244
dmnelf1001,CEN,tr,FC1,-0.03791567794670086
dmnelf1001,CEN,tr,FC2,0.12294552114171325
dmnelf1001,CEN,tr,CP1,0.009248852144717913
dmnelf1001,CEN,tr,CP2,0.03961592866586379
dmnelf1001,CEN,tr,FC5,0.040443262895837113
dmnelf1001,CEN,tr,FC6,0.045066017531215335
dmnelf1001,CEN,tr,CP5,-0.07044321970190674
dmnelf1001,CEN,tr,CP6,-0.026620965245322866
dmnelf1001,CEN,tr,TP9,0.20047132445123833
dmnelf1001,CEN,tr,TP10,0.12435872094409894
dmnelf1001,CEN,tr,POz,0.23865482616654046
dmnelf1002,CEN,tr,Fp1,0.10990404092822718
dmnelf1002,CEN,tr,Fp2,0.2666844536212458
dmnelf1002,CEN,tr,F3,0.052285162419280655
dmnelf1002,CEN,tr,F4,0.23669879406037517
dmnelf1002,CEN,tr,C3,0.1812996406129162
dmnelf1002,CEN,tr,C4,0.2532424863809571
dmnelf1002,CEN,tr,P3,0.21395911070248605
dmnelf1002,CEN,tr,P4,0.12967528273771323
dmnelf1002,CEN,tr,O1,0.10672708018860967
dmnelf1002,CEN,tr,O2,0.019721445262205175
dmnelf1002,CEN,tr,F7,0.21260641016439183
dmnelf1002,CEN,tr,F8,0.3698423518036168
dmnelf1002,CEN,tr,T7,0.2096276872351514
dmnelf1002,CEN,tr,T8,0.24443528082598254
dmnelf1002,CEN,tr,P7,0.3179843434863371
dmnelf1002,CEN,tr,P8,0.16822066490252766
dmnelf1002,CEN,tr,Fz,0.0628391216393216
dmnelf1002,CEN,tr,Cz,0.12423520936197556
dmnelf1002,CEN,tr,Pz,0.11398060152745684
dmnelf1002,CEN,tr,Oz,0.010183717992328409
dmnelf1002,CEN,tr,FC1,0.08132867091542034
dmnelf1002,CEN,tr,FC2,0.15981490712252572
dmnelf1002,CEN,tr,CP1,0.1948681074258643
dmnelf1002,CEN,tr,CP2,0.010424524197940082
dmnelf1002,CEN,tr,FC5,0.2850065852430621
dmnelf1002,CEN,tr,FC6,0.26344568786239564
dmnelf1002,CEN,tr,CP5,0.2751165300803212
dmnelf1002,CEN,tr,CP6,0.1442815083326237
dmnelf1002,CEN,tr,TP9,0.2132249022548303
dmnelf1002,CEN,tr,TP10,0.0891292742881
dmnelf1002,CEN,tr,POz,0.11260975943115893
dmnelf1003,CEN,tr,Fp1,-0.21344960204129163
dmnelf1003,CEN,tr,Fp2,-0.2440145448540582
dmnelf1003,CEN,tr,F3,-0.30942509674767205
dmnelf1003,CEN,tr,F4,-0.18453103546801197
dmnelf1003,CEN,tr,C3,-0.21688304272024206
dmnelf1003,CEN,tr,C4,0.00553117548526095
dmnelf1003,CEN,tr,P3,-0.17588173052932507
dmnelf1003,CEN,tr,P4,-0.27780757116854615
dmnelf1003,CEN,tr,O1,-0.11567981257964452
dmnelf1003,CEN,tr,O2,-0.1421686192379556
dmnelf1003,CEN,tr,F7,-0.29379540065163734
dmnelf1003,CEN,tr,F8,-0.3214928282779985
dmnelf1003,CEN,tr,T7,-0.28604392184746896
dmnelf1003,CEN,tr,T8,-0.20294023864735328
dmnelf1003,CEN,tr,P7,-0.1389575052612804
dmnelf1003,CEN,tr,P8,0.07582208692490358
dmnelf1003,CEN,tr,Fz,-0.045271899049656596
dmnelf1003,CEN,tr,Cz,0.2643661191927891
dmnelf1003,CEN,tr,Pz,-0.19098390918960376
dmnelf1003,CEN,tr,Oz,-0.16909205776255748
dmnelf1003,CEN,tr,FC1,-0.3658604806559437
dmnelf1003,CEN,tr,FC2,-0.18614502189225113
dmnelf1003,CEN,tr,CP1,-0.24183719967299544
dmnelf1003,CEN,tr,CP2,-0.006340220518549832
dmnelf1003,CEN,tr,FC5,-0.2786110160437266
dmnelf1003,CEN,tr,FC6,-0.3656129974851432
dmnelf1003,CEN,tr,CP5,-0.11032533806061712
dmnelf1003,CEN,tr,CP6,-0.0327936305274234
dmnelf1003,CEN,tr,TP9,-0.32633121079033833
dmnelf1003,CEN,tr,TP10,-0.15917258847206067
dmnelf1003,CEN,tr,POz,-0.2156411020232218
dmnelf001,PDA,tr,Fp1,-0.021120431137993077
dmnelf001,PDA,tr,Fp2,0.011294384935047717
dmnelf001,PDA,tr,F3,-0.11181783044407814
dmnelf001,PDA,tr,F4,-0.0012285782912225367
dmnelf001,PDA,tr,C3,-0.11770913766789723
dmnelf001,PDA,tr,C4,-0.0698348210215278
dmnelf001,PDA,tr,P3,-0.12121126717630976
dmnelf001,PDA,tr,P4,-0.04750002075612927
dmnelf001,PDA,tr,O1,0.09098811959775607
dmnelf001,PDA,tr,O2,-0.03874638939050374
dmnelf001,PDA,tr,F7,-0.10684713191782227
dmnelf001,PDA,tr,F8,-0.010245153319033173
dmnelf001,PDA,tr,T7,0.01988327758353305
dmnelf001,PDA,tr,T8,-0.1914731431625697
dmnelf001,PDA,tr,P7,0.0955028882021609
dmnelf001,PDA,tr,P8,-0.1569323002361519
dmnelf001,PDA,tr,Fz,0.0053640640062408845
dmnelf001,PDA,tr,Cz,0.12302557836075542
dmnelf001,PDA,tr,Pz,0.13027918782533668
dmnelf001,PDA,tr,Oz,0.055692535924181524
dmnelf001,PDA,tr,FC1,-0.06069603647787065
dmnelf001,PDA,tr,FC2,0.10989803629958611
dmnelf001,PDA,tr,CP1,-0.0565352275435581
dmnelf001,PDA,tr,CP2,0.1436212681939099
dmnelf001,PDA,tr,FC5,-0.14554713721800205
dmnelf001,PDA,tr,FC6,-0.15609198482078288
dmnelf001,PDA,tr,CP5,-0.041899775610360894
dmnelf001,PDA,tr,CP6,-0.27014548309797864
dmnelf001,PDA,tr,TP9,0.057681034132623064
dmnelf001,PDA,tr,TP10,0.01870611949281252
dmnelf001,PDA,tr,POz,0.0791800350020983
dmnelf002,PDA,tr,Fp1,0.0825945320730294
dmnelf002,PDA,tr,Fp2,0.11250288641397707
dmnelf002,PDA,tr,F3,0.09332321313423912
dmnelf002,PDA,tr,F4,0.20818997750931215
dmnelf002,PDA,tr,C3,0.2248676245744773
dmnelf002,PDA,tr,C4,0.19033051792256722
dmnelf002,PDA,tr,P3,0.14306925266287454
dmnelf002,PDA,tr,P4,0.2042055201781606
dmnelf002,PDA,tr,O1,0.10529401475398384
dmnelf002,PDA,tr,O2,0.16307430844949097
dmnelf002,PDA,tr,F7,0.32140790762473553
dmnelf002,PDA,tr,F8,0.12749807960906243
dmnelf002,PDA,tr,T7,0.2273707246715309
dmnelf002,PDA,tr,T8,0.029689922035136453
dmnelf002,PDA,tr,P7,0.12643928461722723
dmnelf002,PDA,tr,P8,0.1981411557031283
dmnelf002,PDA,tr,Fz,0.13207751075675206
dmnelf002,PDA,tr,Cz,0.12023888597880718
dmnelf002,PDA,tr,Pz,0.3317678577594486
dmnelf002,PDA,tr,Oz,0.2647530041218084
dmnelf002,PDA,tr,FC1,-0.07383829559811289
dmnelf002,PDA,tr,FC2,0.21671718086127867
dmnelf002,PDA,tr,CP1,0.40081438073787395
dmnelf002,PDA,tr,CP2,0.22879046997713945
dmnelf002,PDA,tr,FC5,0.3639306955650534
dmnelf002,PDA,tr,FC6,0.24161316504759234
dmnelf002,PDA,tr,CP5,0.2231830677971263
dmnelf002,PDA,tr,CP6,0.28188619545380195
dmnelf002,PDA,tr,TP9,0.06982320125018689
dmnelf002,PDA,tr,TP10,0.22442037091582961
dmnelf002,PDA,tr,POz,0.14871932232634022
dmnelf003,PDA,tr,Fp1,0.21114070405823843
dmnelf003,PDA,tr,Fp2,0.24437002004405217
dmnelf003,PDA,tr,F3,0.2002361210013473
dmnelf003,PDA,tr,F4,0.2292745747968553
dmnelf003,PDA,tr,C3,0.2432546162706166
dmnelf003,PDA,tr,C4,0.26902655861758845
dmnelf003,PDA,tr,P3,0.2721957352950947
dmnelf003,PDA,tr,P4,0.23526853775141016
dmnelf003,PDA,tr,O1,0.22058985177659127
dmnelf003,PDA,tr,O2,0.2450706070214969
dmnelf003,PDA,tr,F7,0.16852863547088567
dmnelf003,PDA,tr,F8,0.23821372304189273
dmnelf003,PDA,tr,T7,0.23288850198075883
dmnelf003,PDA,tr,T8,0.25989589948658137
dmnelf003,PDA,tr,P7,0.2683028856102201
dmnelf003,PDA,tr,P8,0.21414657069144083
dmnelf003,PDA,tr,Fz,0.21933816191609848
dmnelf003,PDA,tr,Cz,0.2681831249184176
dmnelf003,PDA,tr,Pz,0.2449228342363495
dmnelf003,PDA,tr,Oz,0.23772918145422428
dmnelf003,PDA,tr,FC1,0.24739138035371522
dmnelf003,PDA,tr,FC2,0.275836457787111
dmnelf003,PDA,tr,CP1,0.28880200260338673
dmnelf003,PDA,tr,CP2,0.27918237437634164
dmnelf003,PDA,tr,FC5,0.19730551195987125
dmnelf003,PDA,tr,FC6,0.27614600819550406
dmnelf003,PDA,tr,CP5,0.23868749499804126
dmnelf003,PDA,tr,CP6,0.2592065746031363
dmnelf003,PDA,tr,TP9,0.22654927073901587
dmnelf003,PDA,tr,TP10,0.20729403439191638
dmnelf003,PDA,tr,POz,0.3078142377284811
dmnelf004,PDA,tr,Fp1,0.08673505358514327
dmnelf004,PDA,tr,Fp2,0.1230292991114217
dmnelf004,PDA,tr,F3,0.05001800705624926
dmnelf004,PDA,tr,F4,0.10083061239161728
dmnelf004,PDA,tr,C3,0.0771736209579047
dmnelf004,PDA,tr,C4,0.31551896742547136
dmnelf004,PDA,tr,P3,0.15473836320303982
dmnelf004,PDA,tr,P4,0.236860812430108
dmnelf004,PDA,tr,O1,0.27039660304989377
dmnelf004,PDA,tr,O2,0.17591162266721377
dmnelf004,PDA,tr,F7,0.020768436558764813
dmnelf004,PDA,tr,F8,0.036769465092548026
dmnelf004,PDA,tr,T7,-0.03282226801430679
dmnelf004,PDA,tr,T8,0.08490722299424484
dmnelf004,PDA,tr,P7,0.15057640060663058
dmnelf004,PDA,tr,P8,0.14934787270658226
dmnelf004,PDA,tr,Fz,0.310944257075551
dmnelf004,PDA,tr,Cz,0.4519915840518237
dmnelf004,PDA,tr,Pz,0.24532116833881065
dmnelf004,PDA,tr,Oz,0.38545340804538064
dmnelf004,PDA,tr,FC1,0.33621046800392484
dmnelf004,PDA,tr,FC2,0.3182783655701896
dmnelf004,PDA,tr,CP1,0.2563496257548242
dmnelf004,PDA,tr,CP2,0.1599618613764677
dmnelf004,PDA,tr,FC5,0.09992247831875442
dmnelf004,PDA,tr,FC6,0.12394461415702059
dmnelf004,PDA,tr,CP5,0.26387190218109297
dmnelf004,PDA,tr,CP6,0.0608217500862178
dmnelf004,PDA,tr,TP9,0.039403505088801714
dmnelf004,PDA,tr,TP10,0.1547689166438682
dmnelf004,PDA,tr,POz,0.1786955585170369
dmnelf005,PDA,tr,Fp1,0.15912229601830108
dmnelf005,PDA,tr,Fp2,0.27792126529656247
dmnelf005,PDA,tr,F3,0.38622569351386205
dmnelf005,PDA,tr,F4,0.393208545117656
dmnelf005,PDA,tr,C3,0.29328493457507676
dmnelf005,PDA,tr,C4,0.2402403480528278
dmnelf005,PDA,tr,P3,0.26104154723898304
dmnelf005,PDA,tr,P4,0.42010038227722313
dmnelf005,PDA,tr,O1,0.2341695884747436
dmnelf005,PDA,tr,O2,0.15638014251892507
dmnelf005,PDA,tr,F7,0.27291678135926345
dmnelf005,PDA,tr,F8,0.24373161251874487
dmnelf005,PDA,tr,T7,0.32832375394075825
dmnelf005,PDA,tr,T8,0.32871246114639907
dmnelf005,PDA,tr,P7,0.2145512985628
dmnelf005,PDA,tr,P8,0.40127026913967145
dmnelf005,PDA,tr,Fz,0.43697074720004103
dmnelf005,PDA,tr,Cz,0.23810653542787125
dmnelf005,PDA,tr,Pz,0.28593095517425493
dmnelf005,PDA,tr,Oz,0.20367230494441618
dmnelf005,PDA,tr,FC1,0.3877913841117124
dmnelf005,PDA,tr,FC2,0.3174199296421079
dmnelf005,PDA,tr,CP1,0.2531246850436171
dmnelf005,PDA,tr,CP2,0.21761355088911724
dmnelf005,PDA,tr,FC5,0.2805191262934539
dmnelf005,PDA,tr,FC6,0.19567746720170553
dmnelf005,PDA,tr,CP5,0.3346410823998733
dmnelf005,PDA,tr,CP6,0.4479828181335775
dmnelf005,PDA,tr,TP9,0.07926781633088063
dmnelf005,PDA,tr,TP10,0.2597781718719193
dmnelf005,PDA,tr,POz,0.41272147248708213
dmnelf006,PDA,tr,Fp1,0.20569344430735417
dmnelf006,PDA,tr,Fp2,0.3076190238780637
dmnelf006,PDA,tr,F3,0.0375994787690018
dmnelf006,PDA,tr,F4,0.13714189329638185
dmnelf006,PDA,tr,C3,-0.011175357065839147
dmnelf006,PDA,tr,C4,0.024890536733293132
dmnelf006,PDA,tr,P3,0.3035414145408876
dmnelf006,PDA,tr,P4,0.2564200625560013
dmnelf006,PDA,tr,O1,0.3435292651803634
dmnelf006,PDA,tr,O2,0.3014683317575989
dmnelf006,PDA,tr,F7,0.06465777035187993
dmnelf006,PDA,tr,F8,0.015516200155914551
dmnelf006,PDA,tr,T7,0.035586878565594046
dmnelf006,PDA,tr,T8,0.11078911264361663
dmnelf006,PDA,tr,P7,0.23501091655554596
dmnelf006,PDA,tr,P8,0.12322837401007418
dmnelf006,PDA,tr,Fz,0.13740749301733998
dmnelf006,PDA,tr,Cz,0.08390919788285901
dmnelf006,PDA,tr,Pz,0.2512755098410223
dmnelf006,PDA,tr,Oz,0.34356894274125555
dmnelf006,PDA,tr,FC1,0.06880525611477194
dmnelf006,PDA,tr,FC2,0.15104499223334802
dmnelf006,PDA,tr,CP1,0.2093414930432345
dmnelf006,PDA,tr,CP2,0.031479691255360126
dmnelf006,PDA,tr,FC5,-0.018152824995100098
dmnelf006,PDA,tr,FC6,0.1336642673376008
dmnelf006,PDA,tr,CP5,0.18373914317899023
dmnelf006,PDA,tr,CP6,0.019220977757485578
dmnelf006,PDA,tr,TP9,0.03355586171303614
dmnelf006,PDA,tr,TP10,0.0716315674447451
dmnelf006,PDA,tr,POz,0.10816229279937682
dmnelf007,PDA,tr,Fp1,0.09557714373313482
dmnelf007,PDA,tr,Fp2,0.06538361624314697
dmnelf007,PDA,tr,F3,-0.17429392739873764
dmnelf007,PDA,tr,F4,-0.05727520511412326
dmnelf007,PDA,tr,C3,0.24814087172726737
dmnelf007,PDA,tr,C4,-0.03481548763093716
dmnelf007,PDA,tr,P3,0.03730330959662915
dmnelf007,PDA,tr,P4,0.11234847203405218
dmnelf007,PDA,tr,O1,0.3508331961406834
dmnelf007,PDA,tr,O2,0.048544769817675346
dmnelf007,PDA,tr,F7,-0.018074258964107345
dmnelf007,PDA,tr,F8,0.18528751777150732
dmnelf007,PDA,tr,T7,-0.06704692552256027
dmnelf007,PDA,tr,T8,-0.10436922087631934
dmnelf007,PDA,tr,P7,0.3347264079955111
dmnelf007,PDA,tr,P8,-0.0847323940503383
dmnelf007,PDA,tr,Fz,0.1950931428807144
dmnelf007,PDA,tr,Cz,0.25303790717074065
dmnelf007,PDA,tr,Pz,0.1932354117622279
dmnelf007,PDA,tr,Oz,0.09395880628986471
dmnelf007,PDA,tr,FC1,-0.0627317287242495
dmnelf007,PDA,tr,FC2,0.12046259137026308
dmnelf007,PDA,tr,CP1,0.3264163824757715
dmnelf007,PDA,tr,CP2,0.09753984201762714
dmnelf007,PDA,tr,FC5,-0.1652524147985763
dmnelf007,PDA,tr,FC6,-0.050874356093005745
dmnelf007,PDA,tr,CP5,-0.06624437401772314
dmnelf007,PDA,tr,CP6,-0.030808882278177553
dmnelf007,PDA,tr,TP9,0.17153775337419017
dmnelf007,PDA,tr,TP10,-0.018854779459960842
dmnelf007,PDA,tr,POz,0.1745335177918166
dmnelf008,PDA,tr,Fp1,0.15803019984627506
dmnelf008,PDA,tr,Fp2,0.3293595002235288
dmnelf008,PDA,tr,F3,0.39916445274028073
dmnelf008,PDA,tr,F4,0.22285455837565782
dmnelf008,PDA,tr,C3,0.00678247280851309
dmnelf008,PDA,tr,C4,0.01644196980650879
dmnelf008,PDA,tr,P3,0.09796023739688947
dmnelf008,PDA,tr,P4,0.16033541140850976
dmnelf008,PDA,tr,O1,0.1731820158038205
dmnelf008,PDA,tr,O2,0.18161334646490856
dmnelf008,PDA,tr,F7,0.39692204186750163
dmnelf008,PDA,tr,F8,0.1936953551386112
dmnelf008,PDA,tr,T7,0.24694109186815896
dmnelf008,PDA,tr,T8,0.2931069531666818
dmnelf008,PDA,tr,P7,0.12956535625107762
dmnelf008,PDA,tr,P8,0.09610043331213332
dmnelf008,PDA,tr,Fz,0.13829840037817273
dmnelf008,PDA,tr,Cz,0.12847075417861564
dmnelf008,PDA,tr,Pz,0.18360094724674353
dmnelf008,PDA,tr,Oz,0.14966253655536252
dmnelf008,PDA,tr,FC1,0.1540211527578612
dmnelf008,PDA,tr,FC2,0.06685873622650569
dmnelf008,PDA,tr,CP1,0.12984746895704954
dmnelf008,PDA,tr,CP2,0.17913811978043964
dmnelf008,PDA,tr,FC5,0.3258282072241043
dmnelf008,PDA,tr,FC6,0.0665577833464458
dmnelf008,PDA,tr,CP5,0.24796421507438954
dmnelf008,PDA,tr,CP6,0.1750716853449643
dmnelf008,PDA,tr,TP9,0.3744855434367344
dmnelf008,PDA,tr,TP10,0.14637712910058184
dmnelf008,PDA,tr,POz,0.17834114916767999
dmnelf009,PDA,tr,Fp1,-0.0275276295555505
dmnelf009,PDA,tr,Fp2,-0.207363234105588
dmnelf009,PDA,tr,F3,0.052129128705908814
dmnelf009,PDA,tr,F4,-0.16516297469489055
dmnelf009,PDA,tr,C3,0.015968842132340948
dmnelf009,PDA,tr,C4,0.02582122163363657
dmnelf009,PDA,tr,P3,0.1181945756752965
dmnelf009,PDA,tr,P4,0.3168365348930965
dmnelf009,PDA,tr,O1,-0.04046719556260756
dmnelf009,PDA,tr,O2,0.2829355184237097
dmnelf009,PDA,tr,F7,-0.057321680355815675
dmnelf009,PDA,tr,F8,-0.0023675653733606634
dmnelf009,PDA,tr,T7,-0.007878825811244225
dmnelf009,PDA,tr,T8,0.11291735165031491
dmnelf009,PDA,tr,P7,0.07001593631697584
dmnelf009,PDA,tr,P8,0.11092253083877471
dmnelf009,PDA,tr,Fz,-0.030809395974563985
dmnelf009,PDA,tr,Cz,0.24891404599645348
dmnelf009,PDA,tr,Pz,0.38454056314184465
dmnelf009,PDA,tr,Oz,0.10643419505550564
dmnelf009,PDA,tr,FC1,0.11215220161404711
dmnelf009,PDA,tr,FC2,-0.11351377277817852
dmnelf009,PDA,tr,CP1,0.3010597510450976
dmnelf009,PDA,tr,CP2,0.29058007187228885
dmnelf009,PDA,tr,FC5,0.2557881576776098
dmnelf009,PDA,tr,FC6,0.031716118222017226
dmnelf009,PDA,tr,CP5,0.13032760554283773
dmnelf009,PDA,tr,CP6,0.363490244930132
dmnelf009,PDA,tr,TP9,0.11767730143504576
dmnelf009,PDA,tr,TP10,-0.02925858018931059
dmnelf009,PDA,tr,POz,0.18042698627237902
dmnelf010,PDA,tr,Fp1,0.2528194321936892
dmnelf010,PDA,tr,Fp2,0.15349271842101772
dmnelf010,PDA,tr,F3,0.11326915122450341
dmnelf010,PDA,tr,F4,0.17394015811175434
dmnelf010,PDA,tr,C3,0.1384480483196381
dmnelf010,PDA,tr,C4,0.10728923803838115
dmnelf010,PDA,tr,P3,0.1332880146531875
dmnelf010,PDA,tr,P4,0.1574698430750041
dmnelf010,PDA,tr,O1,0.12348405653434122
dmnelf010,PDA,tr,O2,0.1025107984901125
dmnelf010,PDA,tr,F7,0.16256179045119235
dmnelf010,PDA,tr,F8,0.14710532415679087
dmnelf010,PDA,tr,T7,0.060213645147884624
dmnelf010,PDA,tr,T8,0.06630890012387797
dmnelf010,PDA,tr,P7,0.17122790904626395
dmnelf010,PDA,tr,P8,0.22291748722103313
dmnelf010,PDA,tr,Fz,0.2194387910401888
dmnelf010,PDA,tr,Cz,0.10703314661083185
dmnelf010,PDA,tr,Pz,0.17285208316840553
dmnelf010,PDA,tr,Oz,0.12062117356170157
dmnelf010,PDA,tr,FC1,0.30875132771992864
dmnelf010,PDA,tr,FC2,0.17400058282631817
dmnelf010,PDA,tr,CP1,0.296670966750434
dmnelf010,PDA,tr,CP2,-0.002777981334338776
dmnelf010,PDA,tr,FC5,0.22097963358385053
dmnelf010,PDA,tr,FC6,0.11584923638969838
dmnelf010,PDA,tr,CP5,0.20091527376913643
dmnelf010,PDA,tr,CP6,0.11144633516568128
dmnelf010,PDA,tr,TP9,0.15865099392225887
dmnelf010,PDA,tr,TP10,0.049202590950802705
dmnelf010,PDA,tr,POz,0.15623921655084894
dmnelf011,PDA,tr,Fp1,-0.05029973682257416
dmnelf011,PDA,tr,Fp2,-0.069355301563515
dmnelf011,PDA,tr,F3,-0.0883966400737776
dmnelf011,PDA,tr,F4,-0.13059681124843303
dmnelf011,PDA,tr,C3,-0.045343892663340234
dmnelf011,PDA,tr,C4,-0.07663484744497755
dmnelf011,PDA,tr,P3,-0.05674933311563597
dmnelf011,PDA,tr,P4,-0.16917674545746
dmnelf011,PDA,tr,O1,-0.03153429065169994
dmnelf011,PDA,tr,O2,-0.07930269033144875
dmnelf011,PDA,tr,F7,-0.054387415246346556
dmnelf011,PDA,tr,F8,0.016260174017350845
dmnelf011,PDA,tr,T7,-0.010871958497938292
dmnelf011,PDA,tr,T8,-0.168061679291403
dmnelf011,PDA,tr,P7,-0.06126793282359798
dmnelf011,PDA,tr,P8,-0.16944976449274418
dmnelf011,PDA,tr,Fz,-0.02802124597753019
dmnelf011,PDA,tr,Cz,-0.0730676078114774
dmnelf011,PDA,tr,Pz,0.13108636787898187
dmnelf011,PDA,tr,Oz,-0.06300722958816088
dmnelf011,PDA,tr,FC1,-0.12662102270761907
dmnelf011,PDA,tr,FC2,-0.04266575921838938
dmnelf011,PDA,tr,CP1,-0.1121593208800568
dmnelf011,PDA,tr,CP2,0.036764032780902144
dmnelf011,PDA,tr,FC5,-0.15698698715898188
dmnelf011,PDA,tr,FC6,-0.1263382151576748
dmnelf011,PDA,tr,CP5,-0.1550051592350425
dmnelf011,PDA,tr,CP6,-0.15032157276663136
dmnelf011,PDA,tr,TP9,-0.02168294453113268
dmnelf011,PDA,tr,TP10,-0.1387862692588421
dmnelf011,PDA,tr,POz,0.02153710323497887
dmnelf012,PDA,tr,Fp1,0.3321517775954925
dmnelf012,PDA,tr,Fp2,0.046598551669888605
dmnelf012,PDA,tr,F3,0.1691678732195547
dmnelf012,PDA,tr,F4,-0.0630669716578131
dmnelf012,PDA,tr,C3,0.11512328672127857
dmnelf012,PDA,tr,C4,0.16709156341148407
dmnelf012,PDA,tr,P3,0.22273168457237225
dmnelf012,PDA,tr,P4,0.299986083548816
dmnelf012,PDA,tr,O1,0.2581955824548527
dmnelf012,PDA,tr,O2,0.20524449785548438
dmnelf012,PDA,tr,F7,0.2712779909657919
dmnelf012,PDA,tr,F8,0.11844481193898872
dmnelf012,PDA,tr,T7,0.004893051828266792
dmnelf012,PDA,tr,T8,0.11423320657360732
dmnelf012,PDA,tr,P7,0.08641364807440784
dmnelf012,PDA,tr,P8,0.18013757382314305
dmnelf012,PDA,tr,Fz,0.12761060296610838
dmnelf012,PDA,tr,Cz,0.2307777498674824
dmnelf012,PDA,tr,Pz,0.4122222657132286
dmnelf012,PDA,tr,Oz,0.27097415337593184
dmnelf012,PDA,tr,FC1,0.11162950535369331
dmnelf012,PDA,tr,FC2,0.0278019349402088
dmnelf012,PDA,tr,CP1,0.18329198129969887
dmnelf012,PDA,tr,CP2,0.204567740615033
dmnelf012,PDA,tr,FC5,0.1344421946935961
dmnelf012,PDA,tr,FC6,-0.0008886781922924899
dmnelf012,PDA,tr,CP5,0.12967275153706836
dmnelf012,PDA,tr,CP6,0.17483354844637422
dmnelf012,PDA,tr,TP9,-0.05053515640330579
dmnelf012,PDA,tr,TP10,0.1539636289607835
dmnelf012,PDA,tr,POz,0.42820473755350147
dmnelf013,PDA,tr,Fp1,0.11959519875555549
dmnelf013,PDA,tr,Fp2,0.1565701577416249
dmnelf013,PDA,tr,F3,0.19179755613425042
dmnelf013,PDA,tr,F4,0.2001407154867478
dmnelf013,PDA,tr,C3,0.1279398070335979
dmnelf013,PDA,tr,C4,0.11195291182531379
dmnelf013,PDA,tr,P3,0.1713450428350939
dmnelf013,PDA,tr,P4,0.15343039720473484
dmnelf013,PDA,tr,O1,0.2265631965971666
dmnelf013,PDA,tr,O2,0.1418161914253756
dmnelf013,PDA,tr,F7,0.21729334485296073
dmnelf013,PDA,tr,F8,0.15157259509417592
dmnelf013,PDA,tr,T7,0.2415422815960449
dmnelf013,PDA,tr,T8,0.23325460503431403
dmnelf013,PDA,tr,P7,0.250430109080106
dmnelf013,PDA,tr,P8,0.22988299339110294
dmnelf013,PDA,tr,Fz,0.1705677251390042
dmnelf013,PDA,tr,Cz,0.2165103157825687
dmnelf013,PDA,tr,Pz,0.15436863155989403
dmnelf013,PDA,tr,Oz,0.15162397919456255
dmnelf013,PDA,tr,FC1,0.280863194931341
dmnelf013,PDA,tr,FC2,0.042139443482242765
dmnelf013,PDA,tr,CP1,0.127391884554889
dmnelf013,PDA,tr,CP2,0.027891280825532317
dmnelf013,PDA,tr,FC5,0.18634511749239843
dmnelf013,PDA,tr,FC6,0.18737109814163097
dmnelf013,PDA,tr,CP5,0.2722117576673479
dmnelf013,PDA,tr,CP6,0.14244016438873525
dmnelf013,PDA,tr,TP9,0.2727522073018359
dmnelf013,PDA,tr,TP10,0.24460594922565318
dmnelf013,PDA,tr,POz,0.222052971162155
dmnelf014,PDA,tr,Fp1,0.026067358191002258
dmnelf014,PDA,tr,Fp2,0.1802086128965757
dmnelf014,PDA,tr,F3,-0.052619340123189286
dmnelf014,PDA,tr,F4,0.0805955385049397
dmnelf014,PDA,tr,C3,-0.12338152635303122
dmnelf014,PDA,tr,C4,0.024677381824597576
dmnelf014,PDA,tr,P3,0.07469443962684646
dmnelf014,PDA,tr,P4,0.007613313719026069
dmnelf014,PDA,tr,O1,0.17814711139161002
dmnelf014,PDA,tr,O2,0.14310453894150754
dmnelf014,PDA,tr,F7,-0.0652814854070611
dmnelf014,PDA,tr,F8,0.1336273950003067
dmnelf014,PDA,tr,T7,-0.09330012938340027
dmnelf014,PDA,tr,T8,-0.049270159721301075
dmnelf014,PDA,tr,P7,-0.06959873529292726
dmnelf014,PDA,tr,P8,0.043973397386868306
dmnelf014,PDA,tr,Fz,0.022376833318475012
dmnelf014,PDA,tr,Cz,0.09420595539633549
dmnelf014,PDA,tr,Pz,-0.04077800334237639
dmnelf014,PDA,tr,Oz,-0.020262513327320705
dmnelf014,PDA,tr,FC1,-0.053625268111552125
dmnelf014,PDA,tr,FC2,0.10488035153789227
dmnelf014,PDA,tr,CP1,0.1819801403650595
dmnelf014,PDA,tr,CP2,0.16717955254483147
dmnelf014,PDA,tr,FC5,0.0059109631981669845
dmnelf014,PDA,tr,FC6,-0.09085991071728139
dmnelf014,PDA,tr,CP5,0.11159894155302548
dmnelf014,PDA,tr,CP6,-0.1601715113976515
dmnelf014,PDA,tr,TP9,0.14192329479001825
dmnelf014,PDA,tr,TP10,-0.1691598159267794
dmnelf014,PDA,tr,POz,0.09989645626311464
dmnelf015,PDA,tr,Fp1,0.36701072986231154
dmnelf015,PDA,tr,Fp2,0.3045970248532418
dmnelf015,PDA,tr,F3,0.3185222005285218
dmnelf015,PDA,tr,F4,0.3599935532228051
dmnelf015,PDA,tr,C3,0.31384173767585094
dmnelf015,PDA,tr,C4,0.005775111305113426
dmnelf015,PDA,tr,P3,0.4534067529496954
dmnelf015,PDA,tr,P4,0.43129269061147074
dmnelf015,PDA,tr,O1,0.5588316827535107
dmnelf015,PDA,tr,O2,0.5262704335027831
dmnelf015,PDA,tr,F7,0.40541860179993083
dmnelf015,PDA,tr,F8,0.41738192397267376
dmnelf015,PDA,tr,T7,0.3979479317160545
dmnelf015,PDA,tr,T8,0.29830902047672114
dmnelf015,PDA,tr,P7,0.5044672134845878
dmnelf015,PDA,tr,P8,0.4929917872104357
dmnelf015,PDA,tr,Fz,0.3583628853478264
dmnelf015,PDA,tr,Cz,0.4734965613117608
dmnelf015,PDA,tr,Pz,0.4538352908637538
dmnelf015,PDA,tr,Oz,0.5526959251979767
dmnelf015,PDA,tr,FC1,0.4935712243876584
dmnelf015,PDA,tr,FC2,0.37915787571646453
dmnelf015,PDA,tr,CP1,0.34595210813805105
dmnelf015,PDA,tr,CP2,0.4855889394507244
dmnelf015,PDA,tr,FC5,0.41539025279019814
dmnelf015,PDA,tr,FC6,0.3606382386234025
dmnelf015,PDA,tr,CP5,0.23440134036131544
dmnelf015,PDA,tr,CP6,0.5234430035719103
dmnelf015,PDA,tr,TP9,0.4188410517509786
dmnelf015,PDA,tr,TP10,0.38737109198959907
dmnelf015,PDA,tr,POz,0.4487248003664036
dmnelf016,PDA,tr,Fp1,-0.0032252734102279847
dmnelf016,PDA,tr,Fp2,-0.08844661559698345
dmnelf016,PDA,tr,F3,-0.13135774422240742
dmnelf016,PDA,tr,F4,-0.08805245704032424
dmnelf016,PDA,tr,C3,-0.1237805590942028
dmnelf016,PDA,tr,C4,0.02003765942551565
dmnelf016,PDA,tr,P3,-0.19946358716541746
dmnelf016,PDA,tr,P4,0.0806210076956553
dmnelf016,PDA,tr,O1,-0.11379942446655471
dmnelf016,PDA,tr,O2,0.14456336313338985
dmnelf016,PDA,tr,F7,-0.011968988024069928
dmnelf016,PDA,tr,F8,0.10945748363746662
dmnelf016,PDA,tr,T7,-0.15963209000045483
dmnelf016,PDA,tr,T8,0.06827569175544282
dmnelf016,PDA,tr,P7,-0.07199233513030326
dmnelf016,PDA,tr,P8,0.010079534633498897
dmnelf016,PDA,tr,Fz,-0.07923504298464358
dmnelf016,PDA,tr,Cz,0.053692453801426926
dmnelf016,PDA,tr,Pz,0.015597025598727422
dmnelf016,PDA,tr,Oz,0.10891923102051546
dmnelf016,PDA,tr,FC1,-0.16982185949303524
dmnelf016,PDA,tr,FC2,-0.07765040866609654
dmnelf016,PDA,tr,CP1,-0.08713662691553693
dmnelf016,PDA,tr,CP2,-0.06798937192141209
dmnelf016,PDA,tr,FC5,0.17902541571269098
dmnelf016,PDA,tr,FC6,-0.03502798073913449
dmnelf016,PDA,tr,CP5,-0.027921663195088386
dmnelf016,PDA,tr,CP6,-0.12028235640750357
dmnelf016,PDA,tr,TP9,-0.061592031577315035
dmnelf016,PDA,tr,TP10,-0.08591777093260712
dmnelf016,PDA,tr,POz,-0.04607939736753976
dmnelf1001,PDA,tr,Fp1,0.01008198434387901
dmnelf1001,PDA,tr,Fp2,-0.12711578068403345
dmnelf1001,PDA,tr,F3,0.1395200246125125
dmnelf1001,PDA,tr,F4,-0.021755981857964138
dmnelf1001,PDA,tr,C3,-0.029209832665250145
dmnelf1001,PDA,tr,C4,-0.057061549863324366
dmnelf1001,PDA,tr,P3,-0.07298694607104954
dmnelf1001,PDA,tr,P4,-0.07370632131349751
dmnelf1001,PDA,tr,O1,-0.03685802643357352
dmnelf1001,PDA,tr,O2,0.018531173949537887
dmnelf1001,PDA,tr,F7,0.05335520438860714
dmnelf1001,PDA,tr,F8,-0.025978533055969293
dmnelf1001,PDA,tr,T7,0.08563657705781992
dmnelf1001,PDA,tr,T8,-0.16920497420405764
dmnelf1001,PDA,tr,P7,-0.10773431530149284
dmnelf1001,PDA,tr,P8,-0.03668752845500699
dmnelf1001,PDA,tr,Fz,0.05290913287161118
dmnelf1001,PDA,tr,Cz,-0.06602240608854805
dmnelf1001,PDA,tr,Pz,0.2716899055558044
dmnelf1001,PDA,tr,Oz,-0.03847669298175155
dmnelf1001,PDA,tr,FC1,-0.026328276181485536
dmnelf1001,PDA,tr,FC2,0.03304964106828029
dmnelf1001,PDA,tr,CP1,-0.04284471203822736
dmnelf1001,PDA,tr,CP2,0.04020015149742731
dmnelf1001,PDA,tr,FC5,0.07649601914272632
dmnelf1001,PDA,tr,FC6,0.03925678624323635
dmnelf1001,PDA,tr,CP5,-0.019634044512691233
dmnelf1001,PDA,tr,CP6,-0.0904194382280477
dmnelf1001,PDA,tr,TP9,-0.04704455912936771
dmnelf1001,PDA,tr,TP10,-0.019104247651453486
dmnelf1001,PDA,tr,POz,-0.07839818112799055
dmnelf1002,PDA,tr,Fp1,0.02592240390875177
dmnelf1002,PDA,tr,Fp2,0.14060638903108483
dmnelf1002,PDA,tr,F3,-0.038034006172747756
dmnelf1002,PDA,tr,F4,-0.07493457992767295
dmnelf1002,PDA,tr,C3,0.1432564016093587
dmnelf1002,PDA,tr,C4,0.20740764571502715
dmnelf1002,PDA,tr,P3,0.1264058553026185
dmnelf1002,PDA,tr,P4,0.09754571724199973
dmnelf1002,PDA,tr,O1,-0.022339185204481974
dmnelf1002,PDA,tr,O2,-0.056952527291665334
dmnelf1002,PDA,tr,F7,0.1543697321528035
dmnelf1002,PDA,tr,F8,0.11222958487523997
dmnelf1002,PDA,tr,T7,0.08920047202016328
dmnelf1002,PDA,tr,T8,0.03414938811622643
dmnelf1002,PDA,tr,P7,0.04122426788562307
dmnelf1002,PDA,tr,P8,-0.020368532471302
dmnelf1002,PDA,tr,Fz,0.0900008248448046
dmnelf1002,PDA,tr,Cz,0.030988239781768616
dmnelf1002,PDA,tr,Pz,0.018756983103367857
dmnelf1002,PDA,tr,Oz,-0.053333448823825506
dmnelf1002,PDA,tr,FC1,0.0047680590399546635
dmnelf1002,PDA,tr,FC2,-0.08431214939437069
dmnelf1002,PDA,tr,CP1,0.14303591819866468
dmnelf1002,PDA,tr,CP2,0.060925374927973515
dmnelf1002,PDA,tr,FC5,0.15942971120875205
dmnelf1002,PDA,tr,FC6,0.08213417542631954
dmnelf1002,PDA,tr,CP5,0.1384645636095758
dmnelf1002,PDA,tr,CP6,0.15328466613822248
dmnelf1002,PDA,tr,TP9,-0.08356983574442103
dmnelf1002,PDA,tr,TP10,-0.031197317614206292
dmnelf1002,PDA,tr,POz,0.011116879496480735
dmnelf1003,PDA,tr,Fp1,0.006572638122261425
dmnelf1003,PDA,tr,Fp2,0.26503985267463387
dmnelf1003,PDA,tr,F3,-0.05880402771966008
dmnelf1003,PDA,tr,F4,-0.03218604316378823
dmnelf1003,PDA,tr,C3,0.275039906639658
dmnelf1003,PDA,tr,C4,-0.0484925094589604
dmnelf1003,PDA,tr,P3,0.22232390993047602
dmnelf1003,PDA,tr,P4,0.0005543465756214748
dmnelf1003,PDA,tr,O1,-0.04587437824115827
dmnelf1003,PDA,tr,O2,-0.009843526743518446
dmnelf1003,PDA,tr,F7,-0.1912273930990493
dmnelf1003,PDA,tr,F8,-0.05948362389361053
dmnelf1003,PDA,tr,T7,-0.12094900586248593
dmnelf1003,PDA,tr,T8,0.07132824560837811
dmnelf1003,PDA,tr,P7,0.12161355380619376
dmnelf1003,PDA,tr,P8,-0.047632049233032436
dmnelf1003,PDA,tr,Fz,-0.10122025945926272
dmnelf1003,PDA,tr,Cz,0.25062635995770066
dmnelf1003,PDA,tr,Pz,0.13087549817029023
dmnelf1003,PDA,tr,Oz,-0.030467678786467705
dmnelf1003,PDA,tr,FC1,0.18885020747077935
dmnelf1003,PDA,tr,FC2,-0.0772917063099002
dmnelf1003,PDA,tr,CP1,0.300495354009909
dmnelf1003,PDA,tr,CP2,0.13540469962207466
dmnelf1003,PDA,tr,FC5,-0.04378976671438092
dmnelf1003,PDA,tr,FC6,-0.1012956596570968
dmnelf1003,PDA,tr,CP5,0.1987122133898057
dmnelf1003,PDA,tr,CP6,-0.06031760157835692
dmnelf1003,PDA,tr,TP9,-0.1566022451883307
dmnelf1003,PDA,tr,TP10,-0.18322630666531514
dmnelf1003,PDA,tr,POz,-0.09822590892168724
dmnelf001,GSR_DMN,tr,Fp1,-0.05021780286620097
dmnelf001,GSR_DMN,tr,Fp2,-0.04757242044375672
dmnelf001,GSR_DMN,tr,F3,0.01766499268609601
dmnelf001,GSR_DMN,tr,F4,-0.04862833130392059
dmnelf001,GSR_DMN,tr,C3,0.026892746488884182
dmnelf001,GSR_DMN,tr,C4,-0.053657494562815634
dmnelf001,GSR_DMN,tr,P3,0.190542485062235
dmnelf001,GSR_DMN,tr,P4,0.03956195204940868
dmnelf001,GSR_DMN,tr,O1,0.25323845159933517
dmnelf001,GSR_DMN,tr,O2,0.24454715602485871
dmnelf001,GSR_DMN,tr,F7,0.025087316351270247
dmnelf001,GSR_DMN,tr,F8,0.012505193391230681
dmnelf001,GSR_DMN,tr,T7,-0.023127227366504254
dmnelf001,GSR_DMN,tr,T8,-0.022630901365126743
dmnelf001,GSR_DMN,tr,P7,0.11953099112132289
dmnelf001,GSR_DMN,tr,P8,-0.07205730658300256
dmnelf001,GSR_DMN,tr,Fz,0.008210832275877898
dmnelf001,GSR_DMN,tr,Cz,0.34745537791716763
dmnelf001,GSR_DMN,tr,Pz,0.372487005794263
dmnelf001,GSR_DMN,tr,Oz,0.12307078260762754
dmnelf001,GSR_DMN,tr,FC1,0.012753368017109221
dmnelf001,GSR_DMN,tr,FC2,0.14325589850565185
dmnelf001,GSR_DMN,tr,CP1,0.13166776522958293
dmnelf001,GSR_DMN,tr,CP2,0.09420311829946457
dmnelf001,GSR_DMN,tr,FC5,0.022168159424879097
dmnelf001,GSR_DMN,tr,FC6,-0.06429354746820004
dmnelf001,GSR_DMN,tr,CP5,-0.12370483742067173
dmnelf001,GSR_DMN,tr,CP6,-0.06283824197217662
dmnelf001,GSR_DMN,tr,TP9,0.02174297335855578
dmnelf001,GSR_DMN,tr,TP10,0.05591120130463528
dmnelf001,GSR_DMN,tr,POz,0.26261637136664534
dmnelf002,GSR_DMN,tr,Fp1,0.23149266690405934
dmnelf002,GSR_DMN,tr,Fp2,0.24034251714522523
dmnelf002,GSR_DMN,tr,F3,0.0527715753411475
dmnelf002,GSR_DMN,tr,F4,0.20742762685161506
dmnelf002,GSR_DMN,tr,C3,0.1184877079833199
dmnelf002,GSR_DMN,tr,C4,0.18171284315359815
dmnelf002,GSR_DMN,tr,P3,0.16155136857373026
dmnelf002,GSR_DMN,tr,P4,0.07531915102590205
dmnelf002,GSR_DMN,tr,O1,0.34786839788163926
dmnelf002,GSR_DMN,tr,O2,0.2941624256035789
dmnelf002,GSR_DMN,tr,F7,0.18517982361410829
dmnelf002,GSR_DMN,tr,F8,0.24409680181793253
dmnelf002,GSR_DMN,tr,T7,0.027560511758977516
dmnelf002,GSR_DMN,tr,T8,0.08908607933316491
dmnelf002,GSR_DMN,tr,P7,0.18604988729126737
dmnelf002,GSR_DMN,tr,P8,0.2080680296879957
dmnelf002,GSR_DMN,tr,Fz,0.1468568842437959
dmnelf002,GSR_DMN,tr,Cz,0.2656129365399252
dmnelf002,GSR_DMN,tr,Pz,0.012487778967068626
dmnelf002,GSR_DMN,tr,Oz,0.34693682705545975
dmnelf002,GSR_DMN,tr,FC1,0.1340108679763911
dmnelf002,GSR_DMN,tr,FC2,0.07377288722335652
dmnelf002,GSR_DMN,tr,CP1,0.12040426335151413
dmnelf002,GSR_DMN,tr,CP2,0.16158444562549415
dmnelf002,GSR_DMN,tr,FC5,0.14445259057293883
dmnelf002,GSR_DMN,tr,FC6,0.1830479262830311
dmnelf002,GSR_DMN,tr,CP5,0.09208385378986214
dmnelf002,GSR_DMN,tr,CP6,0.04040676706403933
dmnelf002,GSR_DMN,tr,TP9,-0.002945711991761798
dmnelf002,GSR_DMN,tr,TP10,0.1263484632160765
dmnelf002,GSR_DMN,tr,POz,0.2938776596710293
dmnelf003,GSR_DMN,tr,Fp1,-0.006609201952415987
dmnelf003,GSR_DMN,tr,Fp2,0.1251583130685252
dmnelf003,GSR_DMN,tr,F3,0.08725574887887824
dmnelf003,GSR_DMN,tr,F4,0.0880070274509881
dmnelf003,GSR_DMN,tr,C3,0.12129326181632652
dmnelf003,GSR_DMN,tr,C4,0.049490067018358
dmnelf003,GSR_DMN,tr,P3,0.00909819201395998
dmnelf003,GSR_DMN,tr,P4,-0.0054460798636470605
dmnelf003,GSR_DMN,tr,O1,0.010260196920973446
dmnelf003,GSR_DMN,tr,O2,0.13545913527155756
dmnelf003,GSR_DMN,tr,F7,0.11369810195496761
dmnelf003,GSR_DMN,tr,F8,-0.010913422865581982
dmnelf003,GSR_DMN,tr,T7,0.009622050256340175
dmnelf003,GSR_DMN,tr,T8,-0.023463218579603855
dmnelf003,GSR_DMN,tr,P7,0.01874482500637121
dmnelf003,GSR_DMN,tr,P8,0.08734290297452772
dmnelf003,GSR_DMN,tr,Fz,0.07000308634175852
dmnelf003,GSR_DMN,tr,Cz,0.12345920041988936
dmnelf003,GSR_DMN,tr,Pz,-0.010492476545755133
dmnelf003,GSR_DMN,tr,Oz,0.04996821125117928
dmnelf003,GSR_DMN,tr,FC1,0.032017589273458415
dmnelf003,GSR_DMN,tr,FC2,0.13637268290521234
dmnelf003,GSR_DMN,tr,CP1,0.1159840465262995
dmnelf003,GSR_DMN,tr,CP2,-0.016183788057881173
dmnelf003,GSR_DMN,tr,FC5,0.1265397208022173
dmnelf003,GSR_DMN,tr,FC6,0.010219768528283006
dmnelf003,GSR_DMN,tr,CP5,-0.07574367529814804
dmnelf003,GSR_DMN,tr,CP6,0.07115007475836206
dmnelf003,GSR_DMN,tr,TP9,0.01192909988292297
dmnelf003,GSR_DMN,tr,TP10,0.15161015368242692
dmnelf003,GSR_DMN,tr,POz,0.06091658288099932
dmnelf004,GSR_DMN,tr,Fp1,-0.2413130814740312
dmnelf004,GSR_DMN,tr,Fp2,-0.28466840504792945
dmnelf004,GSR_DMN,tr,F3,-0.18631487354156573
dmnelf004,GSR_DMN,tr,F4,-0.1277597975291542
dmnelf004,GSR_DMN,tr,C3,-0.21263051486672255
dmnelf004,GSR_DMN,tr,C4,0.14848241728260722
dmnelf004,GSR_DMN,tr,P3,-0.2839829715800038
dmnelf004,GSR_DMN,tr,P4,-0.0638361769234551
dmnelf004,GSR_DMN,tr,O1,-0.07293397588870096
dmnelf004,GSR_DMN,tr,O2,-0.17123496380709527
dmnelf004,GSR_DMN,tr,F7,-0.16507841680294733
dmnelf004,GSR_DMN,tr,F8,-0.3041316290010225
dmnelf004,GSR_DMN,tr,T7,-0.21430970158765494
dmnelf004,GSR_DMN,tr,T8,-0.023036962985545757
dmnelf004,GSR_DMN,tr,P7,-0.1498535181540478
dmnelf004,GSR_DMN,tr,P8,0.006738761272633596
dmnelf004,GSR_DMN,tr,Fz,0.07711739897556691
dmnelf004,GSR_DMN,tr,Cz,0.4408918447352092
dmnelf004,GSR_DMN,tr,Pz,0.07142881548176584
dmnelf004,GSR_DMN,tr,Oz,0.04983092883536358
dmnelf004,GSR_DMN,tr,FC1,0.09551119179186211
dmnelf004,GSR_DMN,tr,FC2,0.12256221533126996
dmnelf004,GSR_DMN,tr,CP1,-0.048430805574521896
dmnelf004,GSR_DMN,tr,CP2,0.11354702966665922
dmnelf004,GSR_DMN,tr,FC5,0.0450694410086268
dmnelf004,GSR_DMN,tr,FC6,-0.0956492931437963
dmnelf004,GSR_DMN,tr,CP5,0.05045077066632647
dmnelf004,GSR_DMN,tr,CP6,-0.07896268526554381
dmnelf004,GSR_DMN,tr,TP9,-0.2859180438997002
dmnelf004,GSR_DMN,tr,TP10,0.11031731504233082
dmnelf004,GSR_DMN,tr,POz,-0.2068504011965577
dmnelf005,GSR_DMN,tr,Fp1,0.15011335223019664
dmnelf005,GSR_DMN,tr,Fp2,0.10110679289695355
dmnelf005,GSR_DMN,tr,F3,0.15893691449846883
dmnelf005,GSR_DMN,tr,F4,0.14467336500036648
dmnelf005,GSR_DMN,tr,C3,0.19486662052875375
dmnelf005,GSR_DMN,tr,C4,0.16410801958897164
dmnelf005,GSR_DMN,tr,P3,0.17577612174417906
dmnelf005,GSR_DMN,tr,P4,0.3233040053334207
dmnelf005,GSR_DMN,tr,O1,0.2352359718992414
dmnelf005,GSR_DMN,tr,O2,0.16101162910249475
dmnelf005,GSR_DMN,tr,F7,0.2079058667872741
dmnelf005,GSR_DMN,tr,F8,0.18319747626621688
dmnelf005,GSR_DMN,tr,T7,0.1211286039811643
dmnelf005,GSR_DMN,tr,T8,0.09600465555062386
dmnelf005,GSR_DMN,tr,P7,0.24826971787450816
dmnelf005,GSR_DMN,tr,P8,0.26520119755991445
dmnelf005,GSR_DMN,tr,Fz,0.19419974560473674
dmnelf005,GSR_DMN,tr,Cz,0.11572088483562848
dmnelf005,GSR_DMN,tr,Pz,0.07008629410151199
dmnelf005,GSR_DMN,tr,Oz,0.1737545825369285
dmnelf005,GSR_DMN,tr,FC1,0.2107195371367397
dmnelf005,GSR_DMN,tr,FC2,0.20550665274070895
dmnelf005,GSR_DMN,tr,CP1,0.16627551959690678
dmnelf005,GSR_DMN,tr,CP2,0.09998495383545505
dmnelf005,GSR_DMN,tr,FC5,0.15510232262645246
dmnelf005,GSR_DMN,tr,FC6,0.14735174593107975
dmnelf005,GSR_DMN,tr,CP5,0.16735391547783318
dmnelf005,GSR_DMN,tr,CP6,0.2532100872786487
dmnelf005,GSR_DMN,tr,TP9,0.2059191825411818
dmnelf005,GSR_DMN,tr,TP10,0.20212300408705483
dmnelf005,GSR_DMN,tr,POz,0.25708727089782585
dmnelf006,GSR_DMN,tr,Fp1,-0.012875344729223958
dmnelf006,GSR_DMN,tr,Fp2,0.08787866116282872
dmnelf006,GSR_DMN,tr,F3,-0.007262594408943213
dmnelf006,GSR_DMN,tr,F4,0.04082974198350119
dmnelf006,GSR_DMN,tr,C3,-0.05876881429801417
dmnelf006,GSR_DMN,tr,C4,-0.10408336334940811
dmnelf006,GSR_DMN,tr,P3,0.05658281100033786
dmnelf006,GSR_DMN,tr,P4,0.09519027507358502
dmnelf006,GSR_DMN,tr,O1,0.3556895655231318
dmnelf006,GSR_DMN,tr,O2,0.27337034447698805
dmnelf006,GSR_DMN,tr,F7,0.14506619815107272
dmnelf006,GSR_DMN,tr,F8,-0.049655712370922145
dmnelf006,GSR_DMN,tr,T7,0.11032403131570664
dmnelf006,GSR_DMN,tr,T8,0.05193703940175243
dmnelf006,GSR_DMN,tr,P7,0.2476359393321834
dmnelf006,GSR_DMN,tr,P8,0.008287854213966932
dmnelf006,GSR_DMN,tr,Fz,0.04226060975806205
dmnelf006,GSR_DMN,tr,Cz,0.04420749693637916
dmnelf006,GSR_DMN,tr,Pz,-0.06892527442232935
dmnelf006,GSR_DMN,tr,Oz,0.2360511796683261
dmnelf006,GSR_DMN,tr,FC1,0.014200343483745437
dmnelf006,GSR_DMN,tr,FC2,-0.003036760506137361
dmnelf006,GSR_DMN,tr,CP1,-0.012687417846634144
dmnelf006,GSR_DMN,tr,CP2,0.019527478640688354
dmnelf006,GSR_DMN,tr,FC5,-0.0016306135377136917
dmnelf006,GSR_DMN,tr,FC6,0.020967393154269945
dmnelf006,GSR_DMN,tr,CP5,0.06893886264561987
dmnelf006,GSR_DMN,tr,CP6,-0.07955545438440813
dmnelf006,GSR_DMN,tr,TP9,0.2096207366385418
dmnelf006,GSR_DMN,tr,TP10,0.0668479347887937
dmnelf006,GSR_DMN,tr,POz,-0.09132372749240367
dmnelf007,GSR_DMN,tr,Fp1,0.14214404488209031
dmnelf007,GSR_DMN,tr,Fp2,-0.024228949341110705
dmnelf007,GSR_DMN,tr,F3,-0.15311135996566205
dmnelf007,GSR_DMN,tr,F4,-0.05783536886880902
dmnelf007,GSR_DMN,tr,C3,-0.06006175005723194
dmnelf007,GSR_DMN,tr,C4,-0.25800960863596806
dmnelf007,GSR_DMN,tr,P3,-0.02500529093861991
dmnelf007,GSR_DMN,tr,P4,0.07918680016469455
dmnelf007,GSR_DMN,tr,O1,0.03212382065234494
dmnelf007,GSR_DMN,tr,O2,-0.0014127669519755168
dmnelf007,GSR_DMN,tr,F7,-0.13567218980263715
dmnelf007,GSR_DMN,tr,F8,0.11725059515650561
dmnelf007,GSR_DMN,tr,T7,-0.15992946359694488
dmnelf007,GSR_DMN,tr,T8,-0.002331798418623101
dmnelf007,GSR_DMN,tr,P7,-0.08584028273723811
dmnelf007,GSR_DMN,tr,P8,-0.04905922867988448
dmnelf007,GSR_DMN,tr,Fz,0.12860396905192706
dmnelf007,GSR_DMN,tr,Cz,0.032974091657577205
dmnelf007,GSR_DMN,tr,Pz,-0.07372608433178499
dmnelf007,GSR_DMN,tr,Oz,0.07657617393631638
dmnelf007,GSR_DMN,tr,FC1,0.01129108986634469
dmnelf007,GSR_DMN,tr,FC2,0.026651722168550804
dmnelf007,GSR_DMN,tr,CP1,0.08963812598907156
dmnelf007,GSR_DMN,tr,CP2,-0.19947366682434922
dmnelf007,GSR_DMN,tr,FC5,-0.18747661632416263
dmnelf007,GSR_DMN,tr,FC6,-0.053576152627711614
dmnelf007,GSR_DMN,tr,CP5,-0.1327695868116083
dmnelf007,GSR_DMN,tr,CP6,-0.07172498095845829
dmnelf007,GSR_DMN,tr,TP9,-0.06925947688694106
dmnelf007,GSR_DMN,tr,TP10,-0.09750137225731903
dmnelf007,GSR_DMN,tr,POz,0.014455970845073267
dmnelf008,GSR_DMN,tr,Fp1,0.016650322665813278
dmnelf008,GSR_DMN,tr,Fp2,0.0173242194190908
dmnelf008,GSR_DMN,tr,F3,0.22687014429295407
dmnelf008,GSR_DMN,tr,F4,0.07620229199384075
dmnelf008,GSR_DMN,tr,C3,-0.11704856873816646
dmnelf008,GSR_DMN,tr,C4,-0.10512321121070216
dmnelf008,GSR_DMN,tr,P3,0.02506988819795038
dmnelf008,GSR_DMN,tr,P4,0.15618439285490987
dmnelf008,GSR_DMN,tr,O1,0.055653045000089406
dmnelf008,GSR_DMN,tr,O2,0.16272884092432488
dmnelf008,GSR_DMN,tr,F7,0.10077008388786783
dmnelf008,GSR_DMN,tr,F8,-0.16370371016283622
dmnelf008,GSR_DMN,tr,T7,-0.19787136536166616
dmnelf008,GSR_DMN,tr,T8,-0.09577263866681307
dmnelf008,GSR_DMN,tr,P7,-0.14440832681336035
dmnelf008,GSR_DMN,tr,P8,0.11347837643059207
dmnelf008,GSR_DMN,tr,Fz,-0.0004786416298007065
dmnelf008,GSR_DMN,tr,Cz,-0.010054406047952833
dmnelf008,GSR_DMN,tr,Pz,0.04512302112654128
dmnelf008,GSR_DMN,tr,Oz,0.08951208215306486
dmnelf008,GSR_DMN,tr,FC1,-0.0014338840731523
dmnelf008,GSR_DMN,tr,FC2,0.016559518556134824
dmnelf008,GSR_DMN,tr,CP1,-0.01533450206221425
dmnelf008,GSR_DMN,tr,CP2,-0.0220114801077198
dmnelf008,GSR_DMN,tr,FC5,0.16002524893620562
dmnelf008,GSR_DMN,tr,FC6,-0.015370602139788869
dmnelf008,GSR_DMN,tr,CP5,0.009621804630408567
dmnelf008,GSR_DMN,tr,CP6,0.026786931641367997
dmnelf008,GSR_DMN,tr,TP9,0.03905039096398219
dmnelf008,GSR_DMN,tr,TP10,0.04119005983669691
dmnelf008,GSR_DMN,tr,POz,0.061154655421565784
dmnelf009,GSR_DMN,tr,Fp1,-0.04822111125082602
dmnelf009,GSR_DMN,tr,Fp2,-0.20947590945822742
dmnelf009,GSR_DMN,tr,F3,0.03517500864697377
dmnelf009,GSR_DMN,tr,F4,-0.1444040944129395
dmnelf009,GSR_DMN,tr,C3,0.05057267607948718
dmnelf009,GSR_DMN,tr,C4,0.02431283091190673
dmnelf009,GSR_DMN,tr,P3,0.008102939340902695
dmnelf009,GSR_DMN,tr,P4,0.08648168238773135
dmnelf009,GSR_DMN,tr,O1,-0.07384211611245274
dmnelf009,GSR_DMN,tr,O2,0.0664958167099072
dmnelf009,GSR_DMN,tr,F7,0.13704285987916157
dmnelf009,GSR_DMN,tr,F8,5.617341716334539e-05
dmnelf009,GSR_DMN,tr,T7,0.07492032904053421
dmnelf009,GSR_DMN,tr,T8,0.07261286746651927
dmnelf009,GSR_DMN,tr,P7,-0.005019021051641014
dmnelf009,GSR_DMN,tr,P8,0.10070951673416231
dmnelf009,GSR_DMN,tr,Fz,-0.12196808443093612
dmnelf009,GSR_DMN,tr,Cz,0.25760672575149257
dmnelf009,GSR_DMN,tr,Pz,0.05512917348433946
dmnelf009,GSR_DMN,tr,Oz,-0.11081276661880171
dmnelf009,GSR_DMN,tr,FC1,-0.025711722344858825
dmnelf009,GSR_DMN,tr,FC2,-0.06317987262914605
dmnelf009,GSR_DMN,tr,CP1,0.08599449776789536
dmnelf009,GSR_DMN,tr,CP2,0.1487382556117057
dmnelf009,GSR_DMN,tr,FC5,0.1239188561670864
dmnelf009,GSR_DMN,tr,FC6,-0.06372808105571909
dmnelf009,GSR_DMN,tr,CP5,0.06877505699080078
dmnelf009,GSR_DMN,tr,CP6,0.1922180037928974
dmnelf009,GSR_DMN,tr,TP9,0.03732603562309432
dmnelf009,GSR_DMN,tr,TP10,0.10446232334552569
dmnelf009,GSR_DMN,tr,POz,0.02320091980190527
dmnelf010,GSR_DMN,tr,Fp1,0.21856298093675006
dmnelf010,GSR_DMN,tr,Fp2,0.0010953818113223273
dmnelf010,GSR_DMN,tr,F3,0.20206520532247968
dmnelf010,GSR_DMN,tr,F4,0.25073172573976105
dmnelf010,GSR_DMN,tr,C3,0.2672015886845219
dmnelf010,GSR_DMN,tr,C4,0.12069422884274023
dmnelf010,GSR_DMN,tr,P3,0.2972231954507505
dmnelf010,GSR_DMN,tr,P4,0.31386096087704335
dmnelf010,GSR_DMN,tr,O1,0.10142733361862435
dmnelf010,GSR_DMN,tr,O2,0.11809395707583872
dmnelf010,GSR_DMN,tr,F7,0.2438382603184356
dmnelf010,GSR_DMN,tr,F8,0.2412466804672817
dmnelf010,GSR_DMN,tr,T7,0.19457395064093186
dmnelf010,GSR_DMN,tr,T8,-0.048392486633579264
dmnelf010,GSR_DMN,tr,P7,0.11938603117860727
dmnelf010,GSR_DMN,tr,P8,0.24798915009288883
dmnelf010,GSR_DMN,tr,Fz,0.18116836924134833
dmnelf010,GSR_DMN,tr,Cz,0.2864582927410642
dmnelf010,GSR_DMN,tr,Pz,0.2406898908104065
dmnelf010,GSR_DMN,tr,Oz,0.15658556696352663
dmnelf010,GSR_DMN,tr,FC1,0.3733970513399506
dmnelf010,GSR_DMN,tr,FC2,0.20627966514095222
dmnelf010,GSR_DMN,tr,CP1,0.33678404626276476
dmnelf010,GSR_DMN,tr,CP2,0.07374142459921293
dmnelf010,GSR_DMN,tr,FC5,0.27235817499868836
dmnelf010,GSR_DMN,tr,FC6,0.12126971837480892
dmnelf010,GSR_DMN,tr,CP5,0.2911970288880301
dmnelf010,GSR_DMN,tr,CP6,0.2770876120825795
dmnelf010,GSR_DMN,tr,TP9,0.2040729768951134
dmnelf010,GSR_DMN,tr,TP10,0.24408956247858662
dmnelf010,GSR_DMN,tr,POz,0.10653396859916699
dmnelf011,GSR_DMN,tr,Fp1,0.12688499135281925
dmnelf011,GSR_DMN,tr,Fp2,0.01402080778923575
dmnelf011,GSR_DMN,tr,F3,-0.008637757210662067
dmnelf011,GSR_DMN,tr,F4,-0.0004365975337093877
dmnelf011,GSR_DMN,tr,C3,0.0012501825642489077
dmnelf011,GSR_DMN,tr,C4,0.02051046591580511
dmnelf011,GSR_DMN,tr,P3,0.00642493285203428
dmnelf011,GSR_DMN,tr,P4,0.1482747862130562
dmnelf011,GSR_DMN,tr,O1,0.0592138497705997
dmnelf011,GSR_DMN,tr,O2,0.20618826426432652
dmnelf011,GSR_DMN,tr,F7,0.12659706899089015
dmnelf011,GSR_DMN,tr,F8,-0.03115037349154035
dmnelf011,GSR_DMN,tr,T7,-0.036903760876262126
dmnelf011,GSR_DMN,tr,T8,-0.03991972482126362
dmnelf011,GSR_DMN,tr,P7,-0.03240975038748311
dmnelf011,GSR_DMN,tr,P8,0.15213891639374585
dmnelf011,GSR_DMN,tr,Fz,-0.039976232738636285
dmnelf011,GSR_DMN,tr,Cz,0.004876613739129673
dmnelf011,GSR_DMN,tr,Pz,0.06357080863759017
dmnelf011,GSR_DMN,tr,Oz,0.16599770868445313
dmnelf011,GSR_DMN,tr,FC1,0.10141433303458927
dmnelf011,GSR_DMN,tr,FC2,-0.04554139945210825
dmnelf011,GSR_DMN,tr,CP1,0.10782498811696713
dmnelf011,GSR_DMN,tr,CP2,-0.021343241817936093
dmnelf011,GSR_DMN,tr,FC5,0.04722374073177719
dmnelf011,GSR_DMN,tr,FC6,-0.017342430446578933
dmnelf011,GSR_DMN,tr,CP5,0.011119336304838173
dmnelf011,GSR_DMN,tr,CP6,0.1525129283988819
dmnelf011,GSR_DMN,tr,TP9,-0.07829013443437088
dmnelf011,GSR_DMN,tr,TP10,0.06343566625145014
dmnelf011,GSR_DMN,tr,POz,0.22924146284995803
dmnelf012,GSR_DMN,tr,Fp1,0.026837831032149283
dmnelf012,GSR_DMN,tr,Fp2,0.020898632792515737
dmnelf012,GSR_DMN,tr,F3,0.029733243585636133
dmnelf012,GSR_DMN,tr,F4,-0.0530708533564354
dmnelf012,GSR_DMN,tr,C3,0.0014294246828979336
dmnelf012,GSR_DMN,tr,C4,0.06145448584774469
dmnelf012,GSR_DMN,tr,P3,-0.018697921387405437
dmnelf012,GSR_DMN,tr,P4,-0.06693646917510004
dmnelf012,GSR_DMN,tr,O1,0.18070481450184547
dmnelf012,GSR_DMN,tr,O2,0.004672793777784498
dmnelf012,GSR_DMN,tr,F7,-0.0008218535978398386
dmnelf012,GSR_DMN,tr,F8,0.049510341788202274
dmnelf012,GSR_DMN,tr,T7,-0.025624131483971697
dmnelf012,GSR_DMN,tr,T8,0.11462500644539034
dmnelf012,GSR_DMN,tr,P7,0.10634941670821116
dmnelf012,GSR_DMN,tr,P8,-0.000561387307231774
dmnelf012,GSR_DMN,tr,Fz,0.038512979634113056
dmnelf012,GSR_DMN,tr,Cz,0.11955775798866827
dmnelf012,GSR_DMN,tr,Pz,-0.08941213619862313
dmnelf012,GSR_DMN,tr,Oz,0.019898623100293993
dmnelf012,GSR_DMN,tr,FC1,-0.07423896592037994
dmnelf012,GSR_DMN,tr,FC2,0.1372643522400294
dmnelf012,GSR_DMN,tr,CP1,0.02880576843746246
dmnelf012,GSR_DMN,tr,CP2,-0.12305204007717432
dmnelf012,GSR_DMN,tr,FC5,0.0038492607974810154
dmnelf012,GSR_DMN,tr,FC6,0.016692996141347
dmnelf012,GSR_DMN,tr,CP5,0.015272238695474933
dmnelf012,GSR_DMN,tr,CP6,-0.011785134374248874
dmnelf012,GSR_DMN,tr,TP9,0.08787589021572445
dmnelf012,GSR_DMN,tr,TP10,0.030195961106187177
dmnelf012,GSR_DMN,tr,POz,-0.10063101700360984
dmnelf013,GSR_DMN,tr,Fp1,-0.15474129511094312
dmnelf013,GSR_DMN,tr,Fp2,-0.1325434738068154
dmnelf013,GSR_DMN,tr,F3,-0.1484366078670679
dmnelf013,GSR_DMN,tr,F4,-0.18578701618970797
dmnelf013,GSR_DMN,tr,C3,-0.03444496386464824
dmnelf013,GSR_DMN,tr,C4,-0.20355806351142813
dmnelf013,GSR_DMN,tr,P3,-0.1314797591149793
dmnelf013,GSR_DMN,tr,P4,-0.17524941768635174
dmnelf013,GSR_DMN,tr,O1,-0.011866803593697633
dmnelf013,GSR_DMN,tr,O2,-0.16070303911301895
dmnelf013,GSR_DMN,tr,F7,-0.1530856952499835
dmnelf013,GSR_DMN,tr,F8,-0.16228045624272994
dmnelf013,GSR_DMN,tr,T7,-0.09172340479156942
dmnelf013,GSR_DMN,tr,T8,-0.12850093124693276
dmnelf013,GSR_DMN,tr,P7,-0.08666954824916331
dmnelf013,GSR_DMN,tr,P8,-0.09575473679922696
dmnelf013,GSR_DMN,tr,Fz,-0.14224820617623646
dmnelf013,GSR_DMN,tr,Cz,-0.10285701052861697
dmnelf013,GSR_DMN,tr,Pz,-0.19893071141987864
dmnelf013,GSR_DMN,tr,Oz,-0.16673256261332892
dmnelf013,GSR_DMN,tr,FC1,-0.05277631684384454
dmnelf013,GSR_DMN,tr,FC2,-0.21376974254934003
dmnelf013,GSR_DMN,tr,CP1,-0.14933958708106768
dmnelf013,GSR_DMN,tr,CP2,-0.1179332564560914
dmnelf013,GSR_DMN,tr,FC5,-0.16162876552503055
dmnelf013,GSR_DMN,tr,FC6,-0.12495015466127735
dmnelf013,GSR_DMN,tr,CP5,-0.07706816483163527
dmnelf013,GSR_DMN,tr,CP6,-0.17745964555572571
dmnelf013,GSR_DMN,tr,TP9,-0.079038198223633
dmnelf013,GSR_DMN,tr,TP10,-0.07671850987167429
dmnelf013,GSR_DMN,tr,POz,-0.06615437257489674
dmnelf014,GSR_DMN,tr,Fp1,0.4505505347486382
dmnelf014,GSR_DMN,tr,Fp2,0.30103393358147557
dmnelf014,GSR_DMN,tr,F3,0.3676683173691887
dmnelf014,GSR_DMN,tr,F4,0.3356624104375184
dmnelf014,GSR_DMN,tr,C3,0.22327649487435358
dmnelf014,GSR_DMN,tr,C4,0.3265254260666822
dmnelf014,GSR_DMN,tr,P3,0.22093321103497054
dmnelf014,GSR_DMN,tr,P4,0.3138892567176164
dmnelf014,GSR_DMN,tr,O1,0.356693513144496
dmnelf014,GSR_DMN,tr,O2,0.3393204965237086
dmnelf014,GSR_DMN,tr,F7,0.3909780415622321
dmnelf014,GSR_DMN,tr,F8,0.399279889963479
dmnelf014,GSR_DMN,tr,T7,0.024252402570946678
dmnelf014,GSR_DMN,tr,T8,0.33995734005856454
dmnelf014,GSR_DMN,tr,P7,0.27842591226171964
dmnelf014,GSR_DMN,tr,P8,0.4370793638586153
dmnelf014,GSR_DMN,tr,Fz,0.1832750684132719
dmnelf014,GSR_DMN,tr,Cz,0.23604191135155636
dmnelf014,GSR_DMN,tr,Pz,0.20070220396313965
dmnelf014,GSR_DMN,tr,Oz,0.435942567498926
dmnelf014,GSR_DMN,tr,FC1,0.2785654281632033
dmnelf014,GSR_DMN,tr,FC2,0.2065255748823149
dmnelf014,GSR_DMN,tr,CP1,0.39561916819840437
dmnelf014,GSR_DMN,tr,CP2,0.40565392603433503
dmnelf014,GSR_DMN,tr,FC5,0.39747253700026003
dmnelf014,GSR_DMN,tr,FC6,0.2604605355146016
dmnelf014,GSR_DMN,tr,CP5,0.2182736944454548
dmnelf014,GSR_DMN,tr,CP6,0.2660979476749444
dmnelf014,GSR_DMN,tr,TP9,0.40050870792564436
dmnelf014,GSR_DMN,tr,TP10,0.2931528758921299
dmnelf014,GSR_DMN,tr,POz,0.4395800578340683
dmnelf015,GSR_DMN,tr,Fp1,0.17648951578793737
dmnelf015,GSR_DMN,tr,Fp2,0.09605749412376567
dmnelf015,GSR_DMN,tr,F3,0.03625128716340504
dmnelf015,GSR_DMN,tr,F4,0.12797261196047413
dmnelf015,GSR_DMN,tr,C3,-0.07285411901092681
dmnelf015,GSR_DMN,tr,C4,0.005358523718289935
dmnelf015,GSR_DMN,tr,P3,0.18402066065143138
dmnelf015,GSR_DMN,tr,P4,0.2823806944971422
dmnelf015,GSR_DMN,tr,O1,0.2597855559314841
dmnelf015,GSR_DMN,tr,O2,0.2842311193440938
dmnelf015,GSR_DMN,tr,F7,0.13436343507862952
dmnelf015,GSR_DMN,tr,F8,0.22264592791686838
dmnelf015,GSR_DMN,tr,T7,0.18980893754073616
dmnelf015,GSR_DMN,tr,T8,0.18371763013434703
dmnelf015,GSR_DMN,tr,P7,0.36011848092082405
dmnelf015,GSR_DMN,tr,P8,0.1589719627085372
dmnelf015,GSR_DMN,tr,Fz,0.11395166555503382
dmnelf015,GSR_DMN,tr,Cz,0.3322677295508344
dmnelf015,GSR_DMN,tr,Pz,0.3241106344692577
dmnelf015,GSR_DMN,tr,Oz,0.23369841752728426
dmnelf015,GSR_DMN,tr,FC1,0.28980761850757086
dmnelf015,GSR_DMN,tr,FC2,0.18395484753677524
dmnelf015,GSR_DMN,tr,CP1,0.26438473779239285
dmnelf015,GSR_DMN,tr,CP2,0.2800206360514902
dmnelf015,GSR_DMN,tr,FC5,0.2421194109623122
dmnelf015,GSR_DMN,tr,FC6,0.2229087199837649
dmnelf015,GSR_DMN,tr,CP5,0.11940793294717789
dmnelf015,GSR_DMN,tr,CP6,0.27079162252602373
dmnelf015,GSR_DMN,tr,TP9,0.18251878880815242
dmnelf015,GSR_DMN,tr,TP10,0.22673588345757908
dmnelf015,GSR_DMN,tr,POz,0.22527021407721504
dmnelf016,GSR_DMN,tr,Fp1,0.006233956659968034
dmnelf016,GSR_DMN,tr,Fp2,-0.06880009098841121
dmnelf016,GSR_DMN,tr,F3,-0.07134173888179873
dmnelf016,GSR_DMN,tr,F4,-0.1532619555317919
dmnelf016,GSR_DMN,tr,C3,0.005544723777958366
dmnelf016,GSR_DMN,tr,C4,-0.012228618043924852
dmnelf016,GSR_DMN,tr,P3,-0.0043617861841844015
dmnelf016,GSR_DMN,tr,P4,-0.12249814301666169
dmnelf016,GSR_DMN,tr,O1,0.10423329050611391
dmnelf016,GSR_DMN,tr,O2,0.08931463013769336
dmnelf016,GSR_DMN,tr,F7,-0.16901335933869788
dmnelf016,GSR_DMN,tr,F8,-0.07719398408871285
dmnelf016,GSR_DMN,tr,T7,-0.12168530628787005
dmnelf016,GSR_DMN,tr,T8,0.019837405579683047
dmnelf016,GSR_DMN,tr,P7,0.03229784276319732
dmnelf016,GSR_DMN,tr,P8,-0.0930192880172039
dmnelf016,GSR_DMN,tr,Fz,-0.14902166705212938
dmnelf016,GSR_DMN,tr,Cz,-0.01043240790404766
dmnelf016,GSR_DMN,tr,Pz,-0.08216922171582729
dmnelf016,GSR_DMN,tr,Oz,-0.09229158491011369
dmnelf016,GSR_DMN,tr,FC1,-0.06977241936758734
dmnelf016,GSR_DMN,tr,FC2,-0.06431344141522559
dmnelf016,GSR_DMN,tr,CP1,0.02608871850003113
dmnelf016,GSR_DMN,tr,CP2,-0.08751860779636288
dmnelf016,GSR_DMN,tr,FC5,0.176150931119665
dmnelf016,GSR_DMN,tr,FC6,-0.09065421306730688
dmnelf016,GSR_DMN,tr,CP5,-0.22543228930489778
dmnelf016,GSR_DMN,tr,CP6,-0.09378790170749289
dmnelf016,GSR_DMN,tr,TP9,0.012783863423419155
dmnelf016,GSR_DMN,tr,TP10,-0.20909487822524908
dmnelf016,GSR_DMN,tr,POz,-0.10353785061633214
dmnelf1001,GSR_DMN,tr,Fp1,-0.15622339580697575
dmnelf1001,GSR_DMN,tr,Fp2,-0.18765050697124072
dmnelf1001,GSR_DMN,tr,F3,0.045279964493508545
dmnelf1001,GSR_DMN,tr,F4,-0.23706808964207574
dmnelf1001,GSR_DMN,tr,C3,0.11394315924681736
dmnelf1001,GSR_DMN,tr,C4,-0.18451865117598573
dmnelf1001,GSR_DMN,tr,P3,-0.11790570114429157
dmnelf1001,GSR_DMN,tr,P4,-0.09446693178484726
dmnelf1001,GSR_DMN,tr,O1,-0.0497675485380848
dmnelf1001,GSR_DMN,tr,O2,-0.10534319615207272
dmnelf1001,GSR_DMN,tr,F7,0.020222710266141898
dmnelf1001,GSR_DMN,tr,F8,-0.1868545598882608
dmnelf1001,GSR_DMN,tr,T7,-0.18705157638820774
dmnelf1001,GSR_DMN,tr,T8,-0.11131678886370713
dmnelf1001,GSR_DMN,tr,P7,-0.24701030439788305
dmnelf1001,GSR_DMN,tr,P8,0.07884215890477718
dmnelf1001,GSR_DMN,tr,Fz,-0.13755313927473364
dmnelf1001,GSR_DMN,tr,Cz,-0.09062883288436496
dmnelf1001,GSR_DMN,tr,Pz,-0.04452821195413206
dmnelf1001,GSR_DMN,tr,Oz,-0.06711546088730866
dmnelf1001,GSR_DMN,tr,FC1,-0.09326058488350039
dmnelf1001,GSR_DMN,tr,FC2,-0.14826652858044145
dmnelf1001,GSR_DMN,tr,CP1,-0.0008461973756620962
dmnelf1001,GSR_DMN,tr,CP2,0.09082890409696039
dmnelf1001,GSR_DMN,tr,FC5,0.0018804986215330336
dmnelf1001,GSR_DMN,tr,FC6,-0.23556439435629298
dmnelf1001,GSR_DMN,tr,CP5,-0.2311676510173899
dmnelf1001,GSR_DMN,tr,CP6,0.014197528448870931
dmnelf1001,GSR_DMN,tr,TP9,-0.02973956558050312
dmnelf1001,GSR_DMN,tr,TP10,-0.1261789646649584
dmnelf1001,GSR_DMN,tr,POz,0.03862909363395221
dmnelf1002,GSR_DMN,tr,Fp1,0.07969297239256888
dmnelf1002,GSR_DMN,tr,Fp2,0.058462901653840084
dmnelf1002,GSR_DMN,tr,F3,0.11199803599724201
dmnelf1002,GSR_DMN,tr,F4,0.24018637781014257
dmnelf1002,GSR_DMN,tr,C3,-0.04660108622910333
dmnelf1002,GSR_DMN,tr,C4,0.17279045246218652
dmnelf1002,GSR_DMN,tr,P3,0.10465883801609477
dmnelf1002,GSR_DMN,tr,P4,0.07176881509344331
dmnelf1002,GSR_DMN,tr,O1,0.059685138009059925
dmnelf1002,GSR_DMN,tr,O2,0.1685952412243769
dmnelf1002,GSR_DMN,tr,F7,-0.05186731997190373
dmnelf1002,GSR_DMN,tr,F8,0.12543570007545474
dmnelf1002,GSR_DMN,tr,T7,0.02715507764075093
dmnelf1002,GSR_DMN,tr,T8,0.09750966475623815
dmnelf1002,GSR_DMN,tr,P7,0.1461080987263017
dmnelf1002,GSR_DMN,tr,P8,0.08918958987175135
dmnelf1002,GSR_DMN,tr,Fz,0.20793442376632457
dmnelf1002,GSR_DMN,tr,Cz,0.11532100324582127
dmnelf1002,GSR_DMN,tr,Pz,0.1401462211644925
dmnelf1002,GSR_DMN,tr,Oz,0.14262510635960382
dmnelf1002,GSR_DMN,tr,FC1,0.010384620058020232
dmnelf1002,GSR_DMN,tr,FC2,0.2870216292671463
dmnelf1002,GSR_DMN,tr,CP1,0.1569978927912046
dmnelf1002,GSR_DMN,tr,CP2,0.28014389420214236
dmnelf1002,GSR_DMN,tr,FC5,0.09332464000373226
dmnelf1002,GSR_DMN,tr,FC6,0.16883220416369918
dmnelf1002,GSR_DMN,tr,CP5,0.2387746017783001
dmnelf1002,GSR_DMN,tr,CP6,0.1288943689614115
dmnelf1002,GSR_DMN,tr,TP9,0.2432507157143737
dmnelf1002,GSR_DMN,tr,TP10,0.1480401348430468
dmnelf1002,GSR_DMN,tr,POz,0.06928541361101705
dmnelf1003,GSR_DMN,tr,Fp1,0.06571194149036078
dmnelf1003,GSR_DMN,tr,Fp2,0.16340234380864357
dmnelf1003,GSR_DMN,tr,F3,0.04539183092938401
dmnelf1003,GSR_DMN,tr,F4,0.05281317012479488
dmnelf1003,GSR_DMN,tr,C3,0.10591386310455657
dmnelf1003,GSR_DMN,tr,C4,0.03549078674493512
dmnelf1003,GSR_DMN,tr,P3,-0.15742318898214905
dmnelf1003,GSR_DMN,tr,P4,-0.08695623357843862
dmnelf1003,GSR_DMN,tr,O1,0.10587842616878557
dmnelf1003,GSR_DMN,tr,O2,-0.10490655169886028
dmnelf1003,GSR_DMN,tr,F7,0.1271195215931183
dmnelf1003,GSR_DMN,tr,F8,-0.13056007652865187
dmnelf1003,GSR_DMN,tr,T7,-0.25511752609509275
dmnelf1003,GSR_DMN,tr,T8,0.026899631949734777
dmnelf1003,GSR_DMN,tr,P7,-0.2225787970413985
dmnelf1003,GSR_DMN,tr,P8,-0.3926164821608053
dmnelf1003,GSR_DMN,tr,Fz,-0.1933645683253083
dmnelf1003,GSR_DMN,tr,Cz,-0.00404320404660489
dmnelf1003,GSR_DMN,tr,Pz,0.21023982515562373
dmnelf1003,GSR_DMN,tr,Oz,0.025571017586262866
dmnelf1003,GSR_DMN,tr,FC1,0.24308231137344619
dmnelf1003,GSR_DMN,tr,FC2,0.12831386210708118
dmnelf1003,GSR_DMN,tr,CP1,0.0721836014666996
dmnelf1003,GSR_DMN,tr,CP2,-0.18747136100216844
dmnelf1003,GSR_DMN,tr,FC5,0.19137413603529396
dmnelf1003,GSR_DMN,tr,FC6,-0.10784229488424892
dmnelf1003,GSR_DMN,tr,CP5,-0.24800002253272307
dmnelf1003,GSR_DMN,tr,CP6,-0.15666848137077583
dmnelf1003,GSR_DMN,tr,TP9,-0.388825006936473
dmnelf1003,GSR_DMN,tr,TP10,-0.30418843163306497
dmnelf1003,GSR_DMN,tr,POz,-0.07085800863800504
dmnelf001,GSR_CEN,tr,Fp1,0.0726401988196075
dmnelf001,GSR_CEN,tr,Fp2,-0.05208763134376785
dmnelf001,GSR_CEN,tr,F3,0.0407371151953199
dmnelf001,GSR_CEN,tr,F4,-0.09879118454645722
dmnelf001,GSR_CEN,tr,C3,0.10401046493564631
dmnelf001,GSR_CEN,tr,C4,-0.005930330547376182
dmnelf001,GSR_CEN,tr,P3,0.15363827162129687
dmnelf001,GSR_CEN,tr,P4,0.1383671380971986
dmnelf001,GSR_CEN,tr,O1,0.17538947808108776
dmnelf001,GSR_CEN,tr,O2,0.22099522398270788
dmnelf001,GSR_CEN,tr,F7,0.03658347263907656
dmnelf001,GSR_CEN,tr,F8,-0.0109046937170823
dmnelf001,GSR_CEN,tr,T7,-0.10890223989795607
dmnelf001,GSR_CEN,tr,T8,0.021468287593373762
dmnelf001,GSR_CEN,tr,P7,0.1004921243243551
dmnelf001,GSR_CEN,tr,P8,0.1644398258450865
dmnelf001,GSR_CEN,tr,Fz,0.06603830195815898
dmnelf001,GSR_CEN,tr,Cz,0.20021820579390004
dmnelf001,GSR_CEN,tr,Pz,0.052085659763144554
dmnelf001,GSR_CEN,tr,Oz,0.07595898838496548
dmnelf001,GSR_CEN,tr,FC1,0.24907050275865325
dmnelf001,GSR_CEN,tr,FC2,0.09482565334295805
dmnelf001,GSR_CEN,tr,CP1,0.014643295250301568
dmnelf001,GSR_CEN,tr,CP2,-0.12981810093590604
dmnelf001,GSR_CEN,tr,FC5,0.04409330526413127
dmnelf001,GSR_CEN,tr,FC6,0.038665434353852224
dmnelf001,GSR_CEN,tr,CP5,0.041743795578091464
dmnelf001,GSR_CEN,tr,CP6,0.02201327952265929
dmnelf001,GSR_CEN,tr,TP9,-0.01371820836861431
dmnelf001,GSR_CEN,tr,TP10,0.08321358857224016
dmnelf001,GSR_CEN,tr,POz,-0.14616418963158134
dmnelf002,GSR_CEN,tr,Fp1,0.12890361141180617
dmnelf002,GSR_CEN,tr,Fp2,-0.03997804626409747
dmnelf002,GSR_CEN,tr,F3,-0.16955551522716417
dmnelf002,GSR_CEN,tr,F4,-0.029287477406140454
dmnelf002,GSR_CEN,tr,C3,-0.15728966953485096
dmnelf002,GSR_CEN,tr,C4,-0.15288297105223136
dmnelf002,GSR_CEN,tr,P3,-0.07059745794707088
dmnelf002,GSR_CEN,tr,P4,0.08006393758376827
dmnelf002,GSR_CEN,tr,O1,0.11261472939829816
dmnelf002,GSR_CEN,tr,O2,0.13286618243654424
dmnelf002,GSR_CEN,tr,F7,-0.056173033814204125
dmnelf002,GSR_CEN,tr,F8,-0.08784606940644892
dmnelf002,GSR_CEN,tr,T7,0.08803249044910592
dmnelf002,GSR_CEN,tr,T8,0.00611304744662332
dmnelf002,GSR_CEN,tr,P7,0.09561899071342665
dmnelf002,GSR_CEN,tr,P8,-0.12802181773290877
dmnelf002,GSR_CEN,tr,Fz,0.06088921180984772
dmnelf002,GSR_CEN,tr,Cz,0.03553066677538821
dmnelf002,GSR_CEN,tr,Pz,0.2323053275803743
dmnelf002,GSR_CEN,tr,Oz,0.18985217829415538
dmnelf002,GSR_CEN,tr,FC1,-0.15050015047058704
dmnelf002,GSR_CEN,tr,FC2,-0.08950959213917424
dmnelf002,GSR_CEN,tr,CP1,0.09874454948861489
dmnelf002,GSR_CEN,tr,CP2,-0.18950588259054488
dmnelf002,GSR_CEN,tr,FC5,-0.06901698835060584
dmnelf002,GSR_CEN,tr,FC6,-0.036844407875531816
dmnelf002,GSR_CEN,tr,CP5,-0.009704436351636163
dmnelf002,GSR_CEN,tr,CP6,-0.07071756768866368
dmnelf002,GSR_CEN,tr,TP9,-0.06438224482075583
dmnelf002,GSR_CEN,tr,TP10,-0.11890295275038654
dmnelf002,GSR_CEN,tr,POz,0.2398313607439457
dmnelf003,GSR_CEN,tr,Fp1,0.28089666282857734
dmnelf003,GSR_CEN,tr,Fp2,0.26490691230858454
dmnelf003,GSR_CEN,tr,F3,0.3260742660079238
dmnelf003,GSR_CEN,tr,F4,0.23630252714292607
dmnelf003,GSR_CEN,tr,C3,0.19086106687848503
dmnelf003,GSR_CEN,tr,C4,0.2147654656277446
dmnelf003,GSR_CEN,tr,P3,0.23536344393222564
dmnelf003,GSR_CEN,tr,P4,0.24085070817571086
dmnelf003,GSR_CEN,tr,O1,0.2532642396966864
dmnelf003,GSR_CEN,tr,O2,0.22858370300398617
dmnelf003,GSR_CEN,tr,F7,0.2147619094800563
dmnelf003,GSR_CEN,tr,F8,0.26964393182672647
dmnelf003,GSR_CEN,tr,T7,0.3250909700932112
dmnelf003,GSR_CEN,tr,T8,0.28732438162437524
dmnelf003,GSR_CEN,tr,P7,0.2910763232178983
dmnelf003,GSR_CEN,tr,P8,0.2657884852757322
dmnelf003,GSR_CEN,tr,Fz,0.2058318977966126
dmnelf003,GSR_CEN,tr,Cz,0.22034455593685046
dmnelf003,GSR_CEN,tr,Pz,0.1867618745952556
dmnelf003,GSR_CEN,tr,Oz,0.2461743786620273
dmnelf003,GSR_CEN,tr,FC1,0.2647006656073194
dmnelf003,GSR_CEN,tr,FC2,0.26249140927571696
dmnelf003,GSR_CEN,tr,CP1,0.2696284832146927
dmnelf003,GSR_CEN,tr,CP2,0.26382718520698606
dmnelf003,GSR_CEN,tr,FC5,0.21175116459983276
dmnelf003,GSR_CEN,tr,FC6,0.2537975694969975
dmnelf003,GSR_CEN,tr,CP5,0.2889088835473646
dmnelf003,GSR_CEN,tr,CP6,0.2042152934733674
dmnelf003,GSR_CEN,tr,TP9,0.3348058319457621
dmnelf003,GSR_CEN,tr,TP10,0.2797871122059337
dmnelf003,GSR_CEN,tr,POz,0.27268737614319377
dmnelf004,GSR_CEN,tr,Fp1,0.1714845018206436
dmnelf004,GSR_CEN,tr,Fp2,0.34809062868518753
dmnelf004,GSR_CEN,tr,F3,0.16926356425725386
dmnelf004,GSR_CEN,tr,F4,0.15687815112795223
dmnelf004,GSR_CEN,tr,C3,0.14980593739133533
dmnelf004,GSR_CEN,tr,C4,0.21286897873558258
dmnelf004,GSR_CEN,tr,P3,0.17644736842735864
dmnelf004,GSR_CEN,tr,P4,0.2972908944885029
dmnelf004,GSR_CEN,tr,O1,0.1461883761477553
dmnelf004,GSR_CEN,tr,O2,0.11141763697898399
dmnelf004,GSR_CEN,tr,F7,0.036143861626000556
dmnelf004,GSR_CEN,tr,F8,0.0968322891619904
dmnelf004,GSR_CEN,tr,T7,-0.03583257489083877
dmnelf004,GSR_CEN,tr,T8,0.04293755130136843
dmnelf004,GSR_CEN,tr,P7,0.0981296004596209
dmnelf004,GSR_CEN,tr,P8,0.08275571608220386
dmnelf004,GSR_CEN,tr,Fz,0.3319094363689511
dmnelf004,GSR_CEN,tr,Cz,0.2800889651847397
dmnelf004,GSR_CEN,tr,Pz,0.36810367579587255
dmnelf004,GSR_CEN,tr,Oz,0.32215856051107433
dmnelf004,GSR_CEN,tr,FC1,0.3029524943046934
dmnelf004,GSR_CEN,tr,FC2,0.2855062377906857
dmnelf004,GSR_CEN,tr,CP1,0.22461805944058336
dmnelf004,GSR_CEN,tr,CP2,0.16456314502867425
dmnelf004,GSR_CEN,tr,FC5,0.10554249696474263
dmnelf004,GSR_CEN,tr,FC6,0.00987450168463551
dmnelf004,GSR_CEN,tr,CP5,0.16018781548118097
dmnelf004,GSR_CEN,tr,CP6,0.0807626140127912
dmnelf004,GSR_CEN,tr,TP9,0.14044675187239183
dmnelf004,GSR_CEN,tr,TP10,0.08178973264971248
dmnelf004,GSR_CEN,tr,POz,0.24161883287376673
dmnelf005,GSR_CEN,tr,Fp1,0.2678836192222294
dmnelf005,GSR_CEN,tr,Fp2,0.3738194584556123
dmnelf005,GSR_CEN,tr,F3,0.4666149855080049
dmnelf005,GSR_CEN,tr,F4,0.5242507830827667
dmnelf005,GSR_CEN,tr,C3,0.3004454377390901
dmnelf005,GSR_CEN,tr,C4,0.3623771791211333
dmnelf005,GSR_CEN,tr,P3,0.45904873495021786
dmnelf005,GSR_CEN,tr,P4,0.5032490949498581
dmnelf005,GSR_CEN,tr,O1,0.3538847117952615
dmnelf005,GSR_CEN,tr,O2,0.30573781971027975
dmnelf005,GSR_CEN,tr,F7,0.29884113062514156
dmnelf005,GSR_CEN,tr,F8,0.27314363892363286
dmnelf005,GSR_CEN,tr,T7,0.3017551477920401
dmnelf005,GSR_CEN,tr,T8,0.4670310271322786
dmnelf005,GSR_CEN,tr,P7,0.4135560784779276
dmnelf005,GSR_CEN,tr,P8,0.5372299382168181
dmnelf005,GSR_CEN,tr,Fz,0.6204006618687514
dmnelf005,GSR_CEN,tr,Cz,0.336898030467874
dmnelf005,GSR_CEN,tr,Pz,0.3318436172408575
dmnelf005,GSR_CEN,tr,Oz,0.3145645253957802
dmnelf005,GSR_CEN,tr,FC1,0.5138332383750013
dmnelf005,GSR_CEN,tr,FC2,0.4420295512197311
dmnelf005,GSR_CEN,tr,CP1,0.3598307997005716
dmnelf005,GSR_CEN,tr,CP2,0.3466239230435891
dmnelf005,GSR_CEN,tr,FC5,0.2846919072758782
dmnelf005,GSR_CEN,tr,FC6,0.360408053475103
dmnelf005,GSR_CEN,tr,CP5,0.48376221519081447
dmnelf005,GSR_CEN,tr,CP6,0.5198706442285606
dmnelf005,GSR_CEN,tr,TP9,0.2862364879462975
dmnelf005,GSR_CEN,tr,TP10,0.3438376990875322
dmnelf005,GSR_CEN,tr,POz,0.4491045678785738
dmnelf006,GSR_CEN,tr,Fp1,0.0005929400376210722
dmnelf006,GSR_CEN,tr,Fp2,-0.008942487705725739
dmnelf006,GSR_CEN,tr,F3,-0.12133153091779014
dmnelf006,GSR_CEN,tr,F4,0.0015589209031700265
dmnelf006,GSR_CEN,tr,C3,-0.18786740942316568
dmnelf006,GSR_CEN,tr,C4,-0.10501741963885718
dmnelf006,GSR_CEN,tr,P3,0.08650653275509713
dmnelf006,GSR_CEN,tr,P4,0.09607372075097804
dmnelf006,GSR_CEN,tr,O1,0.02910056469327558
dmnelf006,GSR_CEN,tr,O2,0.05415521795869966
dmnelf006,GSR_CEN,tr,F7,-0.12235169461433251
dmnelf006,GSR_CEN,tr,F8,-0.07816104082251399
dmnelf006,GSR_CEN,tr,T7,-0.1748357732467728
dmnelf006,GSR_CEN,tr,T8,-0.22499963691801025
dmnelf006,GSR_CEN,tr,P7,0.010303192294882522
dmnelf006,GSR_CEN,tr,P8,-0.1473790589249997
dmnelf006,GSR_CEN,tr,Fz,-0.09878812413915214
dmnelf006,GSR_CEN,tr,Cz,-0.03281569873630357
dmnelf006,GSR_CEN,tr,Pz,0.030150200773518057
dmnelf006,GSR_CEN,tr,Oz,0.03481430143859304
dmnelf006,GSR_CEN,tr,FC1,-0.09858109124280022
dmnelf006,GSR_CEN,tr,FC2,0.14161282094343217
dmnelf006,GSR_CEN,tr,CP1,0.10653678502737618
dmnelf006,GSR_CEN,tr,CP2,0.0840716553129521
dmnelf006,GSR_CEN,tr,FC5,-0.11996947799434686
dmnelf006,GSR_CEN,tr,FC6,-0.09707993352010662
dmnelf006,GSR_CEN,tr,CP5,-0.23434253068955435
dmnelf006,GSR_CEN,tr,CP6,-0.09967335175858155
dmnelf006,GSR_CEN,tr,TP9,-0.18118984477018216
dmnelf006,GSR_CEN,tr,TP10,-0.164150222731156
dmnelf006,GSR_CEN,tr,POz,-0.005430378213265755
dmnelf007,GSR_CEN,tr,Fp1,0.21020173381478272
dmnelf007,GSR_CEN,tr,Fp2,0.17149196979418882
dmnelf007,GSR_CEN,tr,F3,-0.09730549605540836
dmnelf007,GSR_CEN,tr,F4,-0.07916410003316088
dmnelf007,GSR_CEN,tr,C3,0.1157626886561914
dmnelf007,GSR_CEN,tr,C4,0.12637583038669323
dmnelf007,GSR_CEN,tr,P3,-0.13719363470438511
dmnelf007,GSR_CEN,tr,P4,0.08290867178754704
dmnelf007,GSR_CEN,tr,O1,0.21683477868240597
dmnelf007,GSR_CEN,tr,O2,0.12180884535156672
dmnelf007,GSR_CEN,tr,F7,0.04090251410169508
dmnelf007,GSR_CEN,tr,F8,0.2988212132642742
dmnelf007,GSR_CEN,tr,T7,0.35927127042649
dmnelf007,GSR_CEN,tr,T8,0.019249508127568486
dmnelf007,GSR_CEN,tr,P7,0.15032696958405223
dmnelf007,GSR_CEN,tr,P8,-0.02696888971052891
dmnelf007,GSR_CEN,tr,Fz,0.04073873406966244
dmnelf007,GSR_CEN,tr,Cz,0.11559178212005007
dmnelf007,GSR_CEN,tr,Pz,0.29802621114830946
dmnelf007,GSR_CEN,tr,Oz,-0.07174234816891784
dmnelf007,GSR_CEN,tr,FC1,0.050390547483818576
dmnelf007,GSR_CEN,tr,FC2,-0.022941157841188598
dmnelf007,GSR_CEN,tr,CP1,0.04723936388707209
dmnelf007,GSR_CEN,tr,CP2,0.16453430725481874
dmnelf007,GSR_CEN,tr,FC5,-0.06383654072806226
dmnelf007,GSR_CEN,tr,FC6,0.14782703312137474
dmnelf007,GSR_CEN,tr,CP5,-0.023324682142585353
dmnelf007,GSR_CEN,tr,CP6,0.18751794872560543
dmnelf007,GSR_CEN,tr,TP9,0.10060564070246575
dmnelf007,GSR_CEN,tr,TP10,-0.1099352949079475
dmnelf007,GSR_CEN,tr,POz,0.04902080419788274
dmnelf008,GSR_CEN,tr,Fp1,0.3359273182304989
dmnelf008,GSR_CEN,tr,Fp2,0.4788476907155326
dmnelf008,GSR_CEN,tr,F3,0.3982407981394499
dmnelf008,GSR_CEN,tr,F4,0.24132599420142162
dmnelf008,GSR_CEN,tr,C3,0.1344618605395626
dmnelf008,GSR_CEN,tr,C4,0.06970710288771172
dmnelf008,GSR_CEN,tr,P3,0.07608377418986909
dmnelf008,GSR_CEN,tr,P4,0.21723154280603058
dmnelf008,GSR_CEN,tr,O1,0.24371350970408018
dmnelf008,GSR_CEN,tr,O2,0.29126748359197985
dmnelf008,GSR_CEN,tr,F7,0.48450784711911643
dmnelf008,GSR_CEN,tr,F8,0.32103649775453535
dmnelf008,GSR_CEN,tr,T7,0.4368209330075392
dmnelf008,GSR_CEN,tr,T8,0.4362167018040844
dmnelf008,GSR_CEN,tr,P7,0.33688997982123525
dmnelf008,GSR_CEN,tr,P8,0.18561767957070577
dmnelf008,GSR_CEN,tr,Fz,0.19978002247436613
dmnelf008,GSR_CEN,tr,Cz,0.2780759728689817
dmnelf008,GSR_CEN,tr,Pz,0.25231827565684944
dmnelf008,GSR_CEN,tr,Oz,0.2887637313572841
dmnelf008,GSR_CEN,tr,FC1,0.2645675220038299
dmnelf008,GSR_CEN,tr,FC2,0.10993206942855087
dmnelf008,GSR_CEN,tr,CP1,0.13808028876680117
dmnelf008,GSR_CEN,tr,CP2,0.2211360997108379
dmnelf008,GSR_CEN,tr,FC5,0.38206563745854705
dmnelf008,GSR_CEN,tr,FC6,0.16674743573169992
dmnelf008,GSR_CEN,tr,CP5,0.32096295934275404
dmnelf008,GSR_CEN,tr,CP6,0.23141860553399274
dmnelf008,GSR_CEN,tr,TP9,0.4896064870838958
dmnelf008,GSR_CEN,tr,TP10,0.3536602118818496
dmnelf008,GSR_CEN,tr,POz,0.32167631733800656
dmnelf009,GSR_CEN,tr,Fp1,0.1383164775332073
dmnelf009,GSR_CEN,tr,Fp2,0.24059318530323867
dmnelf009,GSR_CEN,tr,F3,0.1080086640738693
dmnelf009,GSR_CEN,tr,F4,0.12225787534438846
dmnelf009,GSR_CEN,tr,C3,0.02355469613592904
dmnelf009,GSR_CEN,tr,C4,0.07213563379474912
dmnelf009,GSR_CEN,tr,P3,0.13429613208589386
dmnelf009,GSR_CEN,tr,P4,0.1814223117946012
dmnelf009,GSR_CEN,tr,O1,0.20531257885634882
dmnelf009,GSR_CEN,tr,O2,-0.05396491593283799
dmnelf009,GSR_CEN,tr,F7,0.032062892138307306
dmnelf009,GSR_CEN,tr,F8,0.05837253232913031
dmnelf009,GSR_CEN,tr,T7,0.050797798024030824
dmnelf009,GSR_CEN,tr,T8,0.06672819345021358
dmnelf009,GSR_CEN,tr,P7,0.08056980511086881
dmnelf009,GSR_CEN,tr,P8,0.19469878348758868
dmnelf009,GSR_CEN,tr,Fz,0.12882148368653296
dmnelf009,GSR_CEN,tr,Cz,0.016122677482494525
dmnelf009,GSR_CEN,tr,Pz,0.19277168988269613
dmnelf009,GSR_CEN,tr,Oz,0.13589996069256133
dmnelf009,GSR_CEN,tr,FC1,0.13265864413555495
dmnelf009,GSR_CEN,tr,FC2,0.12240097916472417
dmnelf009,GSR_CEN,tr,CP1,0.20889754528921675
dmnelf009,GSR_CEN,tr,CP2,0.19352688993148498
dmnelf009,GSR_CEN,tr,FC5,0.15763737860648136
dmnelf009,GSR_CEN,tr,FC6,0.07927181734555201
dmnelf009,GSR_CEN,tr,CP5,0.15106667325310968
dmnelf009,GSR_CEN,tr,CP6,0.2723967726641882
dmnelf009,GSR_CEN,tr,TP9,0.09269605507963863
dmnelf009,GSR_CEN,tr,TP10,-0.1529770053356408
dmnelf009,GSR_CEN,tr,POz,0.13418065287056097
dmnelf010,GSR_CEN,tr,Fp1,-0.0016017946657928314
dmnelf010,GSR_CEN,tr,Fp2,-0.20493591976806022
dmnelf010,GSR_CEN,tr,F3,-0.22337163302238836
dmnelf010,GSR_CEN,tr,F4,-0.17106435174484333
dmnelf010,GSR_CEN,tr,C3,-0.015743748372670407
dmnelf010,GSR_CEN,tr,C4,-0.15146006929722008
dmnelf010,GSR_CEN,tr,P3,-0.27945158649216684
dmnelf010,GSR_CEN,tr,P4,0.021610402995444592
dmnelf010,GSR_CEN,tr,O1,-0.16548171490494604
dmnelf010,GSR_CEN,tr,O2,-0.18595628519417806
dmnelf010,GSR_CEN,tr,F7,0.036990589335889286
dmnelf010,GSR_CEN,tr,F8,-0.24819691435531943
dmnelf010,GSR_CEN,tr,T7,-0.20687584982010473
dmnelf010,GSR_CEN,tr,T8,-0.008982458119686986
dmnelf010,GSR_CEN,tr,P7,-0.1437181050935446
dmnelf010,GSR_CEN,tr,P8,-0.08665653757940689
dmnelf010,GSR_CEN,tr,Fz,-0.13269691125630814
dmnelf010,GSR_CEN,tr,Cz,-0.08943313647032504
dmnelf010,GSR_CEN,tr,Pz,-0.1409420190690179
dmnelf010,GSR_CEN,tr,Oz,-0.26526179428318036
dmnelf010,GSR_CEN,tr,FC1,-0.16666351420843847
dmnelf010,GSR_CEN,tr,FC2,-0.19929559524675228
dmnelf010,GSR_CEN,tr,CP1,-0.09847001754451752
dmnelf010,GSR_CEN,tr,CP2,-0.18275613799246782
dmnelf010,GSR_CEN,tr,FC5,0.07356286634170035
dmnelf010,GSR_CEN,tr,FC6,-0.12576972025235175
dmnelf010,GSR_CEN,tr,CP5,-0.118975212592091
dmnelf010,GSR_CEN,tr,CP6,-0.09140363743530293
dmnelf010,GSR_CEN,tr,TP9,-0.13526565432993862
dmnelf010,GSR_CEN,tr,TP10,-0.18942255748285336
dmnelf010,GSR_CEN,tr,POz,-0.13162254820830216
dmnelf011,GSR_CEN,tr,Fp1,-0.11461263234661218
dmnelf011,GSR_CEN,tr,Fp2,-0.06975715520851464
dmnelf011,GSR_CEN,tr,F3,-0.10179277000729461
dmnelf011,GSR_CEN,tr,F4,-0.024966621611140053
dmnelf011,GSR_CEN,tr,C3,0.006184133895245858
dmnelf011,GSR_CEN,tr,C4,-0.046800047061348785
dmnelf011,GSR_CEN,tr,P3,0.1407310367727968
dmnelf011,GSR_CEN,tr,P4,-0.0633690384891714
dmnelf011,GSR_CEN,tr,O1,-0.09235224896071996
dmnelf011,GSR_CEN,tr,O2,-0.006834581975183248
dmnelf011,GSR_CEN,tr,F7,-0.0014679775020897965
dmnelf011,GSR_CEN,tr,F8,-0.05436839537775653
dmnelf011,GSR_CEN,tr,T7,0.015054176254347722
dmnelf011,GSR_CEN,tr,T8,-0.07846911714907287
dmnelf011,GSR_CEN,tr,P7,-0.0034114910172830483
dmnelf011,GSR_CEN,tr,P8,-0.04033582888099934
dmnelf011,GSR_CEN,tr,Fz,0.022466324986571203
dmnelf011,GSR_CEN,tr,Cz,-0.029029679094085048
dmnelf011,GSR_CEN,tr,Pz,0.05383447629077143
dmnelf011,GSR_CEN,tr,Oz,-0.023511308083471703
dmnelf011,GSR_CEN,tr,FC1,-0.08362494795263999
dmnelf011,GSR_CEN,tr,FC2,-0.07246794476409166
dmnelf011,GSR_CEN,tr,CP1,0.002525928272115771
dmnelf011,GSR_CEN,tr,CP2,-0.029434858900371834
dmnelf011,GSR_CEN,tr,FC5,0.001126640137044708
dmnelf011,GSR_CEN,tr,FC6,-0.13067438800912068
dmnelf011,GSR_CEN,tr,CP5,0.05375114655944638
dmnelf011,GSR_CEN,tr,CP6,0.021871170994166692
dmnelf011,GSR_CEN,tr,TP9,0.022396856619472064
dmnelf011,GSR_CEN,tr,TP10,0.007553615792303555
dmnelf011,GSR_CEN,tr,POz,-0.19070082814330155
dmnelf012,GSR_CEN,tr,Fp1,0.27751115599921927
dmnelf012,GSR_CEN,tr,Fp2,0.013365106409754253
dmnelf012,GSR_CEN,tr,F3,0.11106718534028136
dmnelf012,GSR_CEN,tr,F4,0.01429641923144458
dmnelf012,GSR_CEN,tr,C3,0.08218861979084836
dmnelf012,GSR_CEN,tr,C4,0.22904571385716296
dmnelf012,GSR_CEN,tr,P3,0.23955509252832857
dmnelf012,GSR_CEN,tr,P4,0.27620384102641987
dmnelf012,GSR_CEN,tr,O1,0.20324085600214092
dmnelf012,GSR_CEN,tr,O2,0.13276572737488573
dmnelf012,GSR_CEN,tr,F7,0.14180369695589162
dmnelf012,GSR_CEN,tr,F8,0.12858910775899243
dmnelf012,GSR_CEN,tr,T7,0.08230034286490323
dmnelf012,GSR_CEN,tr,T8,0.1235151853060284
dmnelf012,GSR_CEN,tr,P7,0.08575434688355509
dmnelf012,GSR_CEN,tr,P8,0.1380486639531085
dmnelf012,GSR_CEN,tr,Fz,0.14037225673351067
dmnelf012,GSR_CEN,tr,Cz,0.3385514198748545
dmnelf012,GSR_CEN,tr,Pz,0.43391930185970434
dmnelf012,GSR_CEN,tr,Oz,0.2710146323805508
dmnelf012,GSR_CEN,tr,FC1,0.09270455412028004
dmnelf012,GSR_CEN,tr,FC2,-0.06375912429840928
dmnelf012,GSR_CEN,tr,CP1,0.17504411054646868
dmnelf012,GSR_CEN,tr,CP2,0.13876674950231732
dmnelf012,GSR_CEN,tr,FC5,0.15315756285361284
dmnelf012,GSR_CEN,tr,FC6,0.024402848114510895
dmnelf012,GSR_CEN,tr,CP5,0.12393727255775672
dmnelf012,GSR_CEN,tr,CP6,0.11130236372343887
dmnelf012,GSR_CEN,tr,TP9,0.03928125510544959
dmnelf012,GSR_CEN,tr,TP10,0.18091990204425046
dmnelf012,GSR_CEN,tr,POz,0.531555139107004
dmnelf013,GSR_CEN,tr,Fp1,-0.3127693473555293
dmnelf013,GSR_CEN,tr,Fp2,-0.3395291534680912
dmnelf013,GSR_CEN,tr,F3,-0.34916630974310386
dmnelf013,GSR_CEN,tr,F4,-0.3462016681972025
dmnelf013,GSR_CEN,tr,C3,-0.33094597913900664
dmnelf013,GSR_CEN,tr,C4,-0.38531373508680605
dmnelf013,GSR_CEN,tr,P3,-0.3762933932793059
dmnelf013,GSR_CEN,tr,P4,-0.37026754166860276
dmnelf013,GSR_CEN,tr,O1,-0.3066973234827041
dmnelf013,GSR_CEN,tr,O2,-0.3292644708475049
dmnelf013,GSR_CEN,tr,F7,-0.3856663381129253
dmnelf013,GSR_CEN,tr,F8,-0.35254832739455466
dmnelf013,GSR_CEN,tr,T7,-0.362896810123076
dmnelf013,GSR_CEN,tr,T8,-0.3579842605627722
dmnelf013,GSR_CEN,tr,P7,-0.3486261890003783
dmnelf013,GSR_CEN,tr,P8,-0.3209717520423061
dmnelf013,GSR_CEN,tr,Fz,-0.36698988618849415
dmnelf013,GSR_CEN,tr,Cz,-0.31361067178684787
dmnelf013,GSR_CEN,tr,Pz,-0.3482840081878244
dmnelf013,GSR_CEN,tr,Oz,-0.3058530133495436
dmnelf013,GSR_CEN,tr,FC1,-0.39158427870020884
dmnelf013,GSR_CEN,tr,FC2,-0.1105737993142065
dmnelf013,GSR_CEN,tr,CP1,-0.3598099424024533
dmnelf013,GSR_CEN,tr,CP2,-0.3349867890470268
dmnelf013,GSR_CEN,tr,FC5,-0.3882237444673127
dmnelf013,GSR_CEN,tr,FC6,-0.34556828383257104
dmnelf013,GSR_CEN,tr,CP5,-0.34403091424398574
dmnelf013,GSR_CEN,tr,CP6,-0.3655263877454937
dmnelf013,GSR_CEN,tr,TP9,-0.33135651783024417
dmnelf013,GSR_CEN,tr,TP10,-0.31753503299704905
dmnelf013,GSR_CEN,tr,POz,-0.33643371717065684
dmnelf014,GSR_CEN,tr,Fp1,-0.014441321633046424
dmnelf014,GSR_CEN,tr,Fp2,-0.2628218657614382
dmnelf014,GSR_CEN,tr,F3,0.14217790985246068
dmnelf014,GSR_CEN,tr,F4,-0.2577708952768566
dmnelf014,GSR_CEN,tr,C3,-0.06427799240891835
dmnelf014,GSR_CEN,tr,C4,-0.15898154495379657
dmnelf014,GSR_CEN,tr,P3,-0.25023497500875785
dmnelf014,GSR_CEN,tr,P4,-0.23146331384910487
dmnelf014,GSR_CEN,tr,O1,-0.14221483549686836
dmnelf014,GSR_CEN,tr,O2,-0.02475686209129909
dmnelf014,GSR_CEN,tr,F7,0.08576347731755284
dmnelf014,GSR_CEN,tr,F8,-0.12167020662092962
dmnelf014,GSR_CEN,tr,T7,-0.03591730887089599
dmnelf014,GSR_CEN,tr,T8,-0.1147780142336068
dmnelf014,GSR_CEN,tr,P7,-0.05155797345705869
dmnelf014,GSR_CEN,tr,P8,0.1089371008397831
dmnelf014,GSR_CEN,tr,Fz,-0.36643805167812915
dmnelf014,GSR_CEN,tr,Cz,-0.1927619953908259
dmnelf014,GSR_CEN,tr,Pz,-0.35942629661802417
dmnelf014,GSR_CEN,tr,Oz,0.16567665263022918
dmnelf014,GSR_CEN,tr,FC1,-0.1796465918663009
dmnelf014,GSR_CEN,tr,FC2,-0.298824294634127
dmnelf014,GSR_CEN,tr,CP1,-0.37558962339236696
dmnelf014,GSR_CEN,tr,CP2,-0.22447641891136003
dmnelf014,GSR_CEN,tr,FC5,-0.2652561407819
dmnelf014,GSR_CEN,tr,FC6,-0.2019030727174084
dmnelf014,GSR_CEN,tr,CP5,-0.3491707908561879
dmnelf014,GSR_CEN,tr,CP6,-0.02612865716518175
dmnelf014,GSR_CEN,tr,TP9,0.1375446829130759
dmnelf014,GSR_CEN,tr,TP10,-0.05299960540018565
dmnelf014,GSR_CEN,tr,POz,-0.03736539051088298
dmnelf015,GSR_CEN,tr,Fp1,0.3604882663078822
dmnelf015,GSR_CEN,tr,Fp2,0.44362333817189464
dmnelf015,GSR_CEN,tr,F3,0.43675237940828104
dmnelf015,GSR_CEN,tr,F4,0.4324395277241489
dmnelf015,GSR_CEN,tr,C3,0.4360418309611408
dmnelf015,GSR_CEN,tr,C4,0.0025018339956204665
dmnelf015,GSR_CEN,tr,P3,0.3216075147489145
dmnelf015,GSR_CEN,tr,P4,0.382815110974811
dmnelf015,GSR_CEN,tr,O1,0.5064457167311689
dmnelf015,GSR_CEN,tr,O2,0.5607228050041417
dmnelf015,GSR_CEN,tr,F7,0.558315577212385
dmnelf015,GSR_CEN,tr,F8,0.40971684912851386
dmnelf015,GSR_CEN,tr,T7,0.3926432241138821
dmnelf015,GSR_CEN,tr,T8,0.3124042624043312
dmnelf015,GSR_CEN,tr,P7,0.37639199284556507
dmnelf015,GSR_CEN,tr,P8,0.5038273861120597
dmnelf015,GSR_CEN,tr,Fz,0.458815253007843
dmnelf015,GSR_CEN,tr,Cz,0.5074239497776246
dmnelf015,GSR_CEN,tr,Pz,0.3901369461792813
dmnelf015,GSR_CEN,tr,Oz,0.555893507250474
dmnelf015,GSR_CEN,tr,FC1,0.4029962811131391
dmnelf015,GSR_CEN,tr,FC2,0.4369864849456706
dmnelf015,GSR_CEN,tr,CP1,0.26647624961069694
dmnelf015,GSR_CEN,tr,CP2,0.4262711692723658
dmnelf015,GSR_CEN,tr,FC5,0.4936361920731781
dmnelf015,GSR_CEN,tr,FC6,0.3133859632060952
dmnelf015,GSR_CEN,tr,CP5,0.13624396741954656
dmnelf015,GSR_CEN,tr,CP6,0.409662375744786
dmnelf015,GSR_CEN,tr,TP9,0.4589897732620927
dmnelf015,GSR_CEN,tr,TP10,0.3758674373591765
dmnelf015,GSR_CEN,tr,POz,0.4207866933509062
dmnelf016,GSR_CEN,tr,Fp1,0.07568042222066518
dmnelf016,GSR_CEN,tr,Fp2,0.06956479575882477
dmnelf016,GSR_CEN,tr,F3,0.06974932662462846
dmnelf016,GSR_CEN,tr,F4,0.07397081098196391
dmnelf016,GSR_CEN,tr,C3,0.09467853629822284
dmnelf016,GSR_CEN,tr,C4,0.12612279480706123
dmnelf016,GSR_CEN,tr,P3,-0.07703680892659397
dmnelf016,GSR_CEN,tr,P4,-0.11945452126534178
dmnelf016,GSR_CEN,tr,O1,-0.13793643665398742
dmnelf016,GSR_CEN,tr,O2,-0.21761068640498776
dmnelf016,GSR_CEN,tr,F7,0.019446968659459888
dmnelf016,GSR_CEN,tr,F8,0.23597054874006415
dmnelf016,GSR_CEN,tr,T7,-0.02719681195076338
dmnelf016,GSR_CEN,tr,T8,0.035036413210077506
dmnelf016,GSR_CEN,tr,P7,0.1811415513611887
dmnelf016,GSR_CEN,tr,P8,-0.067506359018352
dmnelf016,GSR_CEN,tr,Fz,0.008393537042492169
dmnelf016,GSR_CEN,tr,Cz,-0.19026676359554753
dmnelf016,GSR_CEN,tr,Pz,0.009299317035414457
dmnelf016,GSR_CEN,tr,Oz,0.13701885155729332
dmnelf016,GSR_CEN,tr,FC1,-0.1948752929956869
dmnelf016,GSR_CEN,tr,FC2,-0.14195004405682762
dmnelf016,GSR_CEN,tr,CP1,-0.010009116902281139
dmnelf016,GSR_CEN,tr,CP2,0.07670724781327413
dmnelf016,GSR_CEN,tr,FC5,-0.0012364712411627324
dmnelf016,GSR_CEN,tr,FC6,-0.12090267055659798
dmnelf016,GSR_CEN,tr,CP5,0.022393919146426706
dmnelf016,GSR_CEN,tr,CP6,0.008765311613497112
dmnelf016,GSR_CEN,tr,TP9,-0.005448195840875112
dmnelf016,GSR_CEN,tr,TP10,-0.1378782106287708
dmnelf016,GSR_CEN,tr,POz,0.1074890861309432
dmnelf1001,GSR_CEN,tr,Fp1,0.015020809766436417
dmnelf1001,GSR_CEN,tr,Fp2,-0.1148035590184006
dmnelf1001,GSR_CEN,tr,F3,0.06525628813758591
dmnelf1001,GSR_CEN,tr,F4,-0.10995076698167655
dmnelf1001,GSR_CEN,tr,C3,0.038754394529287105
dmnelf1001,GSR_CEN,tr,C4,0.08208083790625395
dmnelf1001,GSR_CEN,tr,P3,-0.026890044085307947
dmnelf1001,GSR_CEN,tr,P4,0.08543791176605116
dmnelf1001,GSR_CEN,tr,O1,0.12167267663934059
dmnelf1001,GSR_CEN,tr,O2,0.23876384915478277
dmnelf1001,GSR_CEN,tr,F7,-0.13110837547501994
dmnelf1001,GSR_CEN,tr,F8,-0.020502276735977567
dmnelf1001,GSR_CEN,tr,T7,0.19950412290821462
dmnelf1001,GSR_CEN,tr,T8,-0.17682511280625338
dmnelf1001,GSR_CEN,tr,P7,-0.02555053401972747
dmnelf1001,GSR_CEN,tr,P8,0.15216385344190966
dmnelf1001,GSR_CEN,tr,Fz,0.034962136519625264
dmnelf1001,GSR_CEN,tr,Cz,-0.021947270578130423
dmnelf1001,GSR_CEN,tr,Pz,0.2917534553494373
dmnelf1001,GSR_CEN,tr,Oz,0.21480853992101417
dmnelf1001,GSR_CEN,tr,FC1,0.08210747089428282
dmnelf1001,GSR_CEN,tr,FC2,0.23722410170906558
dmnelf1001,GSR_CEN,tr,CP1,0.06314202256429015
dmnelf1001,GSR_CEN,tr,CP2,0.1357508219878408
dmnelf1001,GSR_CEN,tr,FC5,0.02661026704298006
dmnelf1001,GSR_CEN,tr,FC6,0.06088239861060386
dmnelf1001,GSR_CEN,tr,CP5,-0.03866540703213934
dmnelf1001,GSR_CEN,tr,CP6,-0.06853150304850966
dmnelf1001,GSR_CEN,tr,TP9,0.1806600867973396
dmnelf1001,GSR_CEN,tr,TP10,0.09692000145002953
dmnelf1001,GSR_CEN,tr,POz,0.19089020017744665
dmnelf1002,GSR_CEN,tr,Fp1,-0.05152135827240829
dmnelf1002,GSR_CEN,tr,Fp2,0.2278931634615242
dmnelf1002,GSR_CEN,tr,F3,-0.025569836132118214
dmnelf1002,GSR_CEN,tr,F4,0.14032624769993107
dmnelf1002,GSR_CEN,tr,C3,0.24832446865801933
dmnelf1002,GSR_CEN,tr,C4,0.20330621938206647
dmnelf1002,GSR_CEN,tr,P3,0.16202262941830445
dmnelf1002,GSR_CEN,tr,P4,0.12443720852728148
dmnelf1002,GSR_CEN,tr,O1,0.10536236047510812
dmnelf1002,GSR_CEN,tr,O2,0.07262361009366697
dmnelf1002,GSR_CEN,tr,F7,0.2506498669025268
dmnelf1002,GSR_CEN,tr,F8,0.2771910183617931
dmnelf1002,GSR_CEN,tr,T7,0.15738893010031713
dmnelf1002,GSR_CEN,tr,T8,0.10554945035981378
dmnelf1002,GSR_CEN,tr,P7,0.09718597176329183
dmnelf1002,GSR_CEN,tr,P8,0.1335469391449559
dmnelf1002,GSR_CEN,tr,Fz,0.24951745655279964
dmnelf1002,GSR_CEN,tr,Cz,0.1153663232629487
dmnelf1002,GSR_CEN,tr,Pz,0.0768137776645788
dmnelf1002,GSR_CEN,tr,Oz,-0.010234001666841781
dmnelf1002,GSR_CEN,tr,FC1,0.20780476517829577
dmnelf1002,GSR_CEN,tr,FC2,0.20905975966860169
dmnelf1002,GSR_CEN,tr,CP1,0.2424520379489051
dmnelf1002,GSR_CEN,tr,CP2,0.04889292783916102
dmnelf1002,GSR_CEN,tr,FC5,0.2995032791429854
dmnelf1002,GSR_CEN,tr,FC6,0.21037583330189036
dmnelf1002,GSR_CEN,tr,CP5,0.20223457939813985
dmnelf1002,GSR_CEN,tr,CP6,0.11743870716361221
dmnelf1002,GSR_CEN,tr,TP9,-0.09369737267358777
dmnelf1002,GSR_CEN,tr,TP10,0.0169356891877452
dmnelf1002,GSR_CEN,tr,POz,0.01889135882200569
dmnelf1003,GSR_CEN,tr,Fp1,0.08240482789057929
dmnelf1003,GSR_CEN,tr,Fp2,0.14519833918196617
dmnelf1003,GSR_CEN,tr,F3,0.2388622353687642
dmnelf1003,GSR_CEN,tr,F4,0.0923622078014441
dmnelf1003,GSR_CEN,tr,C3,0.30388262935838734
dmnelf1003,GSR_CEN,tr,C4,0.181994704986984
dmnelf1003,GSR_CEN,tr,P3,0.25103639450880916
dmnelf1003,GSR_CEN,tr,P4,0.11846498586446094
dmnelf1003,GSR_CEN,tr,O1,-0.11237625691867172
dmnelf1003,GSR_CEN,tr,O2,0.057743706366104604
dmnelf1003,GSR_CEN,tr,F7,0.14431252170507486
dmnelf1003,GSR_CEN,tr,F8,0.16897020165104243
dmnelf1003,GSR_CEN,tr,T7,0.25332463123085147
dmnelf1003,GSR_CEN,tr,T8,-0.13270525817659232
dmnelf1003,GSR_CEN,tr,P7,-0.0779511199903982
dmnelf1003,GSR_CEN,tr,P8,0.19299817579537792
dmnelf1003,GSR_CEN,tr,Fz,0.12746401002343727
dmnelf1003,GSR_CEN,tr,Cz,0.3886848220734281
dmnelf1003,GSR_CEN,tr,Pz,0.46657555725606403
dmnelf1003,GSR_CEN,tr,Oz,0.05366842588325965
dmnelf1003,GSR_CEN,tr,FC1,-0.058872663331998684
dmnelf1003,GSR_CEN,tr,FC2,0.08268887849172157
dmnelf1003,GSR_CEN,tr,CP1,0.3845826935430825
dmnelf1003,GSR_CEN,tr,CP2,0.4043616688797986
dmnelf1003,GSR_CEN,tr,FC5,0.3072630909592317
dmnelf1003,GSR_CEN,tr,FC6,0.2319212415276754
dmnelf1003,GSR_CEN,tr,CP5,0.27346652576058594
dmnelf1003,GSR_CEN,tr,CP6,0.34353836310344793
dmnelf1003,GSR_CEN,tr,TP9,-0.02743066748185674
dmnelf1003,GSR_CEN,tr,TP10,-0.07113008547906828
dmnelf1003,GSR_CEN,tr,POz,0.09258150074692423
dmnelf001,GSR_PDA,tr,Fp1,-0.05971776153190843
dmnelf001,GSR_PDA,tr,Fp2,-0.049720890277819355
dmnelf001,GSR_PDA,tr,F3,-0.12641130997617503
dmnelf001,GSR_PDA,tr,F4,-0.10971771583495411
dmnelf001,GSR_PDA,tr,C3,-0.16481742236750757
dmnelf001,GSR_PDA,tr,C4,-0.12052500677046617
dmnelf001,GSR_PDA,tr,P3,-0.15363960887333064
dmnelf001,GSR_PDA,tr,P4,-0.08598255238184294
dmnelf001,GSR_PDA,tr,O1,0.017420722547915976
dmnelf001,GSR_PDA,tr,O2,-0.07350937655651171
dmnelf001,GSR_PDA,tr,F7,-0.1342661912352513
dmnelf001,GSR_PDA,tr,F8,-0.08479727497745546
dmnelf001,GSR_PDA,tr,T7,-0.0597926636032981
dmnelf001,GSR_PDA,tr,T8,-0.2017824906924797
dmnelf001,GSR_PDA,tr,P7,0.023995165552413156
dmnelf001,GSR_PDA,tr,P8,-0.15457729055888317
dmnelf001,GSR_PDA,tr,Fz,-0.0292742267421348
dmnelf001,GSR_PDA,tr,Cz,0.1264914316660173
dmnelf001,GSR_PDA,tr,Pz,0.0732472688338949
dmnelf001,GSR_PDA,tr,Oz,-0.006969837984821514
dmnelf001,GSR_PDA,tr,FC1,-0.10908975899014314
dmnelf001,GSR_PDA,tr,FC2,0.07693712002479183
dmnelf001,GSR_PDA,tr,CP1,-0.08969438005642184
dmnelf001,GSR_PDA,tr,CP2,0.12015006475593316
dmnelf001,GSR_PDA,tr,FC5,-0.1421572563467825
dmnelf001,GSR_PDA,tr,FC6,-0.2094264265096301
dmnelf001,GSR_PDA,tr,CP5,-0.09757031449805678
dmnelf001,GSR_PDA,tr,CP6,-0.2619326535198904
dmnelf001,GSR_PDA,tr,TP9,-0.010786707642121814
dmnelf001,GSR_PDA,tr,TP10,0.050781662348785596
dmnelf001,GSR_PDA,tr,POz,0.09499251601169229
dmnelf002,GSR_PDA,tr,Fp1,0.10779895719505136
dmnelf002,GSR_PDA,tr,Fp2,-0.00561432377348986
dmnelf002,GSR_PDA,tr,F3,-0.15491061009378537
dmnelf002,GSR_PDA,tr,F4,0.030958853642316563
dmnelf002,GSR_PDA,tr,C3,-0.1366080656203618
dmnelf002,GSR_PDA,tr,C4,-0.1151157259524953
dmnelf002,GSR_PDA,tr,P3,-0.09190399083676876
dmnelf002,GSR_PDA,tr,P4,0.13610251320333536
dmnelf002,GSR_PDA,tr,O1,-0.012904672713277264
dmnelf002,GSR_PDA,tr,O2,0.12241925308160218
dmnelf002,GSR_PDA,tr,F7,-0.0638011058346903
dmnelf002,GSR_PDA,tr,F8,-0.06516055473103391
dmnelf002,GSR_PDA,tr,T7,0.10477171863551997
dmnelf002,GSR_PDA,tr,T8,0.024812546410270735
dmnelf002,GSR_PDA,tr,P7,0.04185609906602243
dmnelf002,GSR_PDA,tr,P8,-0.1339189435184244
dmnelf002,GSR_PDA,tr,Fz,0.041378790827443876
dmnelf002,GSR_PDA,tr,Cz,0.04083736870405513
dmnelf002,GSR_PDA,tr,Pz,0.24938327524850393
dmnelf002,GSR_PDA,tr,Oz,0.12224384686588573
dmnelf002,GSR_PDA,tr,FC1,-0.1668731221666976
dmnelf002,GSR_PDA,tr,FC2,-0.10522569487193852
dmnelf002,GSR_PDA,tr,CP1,0.16446439911257743
dmnelf002,GSR_PDA,tr,CP2,-0.18932643308897074
dmnelf002,GSR_PDA,tr,FC5,-0.03786187985690141
dmnelf002,GSR_PDA,tr,FC6,0.010459548339668433
dmnelf002,GSR_PDA,tr,CP5,0.04047857025845134
dmnelf002,GSR_PDA,tr,CP6,-0.009581373450492843
dmnelf002,GSR_PDA,tr,TP9,-0.03906725534915341
dmnelf002,GSR_PDA,tr,TP10,-0.12593364562947673
dmnelf002,GSR_PDA,tr,POz,0.2404782794640086
dmnelf003,GSR_PDA,tr,Fp1,0.27489531285475505
dmnelf003,GSR_PDA,tr,Fp2,0.2498278932253655
dmnelf003,GSR_PDA,tr,F3,0.2873315271413577
dmnelf003,GSR_PDA,tr,F4,0.21834533037127657
dmnelf003,GSR_PDA,tr,C3,0.2144699527438408
dmnelf003,GSR_PDA,tr,C4,0.24287644798519747
dmnelf003,GSR_PDA,tr,P3,0.24460293202669864
dmnelf003,GSR_PDA,tr,P4,0.2488200310011954
dmnelf003,GSR_PDA,tr,O1,0.24590974324843742
dmnelf003,GSR_PDA,tr,O2,0.22991256989789163
dmnelf003,GSR_PDA,tr,F7,0.20396632263816972
dmnelf003,GSR_PDA,tr,F8,0.26314176830207614
dmnelf003,GSR_PDA,tr,T7,0.29373887772504886
dmnelf003,GSR_PDA,tr,T8,0.26821368334517715
dmnelf003,GSR_PDA,tr,P7,0.2888948093585236
dmnelf003,GSR_PDA,tr,P8,0.23647964201335012
dmnelf003,GSR_PDA,tr,Fz,0.2250566821462219
dmnelf003,GSR_PDA,tr,Cz,0.2492325201040356
dmnelf003,GSR_PDA,tr,Pz,0.21062160703989097
dmnelf003,GSR_PDA,tr,Oz,0.23194931287119447
dmnelf003,GSR_PDA,tr,FC1,0.2573157721379612
dmnelf003,GSR_PDA,tr,FC2,0.26241404539557783
dmnelf003,GSR_PDA,tr,CP1,0.2915275438982111
dmnelf003,GSR_PDA,tr,CP2,0.2816367823295326
dmnelf003,GSR_PDA,tr,FC5,0.2229117013743211
dmnelf003,GSR_PDA,tr,FC6,0.26387434650282215
dmnelf003,GSR_PDA,tr,CP5,0.2674173813484321
dmnelf003,GSR_PDA,tr,CP6,0.22271125868461203
dmnelf003,GSR_PDA,tr,TP9,0.3010536294634159
dmnelf003,GSR_PDA,tr,TP10,0.2601078432490992
dmnelf003,GSR_PDA,tr,POz,0.2669211525712259
dmnelf004,GSR_PDA,tr,Fp1,0.09725248089071686
dmnelf004,GSR_PDA,tr,Fp2,0.153031156780576
dmnelf004,GSR_PDA,tr,F3,0.04362575938804974
dmnelf004,GSR_PDA,tr,F4,0.11861401073239274
dmnelf004,GSR_PDA,tr,C3,0.00931271025702774
dmnelf004,GSR_PDA,tr,C4,0.28078465280097203
dmnelf004,GSR_PDA,tr,P3,0.12657979661005006
dmnelf004,GSR_PDA,tr,P4,0.22669290685921303
dmnelf004,GSR_PDA,tr,O1,0.21931331800365703
dmnelf004,GSR_PDA,tr,O2,0.14808958496656854
dmnelf004,GSR_PDA,tr,F7,-0.012383572628938052
dmnelf004,GSR_PDA,tr,F8,0.015673406649392086
dmnelf004,GSR_PDA,tr,T7,-0.07761721622044225
dmnelf004,GSR_PDA,tr,T8,0.04909512087461019
dmnelf004,GSR_PDA,tr,P7,0.10702814346682143
dmnelf004,GSR_PDA,tr,P8,0.08524353762964401
dmnelf004,GSR_PDA,tr,Fz,0.3236507225800922
dmnelf004,GSR_PDA,tr,Cz,0.3555602905568096
dmnelf004,GSR_PDA,tr,Pz,0.18863690895088336
dmnelf004,GSR_PDA,tr,Oz,0.317814695038778
dmnelf004,GSR_PDA,tr,FC1,0.1943797835671983
dmnelf004,GSR_PDA,tr,FC2,0.27492837258144914
dmnelf004,GSR_PDA,tr,CP1,0.2193185732804839
dmnelf004,GSR_PDA,tr,CP2,0.07241669534469362
dmnelf004,GSR_PDA,tr,FC5,0.09175700512866561
dmnelf004,GSR_PDA,tr,FC6,0.08509571426862217
dmnelf004,GSR_PDA,tr,CP5,0.29242223612329277
dmnelf004,GSR_PDA,tr,CP6,0.01137751682588834
dmnelf004,GSR_PDA,tr,TP9,-0.013608763134343197
dmnelf004,GSR_PDA,tr,TP10,0.10412022046427423
dmnelf004,GSR_PDA,tr,POz,0.1425070388122057
dmnelf005,GSR_PDA,tr,Fp1,0.15917164746472443
dmnelf005,GSR_PDA,tr,Fp2,0.30676697694997074
dmnelf005,GSR_PDA,tr,F3,0.3878804956808171
dmnelf005,GSR_PDA,tr,F4,0.3758209913368684
dmnelf005,GSR_PDA,tr,C3,0.28123147039300034
dmnelf005,GSR_PDA,tr,C4,0.2345503242628113
dmnelf005,GSR_PDA,tr,P3,0.23043863533110964
dmnelf005,GSR_PDA,tr,P4,0.4228721926023873
dmnelf005,GSR_PDA,tr,O1,0.1907965577593168
dmnelf005,GSR_PDA,tr,O2,0.1422999659390284
dmnelf005,GSR_PDA,tr,F7,0.22608012846862036
dmnelf005,GSR_PDA,tr,F8,0.20786234128516784
dmnelf005,GSR_PDA,tr,T7,0.30161314850211596
dmnelf005,GSR_PDA,tr,T8,0.28935429186435313
dmnelf005,GSR_PDA,tr,P7,0.16640722226727286
dmnelf005,GSR_PDA,tr,P8,0.3945787122868444
dmnelf005,GSR_PDA,tr,Fz,0.42472965188167794
dmnelf005,GSR_PDA,tr,Cz,0.24456485040761566
dmnelf005,GSR_PDA,tr,Pz,0.2867536374988442
dmnelf005,GSR_PDA,tr,Oz,0.19403410650209352
dmnelf005,GSR_PDA,tr,FC1,0.40991646750206817
dmnelf005,GSR_PDA,tr,FC2,0.3157905117032734
dmnelf005,GSR_PDA,tr,CP1,0.226059741198928
dmnelf005,GSR_PDA,tr,CP2,0.1698504692342442
dmnelf005,GSR_PDA,tr,FC5,0.2757292978151833
dmnelf005,GSR_PDA,tr,FC6,0.17320883410255086
dmnelf005,GSR_PDA,tr,CP5,0.32425540384523033
dmnelf005,GSR_PDA,tr,CP6,0.4347168490211034
dmnelf005,GSR_PDA,tr,TP9,0.04834714442394014
dmnelf005,GSR_PDA,tr,TP10,0.22940605430835523
dmnelf005,GSR_PDA,tr,POz,0.3980507011435817
dmnelf006,GSR_PDA,tr,Fp1,0.132102791416614
dmnelf006,GSR_PDA,tr,Fp2,0.15633233124871243
dmnelf006,GSR_PDA,tr,F3,-0.016254499526958763
dmnelf006,GSR_PDA,tr,F4,0.05520189244562843
dmnelf006,GSR_PDA,tr,C3,-0.02033666799858902
dmnelf006,GSR_PDA,tr,C4,-0.04114258799270489
dmnelf006,GSR_PDA,tr,P3,0.14492527656447132
dmnelf006,GSR_PDA,tr,P4,0.19026035053226625
dmnelf006,GSR_PDA,tr,O1,0.23917383643050155
dmnelf006,GSR_PDA,tr,O2,0.22429605185225984
dmnelf006,GSR_PDA,tr,F7,0.04791312153721819
dmnelf006,GSR_PDA,tr,F8,0.013794483505072513
dmnelf006,GSR_PDA,tr,T7,0.008955091886808299
dmnelf006,GSR_PDA,tr,T8,-0.14346751035897481
dmnelf006,GSR_PDA,tr,P7,0.15474054125738848
dmnelf006,GSR_PDA,tr,P8,0.046225134538650285
dmnelf006,GSR_PDA,tr,Fz,0.027392861337001456
dmnelf006,GSR_PDA,tr,Cz,-0.035352401948242226
dmnelf006,GSR_PDA,tr,Pz,0.09703939877134565
dmnelf006,GSR_PDA,tr,Oz,0.22806797197110149
dmnelf006,GSR_PDA,tr,FC1,0.009099108813437836
dmnelf006,GSR_PDA,tr,FC2,0.08827325856647948
dmnelf006,GSR_PDA,tr,CP1,0.09008972109747178
dmnelf006,GSR_PDA,tr,CP2,0.015007260632595923
dmnelf006,GSR_PDA,tr,FC5,-0.03182979973133767
dmnelf006,GSR_PDA,tr,FC6,0.012773551039367594
dmnelf006,GSR_PDA,tr,CP5,0.058785580085425074
dmnelf006,GSR_PDA,tr,CP6,-0.01418657562214201
dmnelf006,GSR_PDA,tr,TP9,-0.01548074223335514
dmnelf006,GSR_PDA,tr,TP10,0.03911581943170224
dmnelf006,GSR_PDA,tr,POz,0.11085001176964666
dmnelf007,GSR_PDA,tr,Fp1,0.08456456413232266
dmnelf007,GSR_PDA,tr,Fp2,0.058782213040135776
dmnelf007,GSR_PDA,tr,F3,-0.20155712014072683
dmnelf007,GSR_PDA,tr,F4,-0.05673285293608992
dmnelf007,GSR_PDA,tr,C3,0.1964841008886002
dmnelf007,GSR_PDA,tr,C4,-0.06452123115543486
dmnelf007,GSR_PDA,tr,P3,0.02115142704001398
dmnelf007,GSR_PDA,tr,P4,0.08498506111322811
dmnelf007,GSR_PDA,tr,O1,0.3748043218151501
dmnelf007,GSR_PDA,tr,O2,0.03946115641659056
dmnelf007,GSR_PDA,tr,F7,-0.01610944456611206
dmnelf007,GSR_PDA,tr,F8,0.1574733280035981
dmnelf007,GSR_PDA,tr,T7,-0.1266859030539689
dmnelf007,GSR_PDA,tr,T8,-0.13973614345296229
dmnelf007,GSR_PDA,tr,P7,0.30458396671461047
dmnelf007,GSR_PDA,tr,P8,-0.1287406679606851
dmnelf007,GSR_PDA,tr,Fz,0.20954285919469995
dmnelf007,GSR_PDA,tr,Cz,0.19840535042403595
dmnelf007,GSR_PDA,tr,Pz,0.19828398844834455
dmnelf007,GSR_PDA,tr,Oz,0.08624343558437442
dmnelf007,GSR_PDA,tr,FC1,-0.0841180629668632
dmnelf007,GSR_PDA,tr,FC2,0.1305671762892053
dmnelf007,GSR_PDA,tr,CP1,0.2804065062936731
dmnelf007,GSR_PDA,tr,CP2,0.06246683310700292
dmnelf007,GSR_PDA,tr,FC5,-0.16856097684175847
dmnelf007,GSR_PDA,tr,FC6,-0.04036359116045193
dmnelf007,GSR_PDA,tr,CP5,-0.12183307036393051
dmnelf007,GSR_PDA,tr,CP6,-0.06542549910311937
dmnelf007,GSR_PDA,tr,TP9,0.15827803655871753
dmnelf007,GSR_PDA,tr,TP10,-0.010932410295355362
dmnelf007,GSR_PDA,tr,POz,0.18301951721094367
dmnelf008,GSR_PDA,tr,Fp1,0.17184988885135638
dmnelf008,GSR_PDA,tr,Fp2,0.39007441162642326
dmnelf008,GSR_PDA,tr,F3,0.4311904540485525
dmnelf008,GSR_PDA,tr,F4,0.23663981061498668
dmnelf008,GSR_PDA,tr,C3,0.019344601521339246
dmnelf008,GSR_PDA,tr,C4,0.04256269225601952
dmnelf008,GSR_PDA,tr,P3,0.1378402876827821
dmnelf008,GSR_PDA,tr,P4,0.20592221523541124
dmnelf008,GSR_PDA,tr,O1,0.19355153723911345
dmnelf008,GSR_PDA,tr,O2,0.2319399190370041
dmnelf008,GSR_PDA,tr,F7,0.42924851535469
dmnelf008,GSR_PDA,tr,F8,0.1717383672052317
dmnelf008,GSR_PDA,tr,T7,0.2631590206100842
dmnelf008,GSR_PDA,tr,T8,0.2846450420230372
dmnelf008,GSR_PDA,tr,P7,0.12089061588912958
dmnelf008,GSR_PDA,tr,P8,0.14951303608369604
dmnelf008,GSR_PDA,tr,Fz,0.15194637011488066
dmnelf008,GSR_PDA,tr,Cz,0.1406410465910547
dmnelf008,GSR_PDA,tr,Pz,0.22901265089426295
dmnelf008,GSR_PDA,tr,Oz,0.1954204397520811
dmnelf008,GSR_PDA,tr,FC1,0.13628455897644853
dmnelf008,GSR_PDA,tr,FC2,0.08104967415203866
dmnelf008,GSR_PDA,tr,CP1,0.1341941741790209
dmnelf008,GSR_PDA,tr,CP2,0.17830086379837368
dmnelf008,GSR_PDA,tr,FC5,0.3527067597184609
dmnelf008,GSR_PDA,tr,FC6,0.09083075991768358
dmnelf008,GSR_PDA,tr,CP5,0.2739499401388438
dmnelf008,GSR_PDA,tr,CP6,0.1680484660143195
dmnelf008,GSR_PDA,tr,TP9,0.39317584632384767
dmnelf008,GSR_PDA,tr,TP10,0.22828562077574535
dmnelf008,GSR_PDA,tr,POz,0.23553331285522605
dmnelf009,GSR_PDA,tr,Fp1,0.017361971646024724
dmnelf009,GSR_PDA,tr,Fp2,-0.1344317759037508
dmnelf009,GSR_PDA,tr,F3,0.05013289725916035
dmnelf009,GSR_PDA,tr,F4,-0.11454235851110663
dmnelf009,GSR_PDA,tr,C3,0.0010329741675933432
dmnelf009,GSR_PDA,tr,C4,0.023087182476715457
dmnelf009,GSR_PDA,tr,P3,0.1561163689419488
dmnelf009,GSR_PDA,tr,P4,0.29768554320374674
dmnelf009,GSR_PDA,tr,O1,0.009689147668367613
dmnelf009,GSR_PDA,tr,O2,0.2412163751180726
dmnelf009,GSR_PDA,tr,F7,-0.07730564665144452
dmnelf009,GSR_PDA,tr,F8,0.046388063762924134
dmnelf009,GSR_PDA,tr,T7,-0.009660431290715489
dmnelf009,GSR_PDA,tr,T8,0.10360161821461424
dmnelf009,GSR_PDA,tr,P7,0.0772780629243842
dmnelf009,GSR_PDA,tr,P8,0.09630330446831323
dmnelf009,GSR_PDA,tr,Fz,-0.015619180319180147
dmnelf009,GSR_PDA,tr,Cz,0.2889291584092765
dmnelf009,GSR_PDA,tr,Pz,0.414685909112228
dmnelf009,GSR_PDA,tr,Oz,0.12655446733737943
dmnelf009,GSR_PDA,tr,FC1,0.1439591272798442
dmnelf009,GSR_PDA,tr,FC2,-0.12351397646146359
dmnelf009,GSR_PDA,tr,CP1,0.3509154425945203
dmnelf009,GSR_PDA,tr,CP2,0.31502821154987376
dmnelf009,GSR_PDA,tr,FC5,0.26939664714306355
dmnelf009,GSR_PDA,tr,FC6,0.07883744718321611
dmnelf009,GSR_PDA,tr,CP5,0.16108736906189888
dmnelf009,GSR_PDA,tr,CP6,0.3413094013222764
dmnelf009,GSR_PDA,tr,TP9,0.11830436359113009
dmnelf009,GSR_PDA,tr,TP10,-0.04444911871452401
dmnelf009,GSR_PDA,tr,POz,0.231758450057745
dmnelf010,GSR_PDA,tr,Fp1,0.22589718655871122
dmnelf010,GSR_PDA,tr,Fp2,0.06786769500559167
dmnelf010,GSR_PDA,tr,F3,0.13070401617243063
dmnelf010,GSR_PDA,tr,F4,0.13604604616577495
dmnelf010,GSR_PDA,tr,C3,0.12965060435036502
dmnelf010,GSR_PDA,tr,C4,0.0726348533436776
dmnelf010,GSR_PDA,tr,P3,0.13546332424895643
dmnelf010,GSR_PDA,tr,P4,0.15404613184293953
dmnelf010,GSR_PDA,tr,O1,0.062043153149967105
dmnelf010,GSR_PDA,tr,O2,0.0907272763152557
dmnelf010,GSR_PDA,tr,F7,0.16057337828322263
dmnelf010,GSR_PDA,tr,F8,0.08493750154101813
dmnelf010,GSR_PDA,tr,T7,0.15087289467157097
dmnelf010,GSR_PDA,tr,T8,0.13374262260169864
dmnelf010,GSR_PDA,tr,P7,0.16438071783362512
dmnelf010,GSR_PDA,tr,P8,0.23218693003830554
dmnelf010,GSR_PDA,tr,Fz,0.18081248500930802
dmnelf010,GSR_PDA,tr,Cz,0.0660187725555776
dmnelf010,GSR_PDA,tr,Pz,0.14067491583392072
dmnelf010,GSR_PDA,tr,Oz,0.0877219561872691
dmnelf010,GSR_PDA,tr,FC1,0.2795019671509719
dmnelf010,GSR_PDA,tr,FC2,0.11684482023591442
dmnelf010,GSR_PDA,tr,CP1,0.22371313200917015
dmnelf010,GSR_PDA,tr,CP2,0.014929363828110344
dmnelf010,GSR_PDA,tr,FC5,0.1643268613454495
dmnelf010,GSR_PDA,tr,FC6,0.12970907054656144
dmnelf010,GSR_PDA,tr,CP5,0.21335841045856083
dmnelf010,GSR_PDA,tr,CP6,0.13246403823901806
dmnelf010,GSR_PDA,tr,TP9,0.17122337641808255
dmnelf010,GSR_PDA,tr,TP10,0.09125456612295799
dmnelf010,GSR_PDA,tr,POz,0.13293645239839497
dmnelf011,GSR_PDA,tr,Fp1,0.02354921383813923
dmnelf011,GSR_PDA,tr,Fp2,-0.0797778819205557
dmnelf011,GSR_PDA,tr,F3,-0.08099232188109057
dmnelf011,GSR_PDA,tr,F4,-0.1059181138693443
dmnelf011,GSR_PDA,tr,C3,-0.05810663705954804
dmnelf011,GSR_PDA,tr,C4,-0.13249827906389297
dmnelf011,GSR_PDA,tr,P3,-0.017614400409558063
dmnelf011,GSR_PDA,tr,P4,-0.13598724616831245
dmnelf011,GSR_PDA,tr,O1,-0.03605568016672296
dmnelf011,GSR_PDA,tr,O2,0.011294680917872857
dmnelf011,GSR_PDA,tr,F7,0.009388781588794968
dmnelf011,GSR_PDA,tr,F8,0.018199933507904213
dmnelf011,GSR_PDA,tr,T7,0.01668508876788526
dmnelf011,GSR_PDA,tr,T8,-0.171121310077217
dmnelf011,GSR_PDA,tr,P7,-0.03931791518441871
dmnelf011,GSR_PDA,tr,P8,-0.04902029580289929
dmnelf011,GSR_PDA,tr,Fz,-0.042367789517806696
dmnelf011,GSR_PDA,tr,Cz,-0.0800269978947806
dmnelf011,GSR_PDA,tr,Pz,0.09545936466422707
dmnelf011,GSR_PDA,tr,Oz,0.011017097630671623
dmnelf011,GSR_PDA,tr,FC1,-0.06630057203509937
dmnelf011,GSR_PDA,tr,FC2,-0.10469001811032597
dmnelf011,GSR_PDA,tr,CP1,-0.06863341505231202
dmnelf011,GSR_PDA,tr,CP2,-0.0624391661428304
dmnelf011,GSR_PDA,tr,FC5,-0.1319273362814632
dmnelf011,GSR_PDA,tr,FC6,-0.12562803805360745
dmnelf011,GSR_PDA,tr,CP5,-0.09513400249464576
dmnelf011,GSR_PDA,tr,CP6,-0.11592548229535221
dmnelf011,GSR_PDA,tr,TP9,-0.02879864773098928
dmnelf011,GSR_PDA,tr,TP10,-0.03793765961957845
dmnelf011,GSR_PDA,tr,POz,0.007685777720645845
dmnelf012,GSR_PDA,tr,Fp1,0.3375467429356003
dmnelf012,GSR_PDA,tr,Fp2,0.05476220367202685
dmnelf012,GSR_PDA,tr,F3,0.17793755867867436
dmnelf012,GSR_PDA,tr,F4,-0.03941384048243841
dmnelf012,GSR_PDA,tr,C3,0.11079562275172745
dmnelf012,GSR_PDA,tr,C4,0.1912306288250525
dmnelf012,GSR_PDA,tr,P3,0.22177416079777662
dmnelf012,GSR_PDA,tr,P4,0.29752411142514723
dmnelf012,GSR_PDA,tr,O1,0.24601559894557043
dmnelf012,GSR_PDA,tr,O2,0.20026856791103154
dmnelf012,GSR_PDA,tr,F7,0.2762671609771619
dmnelf012,GSR_PDA,tr,F8,0.12216996520756233
dmnelf012,GSR_PDA,tr,T7,0.02766549252866226
dmnelf012,GSR_PDA,tr,T8,0.11996551196459472
dmnelf012,GSR_PDA,tr,P7,0.08148165917299834
dmnelf012,GSR_PDA,tr,P8,0.17712593970959933
dmnelf012,GSR_PDA,tr,Fz,0.14180040218858533
dmnelf012,GSR_PDA,tr,Cz,0.2495787037300062
dmnelf012,GSR_PDA,tr,Pz,0.40006839651138143
dmnelf012,GSR_PDA,tr,Oz,0.26564497732855613
dmnelf012,GSR_PDA,tr,FC1,0.11656562563902938
dmnelf012,GSR_PDA,tr,FC2,0.07177987629540082
dmnelf012,GSR_PDA,tr,CP1,0.17738805522383705
dmnelf012,GSR_PDA,tr,CP2,0.19422521190959416
dmnelf012,GSR_PDA,tr,FC5,0.15434483198487817
dmnelf012,GSR_PDA,tr,FC6,0.020086464618301107
dmnelf012,GSR_PDA,tr,CP5,0.12388538383710658
dmnelf012,GSR_PDA,tr,CP6,0.17502213564225763
dmnelf012,GSR_PDA,tr,TP9,-0.04400177059947306
dmnelf012,GSR_PDA,tr,TP10,0.1620846810078657
dmnelf012,GSR_PDA,tr,POz,0.4252781779132525
dmnelf013,GSR_PDA,tr,Fp1,0.1401149998486884
dmnelf013,GSR_PDA,tr,Fp2,0.17055902515503402
dmnelf013,GSR_PDA,tr,F3,0.17301830668204707
dmnelf013,GSR_PDA,tr,F4,0.21572862771967374
dmnelf013,GSR_PDA,tr,C3,0.14437053562608992
dmnelf013,GSR_PDA,tr,C4,0.13137265535145579
dmnelf013,GSR_PDA,tr,P3,0.20839495313013864
dmnelf013,GSR_PDA,tr,P4,0.16495307341224238
dmnelf013,GSR_PDA,tr,O1,0.25889254110271254
dmnelf013,GSR_PDA,tr,O2,0.18037621411799049
dmnelf013,GSR_PDA,tr,F7,0.2220662981722947
dmnelf013,GSR_PDA,tr,F8,0.18234331393849623
dmnelf013,GSR_PDA,tr,T7,0.26584387473978316
dmnelf013,GSR_PDA,tr,T8,0.24864169648220283
dmnelf013,GSR_PDA,tr,P7,0.2676180645409521
dmnelf013,GSR_PDA,tr,P8,0.23744375041676363
dmnelf013,GSR_PDA,tr,Fz,0.19250059093319477
dmnelf013,GSR_PDA,tr,Cz,0.20001419137917362
dmnelf013,GSR_PDA,tr,Pz,0.16738680505128525
dmnelf013,GSR_PDA,tr,Oz,0.18540260317860038
dmnelf013,GSR_PDA,tr,FC1,0.2673760133923925
dmnelf013,GSR_PDA,tr,FC2,0.0664649656532915
dmnelf013,GSR_PDA,tr,CP1,0.15085323099646297
dmnelf013,GSR_PDA,tr,CP2,0.029887326155956982
dmnelf013,GSR_PDA,tr,FC5,0.20005142203256351
dmnelf013,GSR_PDA,tr,FC6,0.21096439242429982
dmnelf013,GSR_PDA,tr,CP5,0.2835832547525006
dmnelf013,GSR_PDA,tr,CP6,0.16721107855951767
dmnelf013,GSR_PDA,tr,TP9,0.2889163419367387
dmnelf013,GSR_PDA,tr,TP10,0.2552130383161887
dmnelf013,GSR_PDA,tr,POz,0.23796432401974885
dmnelf014,GSR_PDA,tr,Fp1,-0.058932559818156545
dmnelf014,GSR_PDA,tr,Fp2,0.02401580357887018
dmnelf014,GSR_PDA,tr,F3,-0.10067040321520437
dmnelf014,GSR_PDA,tr,F4,0.02259870911163419
dmnelf014,GSR_PDA,tr,C3,-0.18045178745428023
dmnelf014,GSR_PDA,tr,C4,-0.08507686622387366
dmnelf014,GSR_PDA,tr,P3,0.059970235579653454
dmnelf014,GSR_PDA,tr,P4,0.025664362710396058
dmnelf014,GSR_PDA,tr,O1,0.11545564299658165
dmnelf014,GSR_PDA,tr,O2,0.09746418358118433
dmnelf014,GSR_PDA,tr,F7,-0.13809142601604243
dmnelf014,GSR_PDA,tr,F8,0.10489624177086464
dmnelf014,GSR_PDA,tr,T7,-0.1005515148749917
dmnelf014,GSR_PDA,tr,T8,-0.16309593750826448
dmnelf014,GSR_PDA,tr,P7,-0.1347511825958529
dmnelf014,GSR_PDA,tr,P8,0.032667738378924414
dmnelf014,GSR_PDA,tr,Fz,-0.04666455807192407
dmnelf014,GSR_PDA,tr,Cz,0.03818802320200421
dmnelf014,GSR_PDA,tr,Pz,-0.11802389286881258
dmnelf014,GSR_PDA,tr,Oz,-0.09420173138008113
dmnelf014,GSR_PDA,tr,FC1,-0.06972785984261326
dmnelf014,GSR_PDA,tr,FC2,0.05518027379654542
dmnelf014,GSR_PDA,tr,CP1,0.12452555125961487
dmnelf014,GSR_PDA,tr,CP2,0.09750180051099963
dmnelf014,GSR_PDA,tr,FC5,0.026958767144762318
dmnelf014,GSR_PDA,tr,FC6,-0.12477417309378412
dmnelf014,GSR_PDA,tr,CP5,0.02101774416486015
dmnelf014,GSR_PDA,tr,CP6,-0.2139578310575808
dmnelf014,GSR_PDA,tr,TP9,0.0679854516819781
dmnelf014,GSR_PDA,tr,TP10,-0.23252313553588655
dmnelf014,GSR_PDA,tr,POz,0.03005939722608847
dmnelf015,GSR_PDA,tr,Fp1,0.38283666555519963
dmnelf015,GSR_PDA,tr,Fp2,0.3047281988112562
dmnelf015,GSR_PDA,tr,F3,0.3001519340344792
dmnelf015,GSR_PDA,tr,F4,0.36343922538636636
dmnelf015,GSR_PDA,tr,C3,0.2985483847274843
dmnelf015,GSR_PDA,tr,C4,-0.040960280607599805
dmnelf015,GSR_PDA,tr,P3,0.41376343887733663
dmnelf015,GSR_PDA,tr,P4,0.4007689267873618
dmnelf015,GSR_PDA,tr,O1,0.5339765757799861
dmnelf015,GSR_PDA,tr,O2,0.4962223576952161
dmnelf015,GSR_PDA,tr,F7,0.39564624989360414
dmnelf015,GSR_PDA,tr,F8,0.4390071872056446
dmnelf015,GSR_PDA,tr,T7,0.3761460572180737
dmnelf015,GSR_PDA,tr,T8,0.27998163054373676
dmnelf015,GSR_PDA,tr,P7,0.496225694369469
dmnelf015,GSR_PDA,tr,P8,0.4631857484444123
dmnelf015,GSR_PDA,tr,Fz,0.3716949311962326
dmnelf015,GSR_PDA,tr,Cz,0.457077689413109
dmnelf015,GSR_PDA,tr,Pz,0.4428026256937794
dmnelf015,GSR_PDA,tr,Oz,0.5429777719030294
dmnelf015,GSR_PDA,tr,FC1,0.47944855947741355
dmnelf015,GSR_PDA,tr,FC2,0.36726062147883726
dmnelf015,GSR_PDA,tr,CP1,0.33301810786199026
dmnelf015,GSR_PDA,tr,CP2,0.4360696005847174
dmnelf015,GSR_PDA,tr,FC5,0.37121177644388365
dmnelf015,GSR_PDA,tr,FC6,0.35297430127956436
dmnelf015,GSR_PDA,tr,CP5,0.2210883735781828
dmnelf015,GSR_PDA,tr,CP6,0.5054269467734455
dmnelf015,GSR_PDA,tr,TP9,0.39093860429900573
dmnelf015,GSR_PDA,tr,TP10,0.37342221376783147
dmnelf015,GSR_PDA,tr,POz,0.43570113770908425
dmnelf016,GSR_PDA,tr,Fp1,0.01634243359196197
dmnelf016,GSR_PDA,tr,Fp2,-0.08690288797034887
dmnelf016,GSR_PDA,tr,F3,-0.13597494957776926
dmnelf016,GSR_PDA,tr,F4,-0.09331721018079348
dmnelf016,GSR_PDA,tr,C3,-0.1410544390509849
dmnelf016,GSR_PDA,tr,C4,0.009583240963277551
dmnelf016,GSR_PDA,tr,P3,-0.21357859100682844
dmnelf016,GSR_PDA,tr,P4,0.06626886230916444
dmnelf016,GSR_PDA,tr,O1,-0.13914121869618468
dmnelf016,GSR_PDA,tr,O2,0.10094504340881924
dmnelf016,GSR_PDA,tr,F7,-0.028595386525275705
dmnelf016,GSR_PDA,tr,F8,0.08215613729760113
dmnelf016,GSR_PDA,tr,T7,-0.16712963051116445
dmnelf016,GSR_PDA,tr,T8,0.0186227693907178
dmnelf016,GSR_PDA,tr,P7,-0.061449497906267296
dmnelf016,GSR_PDA,tr,P8,-0.01935273211219025
dmnelf016,GSR_PDA,tr,Fz,-0.02243134013709011
dmnelf016,GSR_PDA,tr,Cz,0.006975791656634773
dmnelf016,GSR_PDA,tr,Pz,0.026902914357765883
dmnelf016,GSR_PDA,tr,Oz,0.13461817577643514
dmnelf016,GSR_PDA,tr,FC1,-0.19392289447762953
dmnelf016,GSR_PDA,tr,FC2,-0.10612705476348992
dmnelf016,GSR_PDA,tr,CP1,-0.08941041726401794
dmnelf016,GSR_PDA,tr,CP2,-0.04564170090602982
dmnelf016,GSR_PDA,tr,FC5,0.14621921435659435
dmnelf016,GSR_PDA,tr,FC6,-0.07204213659359197
dmnelf016,GSR_PDA,tr,CP5,-0.036144359198836615
dmnelf016,GSR_PDA,tr,CP6,-0.13039691713600932
dmnelf016,GSR_PDA,tr,TP9,-0.08377094406008584
dmnelf016,GSR_PDA,tr,TP10,-0.10160607270545934
dmnelf016,GSR_PDA,tr,POz,-0.04884045575596153
dmnelf1001,GSR_PDA,tr,Fp1,0.03141234565174985
dmnelf1001,GSR_PDA,tr,Fp2,-0.13560844376942285
dmnelf1001,GSR_PDA,tr,F3,0.10757295916560226
dmnelf1001,GSR_PDA,tr,F4,-0.07803923918840973
dmnelf1001,GSR_PDA,tr,C3,-0.033457207715239
dmnelf1001,GSR_PDA,tr,C4,-0.05267183336632676
dmnelf1001,GSR_PDA,tr,P3,-0.051980579757611424
dmnelf1001,GSR_PDA,tr,P4,-0.07041104444906214
dmnelf1001,GSR_PDA,tr,O1,-0.02068736884644093
dmnelf1001,GSR_PDA,tr,O2,-0.008783963168020506
dmnelf1001,GSR_PDA,tr,F7,0.03285806724939044
dmnelf1001,GSR_PDA,tr,F8,-0.02425576899877107
dmnelf1001,GSR_PDA,tr,T7,0.046161763721401995
dmnelf1001,GSR_PDA,tr,T8,-0.16411196349900506
dmnelf1001,GSR_PDA,tr,P7,-0.12120369022595215
dmnelf1001,GSR_PDA,tr,P8,-0.0538636278074759
dmnelf1001,GSR_PDA,tr,Fz,0.02618650847580173
dmnelf1001,GSR_PDA,tr,Cz,-0.06481523780645497
dmnelf1001,GSR_PDA,tr,Pz,0.28802968032759735
dmnelf1001,GSR_PDA,tr,Oz,-0.03413359368332302
dmnelf1001,GSR_PDA,tr,FC1,-0.016946815107916277
dmnelf1001,GSR_PDA,tr,FC2,0.04343786871246076
dmnelf1001,GSR_PDA,tr,CP1,-0.03609087124383678
dmnelf1001,GSR_PDA,tr,CP2,0.08975032982549246
dmnelf1001,GSR_PDA,tr,FC5,0.019189334471544493
dmnelf1001,GSR_PDA,tr,FC6,0.03183576232059266
dmnelf1001,GSR_PDA,tr,CP5,-0.03158171032584184
dmnelf1001,GSR_PDA,tr,CP6,-0.08800370783647413
dmnelf1001,GSR_PDA,tr,TP9,-0.0661315402176272
dmnelf1001,GSR_PDA,tr,TP10,-0.039487015675158166
dmnelf1001,GSR_PDA,tr,POz,-0.08570347174829043
dmnelf1002,GSR_PDA,tr,Fp1,-0.007507664879210715
dmnelf1002,GSR_PDA,tr,Fp2,0.1305900343606793
dmnelf1002,GSR_PDA,tr,F3,-0.011092703955059664
dmnelf1002,GSR_PDA,tr,F4,-0.05619663668541545
dmnelf1002,GSR_PDA,tr,C3,0.11461564611046955
dmnelf1002,GSR_PDA,tr,C4,0.0857478420083039
dmnelf1002,GSR_PDA,tr,P3,0.09099157567454547
dmnelf1002,GSR_PDA,tr,P4,0.04053224463663846
dmnelf1002,GSR_PDA,tr,O1,-0.03541035977379531
dmnelf1002,GSR_PDA,tr,O2,0.017093932366697054
dmnelf1002,GSR_PDA,tr,F7,0.09549931510211594
dmnelf1002,GSR_PDA,tr,F8,0.048658711707777885
dmnelf1002,GSR_PDA,tr,T7,0.006998719710043418
dmnelf1002,GSR_PDA,tr,T8,-0.04332273400490614
dmnelf1002,GSR_PDA,tr,P7,-0.029577673887207813
dmnelf1002,GSR_PDA,tr,P8,-0.044801990375402716
dmnelf1002,GSR_PDA,tr,Fz,0.14426832498490855
dmnelf1002,GSR_PDA,tr,Cz,0.06221084764448066
dmnelf1002,GSR_PDA,tr,Pz,0.004690929786431549
dmnelf1002,GSR_PDA,tr,Oz,-0.01987462058941158
dmnelf1002,GSR_PDA,tr,FC1,0.05383778169996791
dmnelf1002,GSR_PDA,tr,FC2,-0.021747475728517394
dmnelf1002,GSR_PDA,tr,CP1,0.15258796641376213
dmnelf1002,GSR_PDA,tr,CP2,0.06648421516426078
dmnelf1002,GSR_PDA,tr,FC5,0.12348801735835688
dmnelf1002,GSR_PDA,tr,FC6,0.025606304648254342
dmnelf1002,GSR_PDA,tr,CP5,0.07935243293606449
dmnelf1002,GSR_PDA,tr,CP6,0.13844499066396687
dmnelf1002,GSR_PDA,tr,TP9,-0.10796101197675144
dmnelf1002,GSR_PDA,tr,TP10,-0.0321251165833761
dmnelf1002,GSR_PDA,tr,POz,0.034718159631243146
dmnelf1003,GSR_PDA,tr,Fp1,-0.005835843365195862
dmnelf1003,GSR_PDA,tr,Fp2,0.1794154477023266
dmnelf1003,GSR_PDA,tr,F3,-0.06332228062806475
dmnelf1003,GSR_PDA,tr,F4,-0.05707565875341205
dmnelf1003,GSR_PDA,tr,C3,0.14685485443541732
dmnelf1003,GSR_PDA,tr,C4,-0.09287172380571515
dmnelf1003,GSR_PDA,tr,P3,0.15801674151744327
dmnelf1003,GSR_PDA,tr,P4,-0.02282927710308255
dmnelf1003,GSR_PDA,tr,O1,-0.043937873594920435
dmnelf1003,GSR_PDA,tr,O2,-0.05809551545003397
dmnelf1003,GSR_PDA,tr,F7,-0.14020577299223042
dmnelf1003,GSR_PDA,tr,F8,-0.10083895377937553
dmnelf1003,GSR_PDA,tr,T7,-0.09304058444457274
dmnelf1003,GSR_PDA,tr,T8,0.01890832849587791
dmnelf1003,GSR_PDA,tr,P7,0.1473200675476326
dmnelf1003,GSR_PDA,tr,P8,-0.08423619040664654
dmnelf1003,GSR_PDA,tr,Fz,-0.1112676613730935
dmnelf1003,GSR_PDA,tr,Cz,0.12097230556359717
dmnelf1003,GSR_PDA,tr,Pz,0.11564309224322233
dmnelf1003,GSR_PDA,tr,Oz,-0.07071908336550692
dmnelf1003,GSR_PDA,tr,FC1,0.11365650305749815
dmnelf1003,GSR_PDA,tr,FC2,-0.14077304857606748
dmnelf1003,GSR_PDA,tr,CP1,0.21759255679856676
dmnelf1003,GSR_PDA,tr,CP2,0.02863466295989072
dmnelf1003,GSR_PDA,tr,FC5,-0.1445041332944328
dmnelf1003,GSR_PDA,tr,FC6,-0.06764340179500986
dmnelf1003,GSR_PDA,tr,CP5,0.08324063405239246
dmnelf1003,GSR_PDA,tr,CP6,-0.05093396645132778
dmnelf1003,GSR_PDA,tr,TP9,-0.14326664146058726
dmnelf1003,GSR_PDA,tr,TP10,-0.17586391834880932
dmnelf1003,GSR_PDA,tr,POz,-0.1262431426622294
dmnelf001,VIS,tr,Fp1,0.19561231659829836
dmnelf001,VIS,tr,Fp2,0.1635763825097674
dmnelf001,VIS,tr,F3,0.21586140387796848
dmnelf001,VIS,tr,F4,0.23238510608973464
dmnelf001,VIS,tr,C3,0.25034207039419054
dmnelf001,VIS,tr,C4,0.15530871703843108
dmnelf001,VIS,tr,P3,0.32644687070836015
dmnelf001,VIS,tr,P4,0.12823238889613117
dmnelf001,VIS,tr,O1,0.3105371665622279
dmnelf001,VIS,tr,O2,0.3165328018279679
dmnelf001,VIS,tr,F7,0.22600341531518509
dmnelf001,VIS,tr,F8,0.1769465894709985
dmnelf001,VIS,tr,T7,0.20857087826270118
dmnelf001,VIS,tr,T8,0.25280728120324614
dmnelf001,VIS,tr,P7,0.2932634943445907
dmnelf001,VIS,tr,P8,0.2521463197111823
dmnelf001,VIS,tr,Fz,0.06147878365266992
dmnelf001,VIS,tr,Cz,0.19260869322491264
dmnelf001,VIS,tr,Pz,0.23937888985485659
dmnelf001,VIS,tr,Oz,0.3204521341121581
dmnelf001,VIS,tr,FC1,0.22658099047151883
dmnelf001,VIS,tr,FC2,0.15028783856730094
dmnelf001,VIS,tr,CP1,0.3019699461311351
dmnelf001,VIS,tr,CP2,0.32323241773674327
dmnelf001,VIS,tr,FC5,0.22754813467036347
dmnelf001,VIS,tr,FC6,0.2700188027408592
dmnelf001,VIS,tr,CP5,0.20022005941504215
dmnelf001,VIS,tr,CP6,0.2222775476730441
dmnelf001,VIS,tr,TP9,0.14413284224473785
dmnelf001,VIS,tr,TP10,0.2106139790341248
dmnelf001,VIS,tr,POz,0.1469128986615433
dmnelf002,VIS,tr,Fp1,0.14670649472787436
dmnelf002,VIS,tr,Fp2,0.10925626827443723
dmnelf002,VIS,tr,F3,0.08370924987115534
dmnelf002,VIS,tr,F4,0.106868881108301
dmnelf002,VIS,tr,C3,0.06539247983919495
dmnelf002,VIS,tr,C4,0.09390600116620461
dmnelf002,VIS,tr,P3,0.012645096833098838
dmnelf002,VIS,tr,P4,0.06613127121197127
dmnelf002,VIS,tr,O1,0.002876473863589974
dmnelf002,VIS,tr,O2,0.037842765199584606
dmnelf002,VIS,tr,F7,0.16680494270996024
dmnelf002,VIS,tr,F8,0.0845984515144095
dmnelf002,VIS,tr,T7,0.09913410186249576
dmnelf002,VIS,tr,T8,0.05149976382730647
dmnelf002,VIS,tr,P7,0.05039793123718986
dmnelf002,VIS,tr,P8,0.017154120294689226
dmnelf002,VIS,tr,Fz,0.07062754233300511
dmnelf002,VIS,tr,Cz,-0.009744971757652236
dmnelf002,VIS,tr,Pz,0.14874058661809555
dmnelf002,VIS,tr,Oz,0.035047565280495505
dmnelf002,VIS,tr,FC1,-0.007220354451934167
dmnelf002,VIS,tr,FC2,0.06611868643915915
dmnelf002,VIS,tr,CP1,-0.0074089243195814905
dmnelf002,VIS,tr,CP2,-0.043283167373029695
dmnelf002,VIS,tr,FC5,0.1648636122550894
dmnelf002,VIS,tr,FC6,0.09633170226892625
dmnelf002,VIS,tr,CP5,0.153644494075469
dmnelf002,VIS,tr,CP6,0.08799112375451121
dmnelf002,VIS,tr,TP9,0.03011033330605188
dmnelf002,VIS,tr,TP10,0.031020582153080387
dmnelf002,VIS,tr,POz,-0.026712574444331914
dmnelf003,VIS,tr,Fp1,0.16302861948593075
dmnelf003,VIS,tr,Fp2,0.19935362822892552
dmnelf003,VIS,tr,F3,0.1267203560642269
dmnelf003,VIS,tr,F4,0.1683831902992107
dmnelf003,VIS,tr,C3,0.1967297745896253
dmnelf003,VIS,tr,C4,0.1784337602181762
dmnelf003,VIS,tr,P3,0.1983046242432643
dmnelf003,VIS,tr,P4,0.13155810660496117
dmnelf003,VIS,tr,O1,0.19947045904640548
dmnelf003,VIS,tr,O2,0.21736807488157692
dmnelf003,VIS,tr,F7,0.16556673008768516
dmnelf003,VIS,tr,F8,0.1479515402700474
dmnelf003,VIS,tr,T7,0.15845915766056018
dmnelf003,VIS,tr,T8,0.10154503115957822
dmnelf003,VIS,tr,P7,0.20682076330033444
dmnelf003,VIS,tr,P8,0.12988838838893157
dmnelf003,VIS,tr,Fz,0.17771634944493744
dmnelf003,VIS,tr,Cz,0.2029316231266946
dmnelf003,VIS,tr,Pz,0.1498415744137852
dmnelf003,VIS,tr,Oz,0.2146466954262221
dmnelf003,VIS,tr,FC1,0.15572308016298791
dmnelf003,VIS,tr,FC2,0.2159473782804492
dmnelf003,VIS,tr,CP1,0.17466975884150082
dmnelf003,VIS,tr,CP2,0.19745526575045508
dmnelf003,VIS,tr,FC5,0.17889545768833923
dmnelf003,VIS,tr,FC6,0.16226156189758303
dmnelf003,VIS,tr,CP5,0.15183700066921937
dmnelf003,VIS,tr,CP6,0.1344731899071488
dmnelf003,VIS,tr,TP9,0.1623436923822948
dmnelf003,VIS,tr,TP10,0.17089319444736273
dmnelf003,VIS,tr,POz,0.205190918244239
dmnelf004,VIS,tr,Fp1,0.19259360203656986
dmnelf004,VIS,tr,Fp2,0.1886085882216014
dmnelf004,VIS,tr,F3,0.15406769186553504
dmnelf004,VIS,tr,F4,0.20640904038279037
dmnelf004,VIS,tr,C3,0.2617831108737847
dmnelf004,VIS,tr,C4,0.18031329140037164
dmnelf004,VIS,tr,P3,0.2590300424744385
dmnelf004,VIS,tr,P4,0.2304236178612186
dmnelf004,VIS,tr,O1,0.28116575413853045
dmnelf004,VIS,tr,O2,0.2817982189887835
dmnelf004,VIS,tr,F7,0.1995476515137018
dmnelf004,VIS,tr,F8,0.20632238707495357
dmnelf004,VIS,tr,T7,0.2174681874010558
dmnelf004,VIS,tr,T8,0.195855798209479
dmnelf004,VIS,tr,P7,0.21977424199978673
dmnelf004,VIS,tr,P8,0.24244259870837215
dmnelf004,VIS,tr,Fz,0.21021658650955338
dmnelf004,VIS,tr,Cz,0.0968881908874814
dmnelf004,VIS,tr,Pz,0.11231900568987972
dmnelf004,VIS,tr,Oz,0.2127281273128784
dmnelf004,VIS,tr,FC1,0.2802335848008543
dmnelf004,VIS,tr,FC2,0.27618804595040963
dmnelf004,VIS,tr,CP1,0.22200888596405946
dmnelf004,VIS,tr,CP2,0.21812519891427784
dmnelf004,VIS,tr,FC5,0.23032676096800545
dmnelf004,VIS,tr,FC6,0.2003743037713389
dmnelf004,VIS,tr,CP5,0.20141910151548703
dmnelf004,VIS,tr,CP6,0.23248745126192036
dmnelf004,VIS,tr,TP9,0.24411577171282833
dmnelf004,VIS,tr,TP10,0.22931499390377086
dmnelf004,VIS,tr,POz,0.08821219400436149
dmnelf005,VIS,tr,Fp1,0.24658589765286615
dmnelf005,VIS,tr,Fp2,0.17602316957848113
dmnelf005,VIS,tr,F3,0.15860427518630787
dmnelf005,VIS,tr,F4,0.07379460670543686
dmnelf005,VIS,tr,C3,0.050339946665302275
dmnelf005,VIS,tr,C4,0.14548387426166218
dmnelf005,VIS,tr,P3,0.03832233992712543
dmnelf005,VIS,tr,P4,0.09126391316624907
dmnelf005,VIS,tr,O1,0.060950507280194396
dmnelf005,VIS,tr,O2,0.1686177818729146
dmnelf005,VIS,tr,F7,0.2171498367860938
dmnelf005,VIS,tr,F8,0.12110229567405621
dmnelf005,VIS,tr,T7,0.1640359729701347
dmnelf005,VIS,tr,T8,0.12935418133137525
dmnelf005,VIS,tr,P7,0.0360976368832161
dmnelf005,VIS,tr,P8,0.034405712439973896
dmnelf005,VIS,tr,Fz,0.010050812904857915
dmnelf005,VIS,tr,Cz,0.23700607306971014
dmnelf005,VIS,tr,Pz,0.1693522452079617
dmnelf005,VIS,tr,Oz,0.22133358761412913
dmnelf005,VIS,tr,FC1,0.1673042042388858
dmnelf005,VIS,tr,FC2,0.19012013541441664
dmnelf005,VIS,tr,CP1,0.17129723213026446
dmnelf005,VIS,tr,CP2,0.14936118216678657
dmnelf005,VIS,tr,FC5,0.17226666609784647
dmnelf005,VIS,tr,FC6,0.15587431785840192
dmnelf005,VIS,tr,CP5,0.03054105895695882
dmnelf005,VIS,tr,CP6,-0.003725854263340498
dmnelf005,VIS,tr,TP9,0.05589955080717864
dmnelf005,VIS,tr,TP10,0.09712340233496829
dmnelf005,VIS,tr,POz,0.17610347366704035
dmnelf006,VIS,tr,Fp1,-0.058134041633961665
dmnelf006,VIS,tr,Fp2,0.018689367687564178
dmnelf006,VIS,tr,F3,0.016579967459947175
dmnelf006,VIS,tr,F4,0.06228123606313187
dmnelf006,VIS,tr,C3,0.011990735491503892
dmnelf006,VIS,tr,C4,0.11135955663249313
dmnelf006,VIS,tr,P3,0.1119226019541339
dmnelf006,VIS,tr,P4,0.13901344542099567
dmnelf006,VIS,tr,O1,0.010315277865420797
dmnelf006,VIS,tr,O2,-0.005604421597608959
dmnelf006,VIS,tr,F7,-0.0839628464229528
dmnelf006,VIS,tr,F8,-0.07445213152599074
dmnelf006,VIS,tr,T7,-0.1163522198827212
dmnelf006,VIS,tr,T8,-0.06019034191549731
dmnelf006,VIS,tr,P7,-0.01958299809064287
dmnelf006,VIS,tr,P8,-0.07935807030916049
dmnelf006,VIS,tr,Fz,-0.010626714442203512
dmnelf006,VIS,tr,Cz,0.21355994740912448
dmnelf006,VIS,tr,Pz,0.17781796557078777
dmnelf006,VIS,tr,Oz,-0.011082368840036258
dmnelf006,VIS,tr,FC1,0.12607490124784443
dmnelf006,VIS,tr,FC2,0.10668990867322552
dmnelf006,VIS,tr,CP1,0.12459634948669758
dmnelf006,VIS,tr,CP2,-0.07333719801746104
dmnelf006,VIS,tr,FC5,-0.13187302940031334
dmnelf006,VIS,tr,FC6,-0.10476500007984432
dmnelf006,VIS,tr,CP5,0.20144278976122623
dmnelf006,VIS,tr,CP6,-0.012194912616289072
dmnelf006,VIS,tr,TP9,-0.10539489090016879
dmnelf006,VIS,tr,TP10,-0.07713332543264016
dmnelf006,VIS,tr,POz,0.1518694109674243
dmnelf007,VIS,tr,Fp1,-0.016219275043949107
dmnelf007,VIS,tr,Fp2,0.10360400521977037
dmnelf007,VIS,tr,F3,0.17798474403228093
dmnelf007,VIS,tr,F4,0.14508305382303407
dmnelf007,VIS,tr,C3,0.24854225098176994
dmnelf007,VIS,tr,C4,0.04105058822546364
dmnelf007,VIS,tr,P3,-0.02150071656783887
dmnelf007,VIS,tr,P4,0.21101483534931717
dmnelf007,VIS,tr,O1,0.22074982821930753
dmnelf007,VIS,tr,O2,0.23724556831331978
dmnelf007,VIS,tr,F7,-0.06457720837244704
dmnelf007,VIS,tr,F8,0.10057471432845567
dmnelf007,VIS,tr,T7,0.04504723513942907
dmnelf007,VIS,tr,T8,0.0057566725190823145
dmnelf007,VIS,tr,P7,0.13156192100961106
dmnelf007,VIS,tr,P8,0.12275222757037306
dmnelf007,VIS,tr,Fz,0.1584804962563962
dmnelf007,VIS,tr,Cz,0.17187253835237337
dmnelf007,VIS,tr,Pz,0.22989212395120395
dmnelf007,VIS,tr,Oz,0.27518118476114983
dmnelf007,VIS,tr,FC1,0.07667605020368551
dmnelf007,VIS,tr,FC2,0.23018503548939265
dmnelf007,VIS,tr,CP1,0.10422021324249976
dmnelf007,VIS,tr,CP2,0.2681459452982976
dmnelf007,VIS,tr,FC5,0.12476125452515102
dmnelf007,VIS,tr,FC6,0.11059887760033761
dmnelf007,VIS,tr,CP5,0.018099395221093842
dmnelf007,VIS,tr,CP6,0.2566140381324586
dmnelf007,VIS,tr,TP9,0.011776147418077976
dmnelf007,VIS,tr,TP10,0.04454412110247502
dmnelf007,VIS,tr,POz,0.23837942702365847
dmnelf008,VIS,tr,Fp1,0.11732212437027416
dmnelf008,VIS,tr,Fp2,0.1555149493751043
dmnelf008,VIS,tr,F3,0.2027577283318948
dmnelf008,VIS,tr,F4,0.15101595407035978
dmnelf008,VIS,tr,C3,0.1383646515345904
dmnelf008,VIS,tr,C4,0.14769890274302674
dmnelf008,VIS,tr,P3,0.1952102544893134
dmnelf008,VIS,tr,P4,0.12838512169944838
dmnelf008,VIS,tr,O1,0.08114137329878462
dmnelf008,VIS,tr,O2,0.12018111022145124
dmnelf008,VIS,tr,F7,0.1617327243102763
dmnelf008,VIS,tr,F8,0.1345102328574238
dmnelf008,VIS,tr,T7,0.14046483512347455
dmnelf008,VIS,tr,T8,0.17509578986844931
dmnelf008,VIS,tr,P7,0.12283591027858384
dmnelf008,VIS,tr,P8,0.12803938068675255
dmnelf008,VIS,tr,Fz,0.17017440124484562
dmnelf008,VIS,tr,Cz,0.08867219672789492
dmnelf008,VIS,tr,Pz,0.11190259346928248
dmnelf008,VIS,tr,Oz,0.10526660806870002
dmnelf008,VIS,tr,FC1,0.073551398445056
dmnelf008,VIS,tr,FC2,0.12537368034748372
dmnelf008,VIS,tr,CP1,0.08292829297274912
dmnelf008,VIS,tr,CP2,0.15073289934860978
dmnelf008,VIS,tr,FC5,0.16226023636837666
dmnelf008,VIS,tr,FC6,0.15840328790134794
dmnelf008,VIS,tr,CP5,0.24235238421057576
dmnelf008,VIS,tr,CP6,0.1765034399762606
dmnelf008,VIS,tr,TP9,0.1629340612838099
dmnelf008,VIS,tr,TP10,0.13823990659189583
dmnelf008,VIS,tr,POz,0.09289423516321747
dmnelf009,VIS,tr,Fp1,0.31023414511108593
dmnelf009,VIS,tr,Fp2,0.360822521927324
dmnelf009,VIS,tr,F3,0.2683301760290256
dmnelf009,VIS,tr,F4,0.22350386214027929
dmnelf009,VIS,tr,C3,0.33091167533037674
dmnelf009,VIS,tr,C4,0.23009272541387882
dmnelf009,VIS,tr,P3,0.299743147783322
dmnelf009,VIS,tr,P4,0.34742766451894447
dmnelf009,VIS,tr,O1,0.30824055585276644
dmnelf009,VIS,tr,O2,0.34229144441878423
dmnelf009,VIS,tr,F7,0.32595943614003475
dmnelf009,VIS,tr,F8,0.23801347605014792
dmnelf009,VIS,tr,T7,0.25239359898507685
dmnelf009,VIS,tr,T8,0.26094868094764084
dmnelf009,VIS,tr,P7,0.2291200674532728
dmnelf009,VIS,tr,P8,0.26682453307848136
dmnelf009,VIS,tr,Fz,0.12241394720690302
dmnelf009,VIS,tr,Cz,0.23251524937624996
dmnelf009,VIS,tr,Pz,0.17113245462881052
dmnelf009,VIS,tr,Oz,0.317511637369395
dmnelf009,VIS,tr,FC1,0.33374550665869235
dmnelf009,VIS,tr,FC2,0.17495188104766027
dmnelf009,VIS,tr,CP1,0.2991423400104896
dmnelf009,VIS,tr,CP2,0.10818866711052087
dmnelf009,VIS,tr,FC5,0.35726868024821523
dmnelf009,VIS,tr,FC6,0.3465241046026782
dmnelf009,VIS,tr,CP5,0.2846240764216306
dmnelf009,VIS,tr,CP6,0.3202259449720083
dmnelf009,VIS,tr,TP9,0.2408990312795858
dmnelf009,VIS,tr,TP10,0.18145730184037545
dmnelf009,VIS,tr,POz,0.31204551709282713
dmnelf010,VIS,tr,Fp1,0.10857675482286218
dmnelf010,VIS,tr,Fp2,0.0897391146867575
dmnelf010,VIS,tr,F3,0.10326762722715499
dmnelf010,VIS,tr,F4,0.07698200175500187
dmnelf010,VIS,tr,C3,0.22723018952311164
dmnelf010,VIS,tr,C4,0.13585386658205492
dmnelf010,VIS,tr,P3,0.07536626536211548
dmnelf010,VIS,tr,P4,-0.02175915489306921
dmnelf010,VIS,tr,O1,0.2262092759181612
dmnelf010,VIS,tr,O2,0.2051228545843477
dmnelf010,VIS,tr,F7,0.23274406636886594
dmnelf010,VIS,tr,F8,0.11817639996742585
dmnelf010,VIS,tr,T7,0.20564022428082016
dmnelf010,VIS,tr,T8,0.18055305188628332
dmnelf010,VIS,tr,P7,0.1801425949197592
dmnelf010,VIS,tr,P8,0.1555741139049781
dmnelf010,VIS,tr,Fz,0.16223440526420044
dmnelf010,VIS,tr,Cz,0.17268720234705143
dmnelf010,VIS,tr,Pz,-0.014869093952739025
dmnelf010,VIS,tr,Oz,0.27260597199787723
dmnelf010,VIS,tr,FC1,0.238390793077641
dmnelf010,VIS,tr,FC2,0.19783717833414047
dmnelf010,VIS,tr,CP1,0.23839188032687406
dmnelf010,VIS,tr,CP2,-0.034969703919560426
dmnelf010,VIS,tr,FC5,0.20925854576067401
dmnelf010,VIS,tr,FC6,0.09743804188054554
dmnelf010,VIS,tr,CP5,0.17916712309895255
dmnelf010,VIS,tr,CP6,0.12912221933451068
dmnelf010,VIS,tr,TP9,0.15223776981592566
dmnelf010,VIS,tr,TP10,0.17096925463373105
dmnelf010,VIS,tr,POz,-0.06938722594412756
dmnelf011,VIS,tr,Fp1,-0.1373036246726154
dmnelf011,VIS,tr,Fp2,-0.15898198058548832
dmnelf011,VIS,tr,F3,-0.06788173503901743
dmnelf011,VIS,tr,F4,-0.015630449562504586
dmnelf011,VIS,tr,C3,-0.08252249600631203
dmnelf011,VIS,tr,C4,0.0772655151087645
dmnelf011,VIS,tr,P3,-0.08925558494329854
dmnelf011,VIS,tr,P4,0.024835702752851043
dmnelf011,VIS,tr,O1,-0.07107926284869487
dmnelf011,VIS,tr,O2,-0.0637437892871144
dmnelf011,VIS,tr,F7,-0.1699658373009737
dmnelf011,VIS,tr,F8,-0.037587350278695766
dmnelf011,VIS,tr,T7,0.1012685705328996
dmnelf011,VIS,tr,T8,-0.19670777486221253
dmnelf011,VIS,tr,P7,-0.028910418303348017
dmnelf011,VIS,tr,P8,-0.17984102565653193
dmnelf011,VIS,tr,Fz,-0.09898669373348919
dmnelf011,VIS,tr,Cz,0.009581611611272241
dmnelf011,VIS,tr,Pz,0.026689641509884485
dmnelf011,VIS,tr,Oz,-0.09537629851804372
dmnelf011,VIS,tr,FC1,-0.07879104459148178
dmnelf011,VIS,tr,FC2,0.0036663306469323378
dmnelf011,VIS,tr,CP1,-0.058041348145357545
dmnelf011,VIS,tr,CP2,0.04665509869832995
dmnelf011,VIS,tr,FC5,-0.15660378987933646
dmnelf011,VIS,tr,FC6,-0.09237524024424798
dmnelf011,VIS,tr,CP5,0.00437810279994859
dmnelf011,VIS,tr,CP6,-0.09585254967896367
dmnelf011,VIS,tr,TP9,-0.050729137791584215
dmnelf011,VIS,tr,TP10,-0.1724696901461904
dmnelf011,VIS,tr,POz,-0.0543040103465956
dmnelf012,VIS,tr,Fp1,0.25301090755147543
dmnelf012,VIS,tr,Fp2,-0.0030446881859793776
dmnelf012,VIS,tr,F3,0.15499431919579587
dmnelf012,VIS,tr,F4,0.15022777114315713
dmnelf012,VIS,tr,C3,0.16104986792455123
dmnelf012,VIS,tr,C4,0.17840779585553246
dmnelf012,VIS,tr,P3,0.22573052283176417
dmnelf012,VIS,tr,P4,0.19529958859291377
dmnelf012,VIS,tr,O1,0.016132026715529248
dmnelf012,VIS,tr,O2,0.14250762825925706
dmnelf012,VIS,tr,F7,0.2350981838996184
dmnelf012,VIS,tr,F8,0.18783655513780323
dmnelf012,VIS,tr,T7,0.15540331887344738
dmnelf012,VIS,tr,T8,0.18943432056012652
dmnelf012,VIS,tr,P7,0.08672830110773085
dmnelf012,VIS,tr,P8,0.220210737129273
dmnelf012,VIS,tr,Fz,0.10988683106056066
dmnelf012,VIS,tr,Cz,0.09846780901344485
dmnelf012,VIS,tr,Pz,0.15325980219531793
dmnelf012,VIS,tr,Oz,0.05469286449306752
dmnelf012,VIS,tr,FC1,0.14816223860154384
dmnelf012,VIS,tr,FC2,0.14755276503422798
dmnelf012,VIS,tr,CP1,0.17525333889007924
dmnelf012,VIS,tr,CP2,0.14756603424930378
dmnelf012,VIS,tr,FC5,0.20550297273918292
dmnelf012,VIS,tr,FC6,0.13556610392925594
dmnelf012,VIS,tr,CP5,0.12983296194828586
dmnelf012,VIS,tr,CP6,0.20477312359224698
dmnelf012,VIS,tr,TP9,0.15049595216130682
dmnelf012,VIS,tr,TP10,0.2222653362914855
dmnelf012,VIS,tr,POz,0.1262511707271648
dmnelf013,VIS,tr,Fp1,-0.14618620685009712
dmnelf013,VIS,tr,Fp2,-0.11004247846573842
dmnelf013,VIS,tr,F3,-0.16739218687587643
dmnelf013,VIS,tr,F4,-0.12274638810278159
dmnelf013,VIS,tr,C3,-0.2554134688350212
dmnelf013,VIS,tr,C4,-0.21774693989944643
dmnelf013,VIS,tr,P3,-0.20814070782259775
dmnelf013,VIS,tr,P4,-0.14112405484868626
dmnelf013,VIS,tr,O1,-0.21309001377623668
dmnelf013,VIS,tr,O2,-0.29329323023480836
dmnelf013,VIS,tr,F7,-0.1371463630534939
dmnelf013,VIS,tr,F8,-0.07210918091890657
dmnelf013,VIS,tr,T7,-0.13123332722018363
dmnelf013,VIS,tr,T8,-0.08651308829374547
dmnelf013,VIS,tr,P7,-0.20024662027053086
dmnelf013,VIS,tr,P8,-0.2222823366716829
dmnelf013,VIS,tr,Fz,-0.18460579612262173
dmnelf013,VIS,tr,Cz,-0.09570091729891317
dmnelf013,VIS,tr,Pz,-0.18593600359522508
dmnelf013,VIS,tr,Oz,-0.26954359631791475
dmnelf013,VIS,tr,FC1,-0.12096376751844222
dmnelf013,VIS,tr,FC2,-0.11302201079463939
dmnelf013,VIS,tr,CP1,-0.09212810822312607
dmnelf013,VIS,tr,CP2,-0.1906302221521924
dmnelf013,VIS,tr,FC5,-0.17175194154822615
dmnelf013,VIS,tr,FC6,-0.1386498534431936
dmnelf013,VIS,tr,CP5,-0.22663044176471658
dmnelf013,VIS,tr,CP6,-0.19634201816878116
dmnelf013,VIS,tr,TP9,-0.1912200107363565
dmnelf013,VIS,tr,TP10,-0.18083887071424554
dmnelf013,VIS,tr,POz,-0.2410424519696372
dmnelf014,VIS,tr,Fp1,-0.1005294905151517
dmnelf014,VIS,tr,Fp2,-0.14053245174053028
dmnelf014,VIS,tr,F3,-0.06808681155289861
dmnelf014,VIS,tr,F4,-0.05969710878131688
dmnelf014,VIS,tr,C3,-0.050706884518140635
dmnelf014,VIS,tr,C4,-0.055926455095888825
dmnelf014,VIS,tr,P3,-0.0667907164823169
dmnelf014,VIS,tr,P4,-0.11152187237190166
dmnelf014,VIS,tr,O1,0.04419605726907691
dmnelf014,VIS,tr,O2,-0.0368354230785218
dmnelf014,VIS,tr,F7,-0.08093527980012591
dmnelf014,VIS,tr,F8,-0.05976985410993831
dmnelf014,VIS,tr,T7,0.05249285972527219
dmnelf014,VIS,tr,T8,-0.00457408147287734
dmnelf014,VIS,tr,P7,-0.010823957470099104
dmnelf014,VIS,tr,P8,-0.12222199708256223
dmnelf014,VIS,tr,Fz,-0.01949390627679352
dmnelf014,VIS,tr,Cz,0.07938755532596019
dmnelf014,VIS,tr,Pz,-0.11145652646135572
dmnelf014,VIS,tr,Oz,-0.034530779229003244
dmnelf014,VIS,tr,FC1,-0.0786187673282388
dmnelf014,VIS,tr,FC2,0.09109833560349924
dmnelf014,VIS,tr,CP1,-0.14412458983489124
dmnelf014,VIS,tr,CP2,-0.14194509523856247
dmnelf014,VIS,tr,FC5,-0.12281679596626036
dmnelf014,VIS,tr,FC6,-0.08380515050014672
dmnelf014,VIS,tr,CP5,-0.08291372734257761
dmnelf014,VIS,tr,CP6,-0.05243181280234925
dmnelf014,VIS,tr,TP9,-0.05145651445519729
dmnelf014,VIS,tr,TP10,-0.05510430318390303
dmnelf014,VIS,tr,POz,0.04569340786265726
dmnelf015,VIS,tr,Fp1,0.12118761590554611
dmnelf015,VIS,tr,Fp2,-0.04227520702383257
dmnelf015,VIS,tr,F3,-0.14150755149172878
dmnelf015,VIS,tr,F4,0.0022983572100657807
dmnelf015,VIS,tr,C3,-0.05879406669866789
dmnelf015,VIS,tr,C4,0.00047680582564366874
dmnelf015,VIS,tr,P3,-0.04636164067933414
dmnelf015,VIS,tr,P4,-0.17058963793408294
dmnelf015,VIS,tr,O1,-0.22183440246552272
dmnelf015,VIS,tr,O2,-0.07712435109830902
dmnelf015,VIS,tr,F7,-0.00985795799130423
dmnelf015,VIS,tr,F8,-0.055467754002821404
dmnelf015,VIS,tr,T7,0.0005625015431535646
dmnelf015,VIS,tr,T8,0.13501905928940586
dmnelf015,VIS,tr,P7,-0.032868619918715966
dmnelf015,VIS,tr,P8,-0.015592076471713083
dmnelf015,VIS,tr,Fz,-0.14428456276024293
dmnelf015,VIS,tr,Cz,-0.04959754018649428
dmnelf015,VIS,tr,Pz,-0.04007177809880943
dmnelf015,VIS,tr,Oz,-0.16465443591685835
dmnelf015,VIS,tr,FC1,-0.16065595065012
dmnelf015,VIS,tr,FC2,-0.18961266318474893
dmnelf015,VIS,tr,CP1,-0.0675948909442405
dmnelf015,VIS,tr,CP2,-0.08984031394305465
dmnelf015,VIS,tr,FC5,-0.015624375475229695
dmnelf015,VIS,tr,FC6,-0.04888897602772432
dmnelf015,VIS,tr,CP5,-0.054042695182908496
dmnelf015,VIS,tr,CP6,-0.10488693971420114
dmnelf015,VIS,tr,TP9,-0.04903316760793243
dmnelf015,VIS,tr,TP10,-0.0313228650675008
dmnelf015,VIS,tr,POz,-0.091704197650086
dmnelf016,VIS,tr,Fp1,0.03210747867961893
dmnelf016,VIS,tr,Fp2,-0.052676367295307586
dmnelf016,VIS,tr,F3,0.05273911682688526
dmnelf016,VIS,tr,F4,-0.09983685243988082
dmnelf016,VIS,tr,C3,-0.05127602695810857
dmnelf016,VIS,tr,C4,-0.10618012801049206
dmnelf016,VIS,tr,P3,0.07174600627425953
dmnelf016,VIS,tr,P4,-0.10775773707231347
dmnelf016,VIS,tr,O1,-0.03733556208992801
dmnelf016,VIS,tr,O2,-0.05221036791791228
dmnelf016,VIS,tr,F7,0.15163547111473724
dmnelf016,VIS,tr,F8,0.16670106569149037
dmnelf016,VIS,tr,T7,0.04032638593861712
dmnelf016,VIS,tr,T8,0.03407424225459611
dmnelf016,VIS,tr,P7,-0.04418586075783134
dmnelf016,VIS,tr,P8,0.007154785071535963
dmnelf016,VIS,tr,Fz,-0.06652713743040482
dmnelf016,VIS,tr,Cz,-0.05467547298668651
dmnelf016,VIS,tr,Pz,0.14442558224129468
dmnelf016,VIS,tr,Oz,0.12945061175736505
dmnelf016,VIS,tr,FC1,-0.05318562356613573
dmnelf016,VIS,tr,FC2,-0.03435903339646703
dmnelf016,VIS,tr,CP1,-0.10234594140508191
dmnelf016,VIS,tr,CP2,-0.08129608640023787
dmnelf016,VIS,tr,FC5,0.05868385621128158
dmnelf016,VIS,tr,FC6,0.08884926483687741
dmnelf016,VIS,tr,CP5,-0.09524752320509906
dmnelf016,VIS,tr,CP6,-0.018825490999796975
dmnelf016,VIS,tr,TP9,-0.1220414887463313
dmnelf016,VIS,tr,TP10,0.07457096878599914
dmnelf016,VIS,tr,POz,-0.06400885009675496
dmnelf1001,VIS,tr,Fp1,0.06094549606338636
dmnelf1001,VIS,tr,Fp2,-0.04655820000454909
dmnelf1001,VIS,tr,F3,0.11578650185043915
dmnelf1001,VIS,tr,F4,0.05175232921299925
dmnelf1001,VIS,tr,C3,-0.11991629441701168
dmnelf1001,VIS,tr,C4,0.0008859449700794981
dmnelf1001,VIS,tr,P3,0.07015447357857876
dmnelf1001,VIS,tr,P4,0.13361842905855095
dmnelf1001,VIS,tr,O1,0.10942016532145497
dmnelf1001,VIS,tr,O2,0.03136360579954491
dmnelf1001,VIS,tr,F7,-0.0389739625141546
dmnelf1001,VIS,tr,F8,-0.10092901577641424
dmnelf1001,VIS,tr,T7,-0.15876826368163158
dmnelf1001,VIS,tr,T8,-0.00865898427183199
dmnelf1001,VIS,tr,P7,0.002952719976149125
dmnelf1001,VIS,tr,P8,-0.1253770567537532
dmnelf1001,VIS,tr,Fz,0.1584826292308758
dmnelf1001,VIS,tr,Cz,-0.19475695379335733
dmnelf1001,VIS,tr,Pz,-0.029473825326301765
dmnelf1001,VIS,tr,Oz,0.03586792797877139
dmnelf1001,VIS,tr,FC1,0.013737055926280287
dmnelf1001,VIS,tr,FC2,-0.08431148685105765
dmnelf1001,VIS,tr,CP1,-0.023504403613051773
dmnelf1001,VIS,tr,CP2,-0.07210559079791018
dmnelf1001,VIS,tr,FC5,-0.11344487487105276
dmnelf1001,VIS,tr,FC6,-0.09982438089024208
dmnelf1001,VIS,tr,CP5,-0.03458051244230614
dmnelf1001,VIS,tr,CP6,-0.08284598362778396
dmnelf1001,VIS,tr,TP9,0.00014806934979134248
dmnelf1001,VIS,tr,TP10,-0.1570769021787233
dmnelf1001,VIS,tr,POz,-0.04277146180522429
dmnelf1002,VIS,tr,Fp1,0.14317399577115927
dmnelf1002,VIS,tr,Fp2,0.08818513898612672
dmnelf1002,VIS,tr,F3,0.11672255522467323
dmnelf1002,VIS,tr,F4,0.20373158991723547
dmnelf1002,VIS,tr,C3,0.19132029420363036
dmnelf1002,VIS,tr,C4,0.16165225969958213
dmnelf1002,VIS,tr,P3,0.23270349836086252
dmnelf1002,VIS,tr,P4,0.17685092276534228
dmnelf1002,VIS,tr,O1,0.1302690562214552
dmnelf1002,VIS,tr,O2,0.1453146529676744
dmnelf1002,VIS,tr,F7,0.12125324611375307
dmnelf1002,VIS,tr,F8,0.20754609149409908
dmnelf1002,VIS,tr,T7,0.13349291948096517
dmnelf1002,VIS,tr,T8,0.15928821133533114
dmnelf1002,VIS,tr,P7,0.241308236665666
dmnelf1002,VIS,tr,P8,0.1638463347396512
dmnelf1002,VIS,tr,Fz,0.2061887827471642
dmnelf1002,VIS,tr,Cz,0.12237255880137085
dmnelf1002,VIS,tr,Pz,0.24225247972438727
dmnelf1002,VIS,tr,Oz,0.1704065882482179
dmnelf1002,VIS,tr,FC1,0.022304738667982365
dmnelf1002,VIS,tr,FC2,0.2916986401070994
dmnelf1002,VIS,tr,CP1,0.2065404173994841
dmnelf1002,VIS,tr,CP2,0.12026744084632318
dmnelf1002,VIS,tr,FC5,0.20083880587392902
dmnelf1002,VIS,tr,FC6,0.21003900599961897
dmnelf1002,VIS,tr,CP5,0.23046718426819482
dmnelf1002,VIS,tr,CP6,0.1445628450210373
dmnelf1002,VIS,tr,TP9,0.22525488642154326
dmnelf1002,VIS,tr,TP10,0.14428993727415507
dmnelf1002,VIS,tr,POz,0.12881797643908086
dmnelf1003,VIS,tr,Fp1,0.05705846120878265
dmnelf1003,VIS,tr,Fp2,-0.09819086980739222
dmnelf1003,VIS,tr,F3,-0.05606712247010914
dmnelf1003,VIS,tr,F4,-0.10690333014532329
dmnelf1003,VIS,tr,C3,-0.0373123178358814
dmnelf1003,VIS,tr,C4,-0.021185654082430103
dmnelf1003,VIS,tr,P3,0.07091549145970677
dmnelf1003,VIS,tr,P4,0.20662236700117134
dmnelf1003,VIS,tr,O1,-0.13867619583156432
dmnelf1003,VIS,tr,O2,0.11866728798216744
dmnelf1003,VIS,tr,F7,-0.1738660860860634
dmnelf1003,VIS,tr,F8,-0.17478126737070104
dmnelf1003,VIS,tr,T7,-0.11537163676195106
dmnelf1003,VIS,tr,T8,-0.07302593628662765
dmnelf1003,VIS,tr,P7,-0.13780270965512664
dmnelf1003,VIS,tr,P8,0.09191351571245635
dmnelf1003,VIS,tr,Fz,0.03399748977796239
dmnelf1003,VIS,tr,Cz,0.11996654558780379
dmnelf1003,VIS,tr,Pz,0.1176583205917297
dmnelf1003,VIS,tr,Oz,0.22079970745777766
dmnelf1003,VIS,tr,FC1,-0.24884060947106293
dmnelf1003,VIS,tr,FC2,0.023457721867965343
dmnelf1003,VIS,tr,CP1,0.06869382818469133
dmnelf1003,VIS,tr,CP2,-0.09664993155800655
dmnelf1003,VIS,tr,FC5,-0.039522803554469466
dmnelf1003,VIS,tr,FC6,-0.1664168868919558
dmnelf1003,VIS,tr,CP5,0.11273950345463664
dmnelf1003,VIS,tr,CP6,0.022884324967048612
dmnelf1003,VIS,tr,TP9,-0.1367759680275305
dmnelf1003,VIS,tr,TP10,0.09089377436572378
dmnelf1003,VIS,tr,POz,0.19161800337823723
dmnelf001,DMN,hz4,Fp1,0.10378402472566253
dmnelf001,DMN,hz4,Fp2,0.01945082018232215
dmnelf001,DMN,hz4,F3,0.12148490386561221
dmnelf001,DMN,hz4,F4,0.17427239108911718
dmnelf001,DMN,hz4,C3,0.25463899632932635
dmnelf001,DMN,hz4,C4,0.0972228179763962
dmnelf001,DMN,hz4,P3,0.2936150407705825
dmnelf001,DMN,hz4,P4,0.27317478787388483
dmnelf001,DMN,hz4,O1,0.32737249180181927
dmnelf001,DMN,hz4,O2,0.3594257457178487
dmnelf001,DMN,hz4,F7,0.057619996174174515
dmnelf001,DMN,hz4,F8,0.06326732715693938
dmnelf001,DMN,hz4,T7,0.06671783448430772
dmnelf001,DMN,hz4,T8,0.0549820467653566
dmnelf001,DMN,hz4,P7,0.2515265118597285
dmnelf001,DMN,hz4,P8,0.1973604102544097
dmnelf001,DMN,hz4,Fz,0.13270019566082009
dmnelf001,DMN,hz4,Cz,0.2534578896642122
dmnelf001,DMN,hz4,Pz,0.34349659275164013
dmnelf001,DMN,hz4,Oz,0.2817732471761205
dmnelf001,DMN,hz4,FC1,0.23978923964759635
dmnelf001,DMN,hz4,FC2,0.272915437214415
dmnelf001,DMN,hz4,CP1,0.3078642641257333
dmnelf001,DMN,hz4,CP2,0.21121971981121615
dmnelf001,DMN,hz4,FC5,0.07449930011210473
dmnelf001,DMN,hz4,FC6,-0.015656757891320292
dmnelf001,DMN,hz4,CP5,0.1693877086439845
dmnelf001,DMN,hz4,CP6,0.14205314398959654
dmnelf001,DMN,hz4,TP9,0.1333595874903214
dmnelf001,DMN,hz4,TP10,0.06777551922326694
dmnelf001,DMN,hz4,POz,0.22114762538970117
dmnelf002,DMN,hz4,Fp1,0.19614021549967015
dmnelf002,DMN,hz4,Fp2,0.09740242122108327
dmnelf002,DMN,hz4,F3,0.16632676693292994
dmnelf002,DMN,hz4,F4,0.20689875124203067
dmnelf002,DMN,hz4,C3,0.2542698340603235
dmnelf002,DMN,hz4,C4,0.25013250170682116
dmnelf002,DMN,hz4,P3,0.17216998296162983
dmnelf002,DMN,hz4,P4,0.10947627416215173
dmnelf002,DMN,hz4,O1,0.13756725317656038
dmnelf002,DMN,hz4,O2,0.22301492077155546
dmnelf002,DMN,hz4,F7,0.17555085421120376
dmnelf002,DMN,hz4,F8,0.14590733119675187
dmnelf002,DMN,hz4,T7,0.26354562484468236
dmnelf002,DMN,hz4,T8,0.08294648621000848
dmnelf002,DMN,hz4,P7,0.15868000245197655
dmnelf002,DMN,hz4,P8,0.1577578177423206
dmnelf002,DMN,hz4,Fz,0.11993704649123836
dmnelf002,DMN,hz4,Cz,0.13189572618977177
dmnelf002,DMN,hz4,Pz,0.0494300257703935
dmnelf002,DMN,hz4,Oz,0.23773334056301632
dmnelf002,DMN,hz4,FC1,0.14001933914307105
dmnelf002,DMN,hz4,FC2,0.10218245588817587
dmnelf002,DMN,hz4,CP1,0.22526754723528747
dmnelf002,DMN,hz4,CP2,0.03544872934811634
dmnelf002,DMN,hz4,FC5,0.21836179352828364
dmnelf002,DMN,hz4,FC6,0.16506905057267726
dmnelf002,DMN,hz4,CP5,0.16596036865799313
dmnelf002,DMN,hz4,CP6,0.3219471309405493
dmnelf002,DMN,hz4,TP9,0.17645879511491527
dmnelf002,DMN,hz4,TP10,0.14950952358111633
dmnelf002,DMN,hz4,POz,0.14160852334236224
dmnelf003,DMN,hz4,Fp1,-0.041962259032609715
dmnelf003,DMN,hz4,Fp2,0.06812478829763072
dmnelf003,DMN,hz4,F3,-0.07096319495952186
dmnelf003,DMN,hz4,F4,-0.012235144890834798
dmnelf003,DMN,hz4,C3,0.055545511004235326
dmnelf003,DMN,hz4,C4,-0.018940448873332252
dmnelf003,DMN,hz4,P3,-0.06756426186076189
dmnelf003,DMN,hz4,P4,-0.03544860602753992
dmnelf003,DMN,hz4,O1,-0.08087455826618146
dmnelf003,DMN,hz4,O2,0.09343662704363787
dmnelf003,DMN,hz4,F7,0.08696774545001651
dmnelf003,DMN,hz4,F8,-0.08961250807040266
dmnelf003,DMN,hz4,T7,-0.1517904388992267
dmnelf003,DMN,hz4,T8,-0.07774975378734071
dmnelf003,DMN,hz4,P7,-0.13100480735414938
dmnelf003,DMN,hz4,P8,0.09653972855547875
dmnelf003,DMN,hz4,Fz,0.00862076014827031
dmnelf003,DMN,hz4,Cz,-0.010377270126786003
dmnelf003,DMN,hz4,Pz,-0.017781056043834027
dmnelf003,DMN,hz4,Oz,-0.008377293190870848
dmnelf003,DMN,hz4,FC1,-0.09471367925844396
dmnelf003,DMN,hz4,FC2,0.05468415341098863
dmnelf003,DMN,hz4,CP1,-0.007144511878364747
dmnelf003,DMN,hz4,CP2,-0.0779945706318548
dmnelf003,DMN,hz4,FC5,0.04696561277877461
dmnelf003,DMN,hz4,FC6,-0.09489392735087451
dmnelf003,DMN,hz4,CP5,-0.12231219375237429
dmnelf003,DMN,hz4,CP6,0.01946378675433407
dmnelf003,DMN,hz4,TP9,-0.16618700403039052
dmnelf003,DMN,hz4,TP10,0.0661619652589333
dmnelf003,DMN,hz4,POz,0.05731450932835348
dmnelf004,DMN,hz4,Fp1,-0.017044922083318797
dmnelf004,DMN,hz4,Fp2,-0.0774368663445751
dmnelf004,DMN,hz4,F3,0.03405422448053888
dmnelf004,DMN,hz4,F4,0.045456751638101534
dmnelf004,DMN,hz4,C3,0.02085251718329402
dmnelf004,DMN,hz4,C4,0.2938989628806901
dmnelf004,DMN,hz4,P3,-0.05024468326702504
dmnelf004,DMN,hz4,P4,0.13160994761513592
dmnelf004,DMN,hz4,O1,0.073171258699289
dmnelf004,DMN,hz4,O2,0.020030981190242894
dmnelf004,DMN,hz4,F7,0.014646703164751966
dmnelf004,DMN,hz4,F8,-0.07098278444507805
dmnelf004,DMN,hz4,T7,0.017406103808646708
dmnelf004,DMN,hz4,T8,0.11108713262901852
dmnelf004,DMN,hz4,P7,-0.09365441430232517
dmnelf004,DMN,hz4,P8,0.017103549061390867
dmnelf004,DMN,hz4,Fz,0.1327235035954582
dmnelf004,DMN,hz4,Cz,0.346387668764406
dmnelf004,DMN,hz4,Pz,0.19213632671763628
dmnelf004,DMN,hz4,Oz,0.22955128309228465
dmnelf004,DMN,hz4,FC1,0.15189645163821947
dmnelf004,DMN,hz4,FC2,0.22588266474857616
dmnelf004,DMN,hz4,CP1,0.003324427247603998
dmnelf004,DMN,hz4,CP2,0.22805346352942168
dmnelf004,DMN,hz4,FC5,0.2535136575696678
dmnelf004,DMN,hz4,FC6,-0.05279127040437841
dmnelf004,DMN,hz4,CP5,0.14526984843784407
dmnelf004,DMN,hz4,CP6,0.06840541223987318
dmnelf004,DMN,hz4,TP9,-0.0937688244238663
dmnelf004,DMN,hz4,TP10,0.11481475805683726
dmnelf004,DMN,hz4,POz,0.09454829941968834
dmnelf005,DMN,hz4,Fp1,0.0726700787332604
dmnelf005,DMN,hz4,Fp2,0.0030089930392595506
dmnelf005,DMN,hz4,F3,0.0693122721310904
dmnelf005,DMN,hz4,F4,0.13734470081082337
dmnelf005,DMN,hz4,C3,0.10218976141891804
dmnelf005,DMN,hz4,C4,0.0398155390105433
dmnelf005,DMN,hz4,P3,0.1584594125771103
dmnelf005,DMN,hz4,P4,0.17960569167608656
dmnelf005,DMN,hz4,O1,0.11721627655885708
dmnelf005,DMN,hz4,O2,0.05965827253197962
dmnelf005,DMN,hz4,F7,0.14806176339931204
dmnelf005,DMN,hz4,F8,0.08304726868255213
dmnelf005,DMN,hz4,T7,0.027933180131594335
dmnelf005,DMN,hz4,T8,0.06624805368598613
dmnelf005,DMN,hz4,P7,0.1667865716358944
dmnelf005,DMN,hz4,P8,0.15851803559917318
dmnelf005,DMN,hz4,Fz,0.22616310845702942
dmnelf005,DMN,hz4,Cz,0.070879180404588
dmnelf005,DMN,hz4,Pz,0.004901394194262085
dmnelf005,DMN,hz4,Oz,0.0460101243076379
dmnelf005,DMN,hz4,FC1,0.1659388455087127
dmnelf005,DMN,hz4,FC2,0.13684877903592801
dmnelf005,DMN,hz4,CP1,-0.03361252754898608
dmnelf005,DMN,hz4,CP2,0.057189642953589255
dmnelf005,DMN,hz4,FC5,0.08884234281820953
dmnelf005,DMN,hz4,FC6,0.1198349988205547
dmnelf005,DMN,hz4,CP5,0.10273872532752176
dmnelf005,DMN,hz4,CP6,0.14194625223840515
dmnelf005,DMN,hz4,TP9,0.11579558441404608
dmnelf005,DMN,hz4,TP10,0.10843981095848883
dmnelf005,DMN,hz4,POz,0.15746291280306382
dmnelf006,DMN,hz4,Fp1,0.013475503502002115
dmnelf006,DMN,hz4,Fp2,0.24040945887797266
dmnelf006,DMN,hz4,F3,0.03063434810121976
dmnelf006,DMN,hz4,F4,0.21251269283719573
dmnelf006,DMN,hz4,C3,0.00699231961970906
dmnelf006,DMN,hz4,C4,0.2620677701434647
dmnelf006,DMN,hz4,P3,0.252175659367861
dmnelf006,DMN,hz4,P4,0.2540882496738722
dmnelf006,DMN,hz4,O1,0.43106168527223465
dmnelf006,DMN,hz4,O2,0.214469361857699
dmnelf006,DMN,hz4,F7,0.04816885310941517
dmnelf006,DMN,hz4,F8,0.19536108134611602
dmnelf006,DMN,hz4,T7,0.1041946436224081
dmnelf006,DMN,hz4,T8,0.28484022594518643
dmnelf006,DMN,hz4,P7,0.153108068453507
dmnelf006,DMN,hz4,P8,0.12522592682205433
dmnelf006,DMN,hz4,Fz,0.1426024990259874
dmnelf006,DMN,hz4,Cz,0.22630461226342027
dmnelf006,DMN,hz4,Pz,0.2189769753733381
dmnelf006,DMN,hz4,Oz,0.3371046888986191
dmnelf006,DMN,hz4,FC1,0.1492755800826646
dmnelf006,DMN,hz4,FC2,-0.0038156335079534928
dmnelf006,DMN,hz4,CP1,0.1912957144798987
dmnelf006,DMN,hz4,CP2,0.035949345021762405
dmnelf006,DMN,hz4,FC5,0.013237827247764357
dmnelf006,DMN,hz4,FC6,0.18621250680691362
dmnelf006,DMN,hz4,CP5,0.3671391311907827
dmnelf006,DMN,hz4,CP6,0.21099134703629402
dmnelf006,DMN,hz4,TP9,0.002774405111904837
dmnelf006,DMN,hz4,TP10,-0.028328236904922685
dmnelf006,DMN,hz4,POz,0.054587512209865276
dmnelf007,DMN,hz4,Fp1,0.24343131963831813
dmnelf007,DMN,hz4,Fp2,0.2823844669465388
dmnelf007,DMN,hz4,F3,0.19628694429450474
dmnelf007,DMN,hz4,F4,0.14536900422476853
dmnelf007,DMN,hz4,C3,0.016841258752196657
dmnelf007,DMN,hz4,C4,-0.14457373530309486
dmnelf007,DMN,hz4,P3,-0.1324812931563238
dmnelf007,DMN,hz4,P4,0.1514061882609059
dmnelf007,DMN,hz4,O1,0.1513810935400332
dmnelf007,DMN,hz4,O2,0.31218904832402183
dmnelf007,DMN,hz4,F7,-0.09961316265994598
dmnelf007,DMN,hz4,F8,0.14364630687651064
dmnelf007,DMN,hz4,T7,0.11056255045444699
dmnelf007,DMN,hz4,T8,-0.10842813010045627
dmnelf007,DMN,hz4,P7,0.03199884516382946
dmnelf007,DMN,hz4,P8,0.21514034883772545
dmnelf007,DMN,hz4,Fz,0.07015018841668615
dmnelf007,DMN,hz4,Cz,-0.2189783414600495
dmnelf007,DMN,hz4,Pz,0.12878565892846583
dmnelf007,DMN,hz4,Oz,0.2794125365428475
dmnelf007,DMN,hz4,FC1,0.19938991398710015
dmnelf007,DMN,hz4,FC2,-0.03219580709565288
dmnelf007,DMN,hz4,CP1,-0.0623535080089084
dmnelf007,DMN,hz4,CP2,-0.01649297678945548
dmnelf007,DMN,hz4,FC5,0.0820699852908468
dmnelf007,DMN,hz4,FC6,-0.049691254894783404
dmnelf007,DMN,hz4,CP5,-0.0906991642950604
dmnelf007,DMN,hz4,CP6,0.224668106163451
dmnelf007,DMN,hz4,TP9,0.13020998837377626
dmnelf007,DMN,hz4,TP10,0.11174235570932728
dmnelf007,DMN,hz4,POz,0.07725646906127512
dmnelf008,DMN,hz4,Fp1,0.16845562713635082
dmnelf008,DMN,hz4,Fp2,0.2293967498974063
dmnelf008,DMN,hz4,F3,0.042641511112441806
dmnelf008,DMN,hz4,F4,0.1423990328754413
dmnelf008,DMN,hz4,C3,0.09610963118961557
dmnelf008,DMN,hz4,C4,0.14231443177723602
dmnelf008,DMN,hz4,P3,0.0600568074579453
dmnelf008,DMN,hz4,P4,0.17503184722701567
dmnelf008,DMN,hz4,O1,0.11804830597843029
dmnelf008,DMN,hz4,O2,0.2330617305191158
dmnelf008,DMN,hz4,F7,0.09629405504336862
dmnelf008,DMN,hz4,F8,0.1250572039820737
dmnelf008,DMN,hz4,T7,0.13627352616038038
dmnelf008,DMN,hz4,T8,0.16640765163902224
dmnelf008,DMN,hz4,P7,0.0795257871389092
dmnelf008,DMN,hz4,P8,0.12907330110494794
dmnelf008,DMN,hz4,Fz,0.10699693015211699
dmnelf008,DMN,hz4,Cz,0.17039742367242575
dmnelf008,DMN,hz4,Pz,0.2772223562369207
dmnelf008,DMN,hz4,Oz,0.21147001335522483
dmnelf008,DMN,hz4,FC1,0.1066851248940756
dmnelf008,DMN,hz4,FC2,0.06958049027349336
dmnelf008,DMN,hz4,CP1,0.12172761324596569
dmnelf008,DMN,hz4,CP2,0.090958116912008
dmnelf008,DMN,hz4,FC5,0.14577357975095093
dmnelf008,DMN,hz4,FC6,0.09558553883900779
dmnelf008,DMN,hz4,CP5,0.11855103225165718
dmnelf008,DMN,hz4,CP6,0.06778895758024374
dmnelf008,DMN,hz4,TP9,0.09965772193064883
dmnelf008,DMN,hz4,TP10,0.17361720939613776
dmnelf008,DMN,hz4,POz,0.17881142039678505
dmnelf009,DMN,hz4,Fp1,0.25352867348089386
dmnelf009,DMN,hz4,Fp2,-0.016520599035770047
dmnelf009,DMN,hz4,F3,0.1650992653406958
dmnelf009,DMN,hz4,F4,-0.06749445939835874
dmnelf009,DMN,hz4,C3,0.06962635752428484
dmnelf009,DMN,hz4,C4,0.1695671755312399
dmnelf009,DMN,hz4,P3,-0.04615876497006491
dmnelf009,DMN,hz4,P4,0.25526622359774753
dmnelf009,DMN,hz4,O1,0.15647542744993617
dmnelf009,DMN,hz4,O2,0.20620612367799152
dmnelf009,DMN,hz4,F7,0.5048459765890773
dmnelf009,DMN,hz4,F8,0.0835745595249297
dmnelf009,DMN,hz4,T7,0.2651638316508517
dmnelf009,DMN,hz4,T8,0.3068853967066925
dmnelf009,DMN,hz4,P7,0.10650059411887218
dmnelf009,DMN,hz4,P8,0.2793042582262688
dmnelf009,DMN,hz4,Fz,-0.01917412335011842
dmnelf009,DMN,hz4,Cz,0.1348114854449515
dmnelf009,DMN,hz4,Pz,0.018600881688134716
dmnelf009,DMN,hz4,Oz,0.1613063306968253
dmnelf009,DMN,hz4,FC1,0.13883572815970052
dmnelf009,DMN,hz4,FC2,0.04489999810732293
dmnelf009,DMN,hz4,CP1,0.04163110596424569
dmnelf009,DMN,hz4,CP2,0.11939161556953407
dmnelf009,DMN,hz4,FC5,0.24253926664715109
dmnelf009,DMN,hz4,FC6,0.010562088347912538
dmnelf009,DMN,hz4,CP5,0.10488511826664858
dmnelf009,DMN,hz4,CP6,0.23018785930825128
dmnelf009,DMN,hz4,TP9,0.22500020405342996
dmnelf009,DMN,hz4,TP10,0.18880434674334387
dmnelf009,DMN,hz4,POz,0.09368609370202752
dmnelf010,DMN,hz4,Fp1,0.2791619417361009
dmnelf010,DMN,hz4,Fp2,0.22718064864365342
dmnelf010,DMN,hz4,F3,0.27753934356552135
dmnelf010,DMN,hz4,F4,0.4224256032272137
dmnelf010,DMN,hz4,C3,0.3679606561314028
dmnelf010,DMN,hz4,C4,0.3445565865006234
dmnelf010,DMN,hz4,P3,0.2907997620604306
dmnelf010,DMN,hz4,P4,0.12923738266005233
dmnelf010,DMN,hz4,O1,0.3452412147784674
dmnelf010,DMN,hz4,O2,0.2491810245198797
dmnelf010,DMN,hz4,F7,0.2500936594250228
dmnelf010,DMN,hz4,F8,0.3447398325563219
dmnelf010,DMN,hz4,T7,0.1007001030726873
dmnelf010,DMN,hz4,T8,0.10983874204134211
dmnelf010,DMN,hz4,P7,0.31910017761851434
dmnelf010,DMN,hz4,P8,0.25788467500961615
dmnelf010,DMN,hz4,Fz,0.1876970010676733
dmnelf010,DMN,hz4,Cz,0.1651730321476867
dmnelf010,DMN,hz4,Pz,0.12852273924105265
dmnelf010,DMN,hz4,Oz,0.36389124087195807
dmnelf010,DMN,hz4,FC1,0.41692509196013217
dmnelf010,DMN,hz4,FC2,0.279921015397741
dmnelf010,DMN,hz4,CP1,0.4073217305447228
dmnelf010,DMN,hz4,CP2,-0.004688473692118627
dmnelf010,DMN,hz4,FC5,0.37424043557027575
dmnelf010,DMN,hz4,FC6,0.33358013403006337
dmnelf010,DMN,hz4,CP5,0.2657817754528413
dmnelf010,DMN,hz4,CP6,0.29510227812445844
dmnelf010,DMN,hz4,TP9,0.14978218885429534
dmnelf010,DMN,hz4,TP10,0.2494546709748993
dmnelf010,DMN,hz4,POz,0.0653329480811647
dmnelf011,DMN,hz4,Fp1,0.13931410487540033
dmnelf011,DMN,hz4,Fp2,0.17617024119223365
dmnelf011,DMN,hz4,F3,0.14043545684514477
dmnelf011,DMN,hz4,F4,0.16019068545426823
dmnelf011,DMN,hz4,C3,0.2043558244904482
dmnelf011,DMN,hz4,C4,0.24844370361453758
dmnelf011,DMN,hz4,P3,0.14263516681775507
dmnelf011,DMN,hz4,P4,0.22328716302976256
dmnelf011,DMN,hz4,O1,0.1867709167388936
dmnelf011,DMN,hz4,O2,0.24407396092205894
dmnelf011,DMN,hz4,F7,0.19108108848944128
dmnelf011,DMN,hz4,F8,0.18936390288861707
dmnelf011,DMN,hz4,T7,0.19349867790095315
dmnelf011,DMN,hz4,T8,0.20542045103272394
dmnelf011,DMN,hz4,P7,0.13154592479042337
dmnelf011,DMN,hz4,P8,0.2214424770132003
dmnelf011,DMN,hz4,Fz,0.29615279774468667
dmnelf011,DMN,hz4,Cz,0.11459911244158694
dmnelf011,DMN,hz4,Pz,0.15136667866201942
dmnelf011,DMN,hz4,Oz,0.2670196483686453
dmnelf011,DMN,hz4,FC1,0.1372455284168811
dmnelf011,DMN,hz4,FC2,0.13354489245375165
dmnelf011,DMN,hz4,CP1,0.22156087889146267
dmnelf011,DMN,hz4,CP2,0.11173306946243734
dmnelf011,DMN,hz4,FC5,0.23791539980675935
dmnelf011,DMN,hz4,FC6,0.15617925401371696
dmnelf011,DMN,hz4,CP5,0.20562349534277263
dmnelf011,DMN,hz4,CP6,0.29053854828206627
dmnelf011,DMN,hz4,TP9,0.10086835709883224
dmnelf011,DMN,hz4,TP10,0.21568768794930615
dmnelf011,DMN,hz4,POz,0.15607500055825596
dmnelf012,DMN,hz4,Fp1,-0.010618188447966071
dmnelf012,DMN,hz4,Fp2,0.02845644408750756
dmnelf012,DMN,hz4,F3,0.18849018620994737
dmnelf012,DMN,hz4,F4,0.01984976516062914
dmnelf012,DMN,hz4,C3,0.054370697428077985
dmnelf012,DMN,hz4,C4,0.17250299520155715
dmnelf012,DMN,hz4,P3,0.07795467621558505
dmnelf012,DMN,hz4,P4,-0.051189570565654555
dmnelf012,DMN,hz4,O1,0.10113860489298399
dmnelf012,DMN,hz4,O2,-0.07446818756237292
dmnelf012,DMN,hz4,F7,0.033449269768678486
dmnelf012,DMN,hz4,F8,0.13507335945061538
dmnelf012,DMN,hz4,T7,0.0865609199091432
dmnelf012,DMN,hz4,T8,0.20470358909450628
dmnelf012,DMN,hz4,P7,0.1722631520737884
dmnelf012,DMN,hz4,P8,0.10219217166284544
dmnelf012,DMN,hz4,Fz,0.05074261485811918
dmnelf012,DMN,hz4,Cz,0.08581768329786617
dmnelf012,DMN,hz4,Pz,-0.14989219431418246
dmnelf012,DMN,hz4,Oz,-0.08473031807785789
dmnelf012,DMN,hz4,FC1,-0.0502586653163415
dmnelf012,DMN,hz4,FC2,0.07041385538231341
dmnelf012,DMN,hz4,CP1,0.05776842749763128
dmnelf012,DMN,hz4,CP2,-0.14057776458898616
dmnelf012,DMN,hz4,FC5,0.09864555707440721
dmnelf012,DMN,hz4,FC6,0.12929041248950157
dmnelf012,DMN,hz4,CP5,0.12278075247014943
dmnelf012,DMN,hz4,CP6,0.11257909698640009
dmnelf012,DMN,hz4,TP9,0.1662481867509502
dmnelf012,DMN,hz4,TP10,0.1468027542148696
dmnelf012,DMN,hz4,POz,-0.21731498726513837
dmnelf013,DMN,hz4,Fp1,0.08592942088379152
dmnelf013,DMN,hz4,Fp2,0.06260819978701643
dmnelf013,DMN,hz4,F3,-0.004967452921418129
dmnelf013,DMN,hz4,F4,0.0347684422255019
dmnelf013,DMN,hz4,C3,0.10178233775483543
dmnelf013,DMN,hz4,C4,-0.10073641409819721
dmnelf013,DMN,hz4,P3,0.01142022691110326
dmnelf013,DMN,hz4,P4,0.04008245599052719
dmnelf013,DMN,hz4,O1,0.21387043320922905
dmnelf013,DMN,hz4,O2,0.05421060226617818
dmnelf013,DMN,hz4,F7,0.040353184428232276
dmnelf013,DMN,hz4,F8,0.0734184664961421
dmnelf013,DMN,hz4,T7,0.1859615821527405
dmnelf013,DMN,hz4,T8,0.1089110284655099
dmnelf013,DMN,hz4,P7,0.1596515701188881
dmnelf013,DMN,hz4,P8,0.0708075515480462
dmnelf013,DMN,hz4,Fz,0.006527531268902496
dmnelf013,DMN,hz4,Cz,0.23504635821178999
dmnelf013,DMN,hz4,Pz,-0.07822089208863305
dmnelf013,DMN,hz4,Oz,0.05273862232979396
dmnelf013,DMN,hz4,FC1,0.2470574136553138
dmnelf013,DMN,hz4,FC2,0.07049835586102542
dmnelf013,DMN,hz4,CP1,0.047972118016547466
dmnelf013,DMN,hz4,CP2,0.2022106631500474
dmnelf013,DMN,hz4,FC5,0.12615792069526643
dmnelf013,DMN,hz4,FC6,0.09853141265122291
dmnelf013,DMN,hz4,CP5,0.1072205744979827
dmnelf013,DMN,hz4,CP6,0.01660804691362934
dmnelf013,DMN,hz4,TP9,0.22424031197553307
dmnelf013,DMN,hz4,TP10,0.21367178769987005
dmnelf013,DMN,hz4,POz,0.17547654024274492
dmnelf014,DMN,hz4,Fp1,0.16723629820245614
dmnelf014,DMN,hz4,Fp2,0.1575228830223312
dmnelf014,DMN,hz4,F3,0.04501235640176272
dmnelf014,DMN,hz4,F4,0.1733119794957007
dmnelf014,DMN,hz4,C3,0.04344540096021462
dmnelf014,DMN,hz4,C4,0.01906950847648499
dmnelf014,DMN,hz4,P3,0.2438458629980984
dmnelf014,DMN,hz4,P4,0.2988920812959683
dmnelf014,DMN,hz4,O1,0.16928211748003277
dmnelf014,DMN,hz4,O2,0.19110883216237504
dmnelf014,DMN,hz4,F7,0.10694974873328239
dmnelf014,DMN,hz4,F8,0.16368609307939802
dmnelf014,DMN,hz4,T7,0.1527256306561768
dmnelf014,DMN,hz4,T8,0.20002501833277986
dmnelf014,DMN,hz4,P7,0.10744845237832587
dmnelf014,DMN,hz4,P8,0.22886437872054888
dmnelf014,DMN,hz4,Fz,0.11669482114229454
dmnelf014,DMN,hz4,Cz,0.17798804561176343
dmnelf014,DMN,hz4,Pz,-0.02694171728959373
dmnelf014,DMN,hz4,Oz,0.15189356197893972
dmnelf014,DMN,hz4,FC1,0.1445721806595668
dmnelf014,DMN,hz4,FC2,0.10761719005585772
dmnelf014,DMN,hz4,CP1,0.28169265569551516
dmnelf014,DMN,hz4,CP2,0.23258600256009446
dmnelf014,DMN,hz4,FC5,0.30175466343163226
dmnelf014,DMN,hz4,FC6,0.22115041518407613
dmnelf014,DMN,hz4,CP5,0.04880895775814873
dmnelf014,DMN,hz4,CP6,0.15046782519631663
dmnelf014,DMN,hz4,TP9,0.16711506258401904
dmnelf014,DMN,hz4,TP10,0.06325696246231172
dmnelf014,DMN,hz4,POz,0.13460634941997085
dmnelf015,DMN,hz4,Fp1,0.002159904030811114
dmnelf015,DMN,hz4,Fp2,-0.017331443847134483
dmnelf015,DMN,hz4,F3,-0.14525318958710312
dmnelf015,DMN,hz4,F4,0.12489204610690217
dmnelf015,DMN,hz4,C3,-0.2160411198722569
dmnelf015,DMN,hz4,C4,-0.023990982872671738
dmnelf015,DMN,hz4,P3,0.030553954262874498
dmnelf015,DMN,hz4,P4,0.0033429969052837056
dmnelf015,DMN,hz4,O1,0.09038669602154445
dmnelf015,DMN,hz4,O2,0.2506623956391539
dmnelf015,DMN,hz4,F7,0.06738197185765102
dmnelf015,DMN,hz4,F8,0.08271473839854698
dmnelf015,DMN,hz4,T7,0.14169178160097093
dmnelf015,DMN,hz4,T8,0.0954920433793147
dmnelf015,DMN,hz4,P7,0.2572598178924963
dmnelf015,DMN,hz4,P8,-0.03330484944019207
dmnelf015,DMN,hz4,Fz,0.11957823404771133
dmnelf015,DMN,hz4,Cz,-0.038066139372879504
dmnelf015,DMN,hz4,Pz,0.14855506233304855
dmnelf015,DMN,hz4,Oz,0.10946926325701362
dmnelf015,DMN,hz4,FC1,-0.04124636470743295
dmnelf015,DMN,hz4,FC2,0.10276420300949367
dmnelf015,DMN,hz4,CP1,-0.042480311536036375
dmnelf015,DMN,hz4,CP2,0.12077269160152519
dmnelf015,DMN,hz4,FC5,0.04368522843885327
dmnelf015,DMN,hz4,FC6,0.14856328322064147
dmnelf015,DMN,hz4,CP5,0.10297324655590782
dmnelf015,DMN,hz4,CP6,-0.1353715373159417
dmnelf015,DMN,hz4,TP9,0.1800540281616324
dmnelf015,DMN,hz4,TP10,0.18519343217474762
dmnelf015,DMN,hz4,POz,0.03255541491350735
dmnelf016,DMN,hz4,Fp1,0.044687615577729725
dmnelf016,DMN,hz4,Fp2,0.08966164556585661
dmnelf016,DMN,hz4,F3,0.10765776372025514
dmnelf016,DMN,hz4,F4,0.1848595709468192
dmnelf016,DMN,hz4,C3,0.0877968641469871
dmnelf016,DMN,hz4,C4,0.12697365186505702
dmnelf016,DMN,hz4,P3,0.006403854943880906
dmnelf016,DMN,hz4,P4,-0.007332068056381968
dmnelf016,DMN,hz4,O1,0.21362337218283337
dmnelf016,DMN,hz4,O2,0.2415417491143679
dmnelf016,DMN,hz4,F7,0.0458742625401147
dmnelf016,DMN,hz4,F8,0.27862783697216553
dmnelf016,DMN,hz4,T7,0.1257428548165632
dmnelf016,DMN,hz4,T8,0.19577271824000056
dmnelf016,DMN,hz4,P7,0.2730428692699154
dmnelf016,DMN,hz4,P8,0.17665826925070796
dmnelf016,DMN,hz4,Fz,0.07289200456007203
dmnelf016,DMN,hz4,Cz,0.19522406731677766
dmnelf016,DMN,hz4,Pz,-0.029320671510772823
dmnelf016,DMN,hz4,Oz,-0.024970489604229873
dmnelf016,DMN,hz4,FC1,0.01264887719875802
dmnelf016,DMN,hz4,FC2,0.05340876101741175
dmnelf016,DMN,hz4,CP1,0.01153423153436613
dmnelf016,DMN,hz4,CP2,-0.15076461112299025
dmnelf016,DMN,hz4,FC5,0.1929018666199261
dmnelf016,DMN,hz4,FC6,0.1183419751004523
dmnelf016,DMN,hz4,CP5,0.0020217920452107307
dmnelf016,DMN,hz4,CP6,0.021292853515030394
dmnelf016,DMN,hz4,TP9,0.19283644154170104
dmnelf016,DMN,hz4,TP10,-0.036419091099771504
dmnelf016,DMN,hz4,POz,-0.04133426434977363
dmnelf1001,DMN,hz4,Fp1,-0.13856140327151473
dmnelf1001,DMN,hz4,Fp2,-0.14316406850792807
dmnelf1001,DMN,hz4,F3,-0.03665717250725524
dmnelf1001,DMN,hz4,F4,-0.10952871161493222
dmnelf1001,DMN,hz4,C3,0.0800521883430095
dmnelf1001,DMN,hz4,C4,-0.01327879789382265
dmnelf1001,DMN,hz4,P3,0.0089874310575691
dmnelf1001,DMN,hz4,P4,0.013790978789857309
dmnelf1001,DMN,hz4,O1,0.11819136230232978
dmnelf1001,DMN,hz4,O2,-0.008905248769926337
dmnelf1001,DMN,hz4,F7,-0.003859607895847992
dmnelf1001,DMN,hz4,F8,-0.11887305669937424
dmnelf1001,DMN,hz4,T7,-0.15002032008052868
dmnelf1001,DMN,hz4,T8,0.06398799667382772
dmnelf1001,DMN,hz4,P7,-0.2357171643194982
dmnelf1001,DMN,hz4,P8,0.0754494715294432
dmnelf1001,DMN,hz4,Fz,-0.023752389002723015
dmnelf1001,DMN,hz4,Cz,-0.020607851920480078
dmnelf1001,DMN,hz4,Pz,-0.15931107443288642
dmnelf1001,DMN,hz4,Oz,0.05343929993233016
dmnelf1001,DMN,hz4,FC1,-0.08530645389688676
dmnelf1001,DMN,hz4,FC2,0.027091115517366947
dmnelf1001,DMN,hz4,CP1,-0.034957467294487156
dmnelf1001,DMN,hz4,CP2,0.08781266645580858
dmnelf1001,DMN,hz4,FC5,0.014467888627200338
dmnelf1001,DMN,hz4,FC6,-0.10628465784187872
dmnelf1001,DMN,hz4,CP5,-0.19788900415321034
dmnelf1001,DMN,hz4,CP6,0.08731957581430508
dmnelf1001,DMN,hz4,TP9,0.05655491070717102
dmnelf1001,DMN,hz4,TP10,-0.07071939370556277
dmnelf1001,DMN,hz4,POz,0.0805308336624074
dmnelf1002,DMN,hz4,Fp1,0.14656657027673362
dmnelf1002,DMN,hz4,Fp2,0.3175493437284333
dmnelf1002,DMN,hz4,F3,0.1517120863718911
dmnelf1002,DMN,hz4,F4,0.4075626007599754
dmnelf1002,DMN,hz4,C3,0.10941813313768546
dmnelf1002,DMN,hz4,C4,0.14735697838690032
dmnelf1002,DMN,hz4,P3,0.2621107053595575
dmnelf1002,DMN,hz4,P4,0.07610002305129707
dmnelf1002,DMN,hz4,O1,0.18970803057392502
dmnelf1002,DMN,hz4,O2,0.21833070517214376
dmnelf1002,DMN,hz4,F7,0.1643391892716803
dmnelf1002,DMN,hz4,F8,0.4098698091822351
dmnelf1002,DMN,hz4,T7,0.19609225570735286
dmnelf1002,DMN,hz4,T8,0.3007620394428178
dmnelf1002,DMN,hz4,P7,0.33726807380712504
dmnelf1002,DMN,hz4,P8,0.2676435216849357
dmnelf1002,DMN,hz4,Fz,0.19598522077239483
dmnelf1002,DMN,hz4,Cz,0.17916373887264528
dmnelf1002,DMN,hz4,Pz,0.10758312538055051
dmnelf1002,DMN,hz4,Oz,0.16465150134206308
dmnelf1002,DMN,hz4,FC1,0.12361618423941806
dmnelf1002,DMN,hz4,FC2,0.33879563889779074
dmnelf1002,DMN,hz4,CP1,0.17169585069693666
dmnelf1002,DMN,hz4,CP2,0.08303958009079095
dmnelf1002,DMN,hz4,FC5,0.2813358207364598
dmnelf1002,DMN,hz4,FC6,0.29225026209208244
dmnelf1002,DMN,hz4,CP5,0.28970892648997304
dmnelf1002,DMN,hz4,CP6,0.1337527231827929
dmnelf1002,DMN,hz4,TP9,0.3061474364305821
dmnelf1002,DMN,hz4,TP10,0.21385945494684547
dmnelf1002,DMN,hz4,POz,0.17618607768074016
dmnelf1003,DMN,hz4,Fp1,-0.08506522835988557
dmnelf1003,DMN,hz4,Fp2,-0.13573403221476632
dmnelf1003,DMN,hz4,F3,-0.19991645792382146
dmnelf1003,DMN,hz4,F4,-0.09822943743790233
dmnelf1003,DMN,hz4,C3,-0.17472641872978226
dmnelf1003,DMN,hz4,C4,0.0786448020928398
dmnelf1003,DMN,hz4,P3,-0.23965698346651684
dmnelf1003,DMN,hz4,P4,-0.15268907380117808
dmnelf1003,DMN,hz4,O1,-0.03667203037908781
dmnelf1003,DMN,hz4,O2,-0.10523618862073747
dmnelf1003,DMN,hz4,F7,0.029256780366785848
dmnelf1003,DMN,hz4,F8,-0.10322504374566904
dmnelf1003,DMN,hz4,T7,-0.34544639641217145
dmnelf1003,DMN,hz4,T8,-0.13846507101667188
dmnelf1003,DMN,hz4,P7,-0.306758765443874
dmnelf1003,DMN,hz4,P8,-0.18106837690557093
dmnelf1003,DMN,hz4,Fz,-0.13965197821389103
dmnelf1003,DMN,hz4,Cz,-0.16462635764444097
dmnelf1003,DMN,hz4,Pz,-0.20946399214865008
dmnelf1003,DMN,hz4,Oz,-0.06564689882567296
dmnelf1003,DMN,hz4,FC1,-0.05386094322271079
dmnelf1003,DMN,hz4,FC2,0.11195021279060048
dmnelf1003,DMN,hz4,CP1,-0.2602960757764486
dmnelf1003,DMN,hz4,CP2,-0.2269631914497211
dmnelf1003,DMN,hz4,FC5,-0.053470699903381255
dmnelf1003,DMN,hz4,FC6,-0.1402688967772499
dmnelf1003,DMN,hz4,CP5,-0.25781878481809284
dmnelf1003,DMN,hz4,CP6,-0.051243012233717015
dmnelf1003,DMN,hz4,TP9,-0.3364168768135728
dmnelf1003,DMN,hz4,TP10,-0.2080224223363373
dmnelf1003,DMN,hz4,POz,-0.1953164549986396
dmnelf001,CEN,hz4,Fp1,0.1327880668321443
dmnelf001,CEN,hz4,Fp2,-0.03739670865994534
dmnelf001,CEN,hz4,F3,0.1950805157416201
dmnelf001,CEN,hz4,F4,0.1857093356231897
dmnelf001,CEN,hz4,C3,0.3156674147781115
dmnelf001,CEN,hz4,C4,-0.02790990049007806
dmnelf001,CEN,hz4,P3,0.21719964086435672
dmnelf001,CEN,hz4,P4,0.24583580666610405
dmnelf001,CEN,hz4,O1,0.17102643581004176
dmnelf001,CEN,hz4,O2,0.23230435624472137
dmnelf001,CEN,hz4,F7,0.1891915060234054
dmnelf001,CEN,hz4,F8,0.14961325604154688
dmnelf001,CEN,hz4,T7,0.06555216904247758
dmnelf001,CEN,hz4,T8,0.15275136808732845
dmnelf001,CEN,hz4,P7,0.19631872730021588
dmnelf001,CEN,hz4,P8,0.31094262082863117
dmnelf001,CEN,hz4,Fz,0.023177000400393992
dmnelf001,CEN,hz4,Cz,0.1189131448813052
dmnelf001,CEN,hz4,Pz,0.0035244974715210138
dmnelf001,CEN,hz4,Oz,0.14384515259667843
dmnelf001,CEN,hz4,FC1,0.41391005667227115
dmnelf001,CEN,hz4,FC2,0.21369695944744735
dmnelf001,CEN,hz4,CP1,0.14810537410749466
dmnelf001,CEN,hz4,CP2,0.21400634951366826
dmnelf001,CEN,hz4,FC5,0.1906678373827472
dmnelf001,CEN,hz4,FC6,0.16506830402975706
dmnelf001,CEN,hz4,CP5,0.22865844521789844
dmnelf001,CEN,hz4,CP6,0.23085557630462736
dmnelf001,CEN,hz4,TP9,0.2539418976556253
dmnelf001,CEN,hz4,TP10,0.16542379939829058
dmnelf001,CEN,hz4,POz,0.07942547630928633
dmnelf002,CEN,hz4,Fp1,0.1134398581785162
dmnelf002,CEN,hz4,Fp2,0.11375217744026567
dmnelf002,CEN,hz4,F3,0.16822175959622743
dmnelf002,CEN,hz4,F4,0.19306655548465218
dmnelf002,CEN,hz4,C3,0.33632341276348665
dmnelf002,CEN,hz4,C4,0.24410208894838764
dmnelf002,CEN,hz4,P3,0.2523276423743049
dmnelf002,CEN,hz4,P4,0.1737756278520263
dmnelf002,CEN,hz4,O1,0.12782417248592154
dmnelf002,CEN,hz4,O2,0.19013479440998907
dmnelf002,CEN,hz4,F7,0.3094665452804363
dmnelf002,CEN,hz4,F8,0.19320241185422138
dmnelf002,CEN,hz4,T7,0.26838500905728924
dmnelf002,CEN,hz4,T8,0.11635676442388822
dmnelf002,CEN,hz4,P7,0.1613237017145859
dmnelf002,CEN,hz4,P8,0.23983606833673216
dmnelf002,CEN,hz4,Fz,0.07810616649639032
dmnelf002,CEN,hz4,Cz,0.03198636070998223
dmnelf002,CEN,hz4,Pz,0.2640556220342092
dmnelf002,CEN,hz4,Oz,0.2684888547918157
dmnelf002,CEN,hz4,FC1,-0.02039112905019115
dmnelf002,CEN,hz4,FC2,0.21877506005141412
dmnelf002,CEN,hz4,CP1,0.3586344247702125
dmnelf002,CEN,hz4,CP2,0.20510536150222558
dmnelf002,CEN,hz4,FC5,0.3532262482902096
dmnelf002,CEN,hz4,FC6,0.2728951195592851
dmnelf002,CEN,hz4,CP5,0.24259175339079078
dmnelf002,CEN,hz4,CP6,0.35721963588662586
dmnelf002,CEN,hz4,TP9,0.1457592709694387
dmnelf002,CEN,hz4,TP10,0.26892958217162694
dmnelf002,CEN,hz4,POz,0.1850474671232599
dmnelf003,CEN,hz4,Fp1,0.17317677562705694
dmnelf003,CEN,hz4,Fp2,0.21048363515783272
dmnelf003,CEN,hz4,F3,0.16147010793289696
dmnelf003,CEN,hz4,F4,0.20165076261824036
dmnelf003,CEN,hz4,C3,0.08566162893186409
dmnelf003,CEN,hz4,C4,0.155126837956159
dmnelf003,CEN,hz4,P3,0.20686620473013964
dmnelf003,CEN,hz4,P4,0.12394840038153332
dmnelf003,CEN,hz4,O1,0.194015643825397
dmnelf003,CEN,hz4,O2,0.2068930770954963
dmnelf003,CEN,hz4,F7,0.12205241807204747
dmnelf003,CEN,hz4,F8,0.3014536151644585
dmnelf003,CEN,hz4,T7,0.17711378713918338
dmnelf003,CEN,hz4,T8,0.19374459287098192
dmnelf003,CEN,hz4,P7,0.1825219809504752
dmnelf003,CEN,hz4,P8,0.2021461053001757
dmnelf003,CEN,hz4,Fz,0.17278433451588837
dmnelf003,CEN,hz4,Cz,0.155919929000558
dmnelf003,CEN,hz4,Pz,0.023834299975901196
dmnelf003,CEN,hz4,Oz,0.2657831464114485
dmnelf003,CEN,hz4,FC1,0.1493369619120863
dmnelf003,CEN,hz4,FC2,0.19268251318636404
dmnelf003,CEN,hz4,CP1,0.19221909018768085
dmnelf003,CEN,hz4,CP2,0.20019801233168869
dmnelf003,CEN,hz4,FC5,0.126018793987165
dmnelf003,CEN,hz4,FC6,0.23338587298339963
dmnelf003,CEN,hz4,CP5,0.2110597876259029
dmnelf003,CEN,hz4,CP6,0.18665032845467602
dmnelf003,CEN,hz4,TP9,0.17080579614512847
dmnelf003,CEN,hz4,TP10,0.16605563892272412
dmnelf003,CEN,hz4,POz,0.2990202799150214
dmnelf004,CEN,hz4,Fp1,-0.061381882176988575
dmnelf004,CEN,hz4,Fp2,0.05515851770753761
dmnelf004,CEN,hz4,F3,-0.018549086523606345
dmnelf004,CEN,hz4,F4,-0.0019235419552993036
dmnelf004,CEN,hz4,C3,-0.01408043807661928
dmnelf004,CEN,hz4,C4,0.0002445840885942443
dmnelf004,CEN,hz4,P3,0.0344555991392301
dmnelf004,CEN,hz4,P4,0.010357458282753855
dmnelf004,CEN,hz4,O1,-0.05066362646871099
dmnelf004,CEN,hz4,O2,-0.15595689894913553
dmnelf004,CEN,hz4,F7,-0.010862895112182342
dmnelf004,CEN,hz4,F8,-0.05381647576732253
dmnelf004,CEN,hz4,T7,-0.02638165630545813
dmnelf004,CEN,hz4,T8,0.0074880080922671505
dmnelf004,CEN,hz4,P7,-0.0827676771659952
dmnelf004,CEN,hz4,P8,-0.08606323734453052
dmnelf004,CEN,hz4,Fz,0.10387409114249375
dmnelf004,CEN,hz4,Cz,0.026429663495856903
dmnelf004,CEN,hz4,Pz,0.2042641878211653
dmnelf004,CEN,hz4,Oz,-0.05137599434691964
dmnelf004,CEN,hz4,FC1,0.018479638529919917
dmnelf004,CEN,hz4,FC2,0.04484958144212038
dmnelf004,CEN,hz4,CP1,0.0019101129828991096
dmnelf004,CEN,hz4,CP2,0.029361177654257525
dmnelf004,CEN,hz4,FC5,-0.03869676385107273
dmnelf004,CEN,hz4,FC6,-0.16373103603589415
dmnelf004,CEN,hz4,CP5,0.01730524367738991
dmnelf004,CEN,hz4,CP6,-0.04568131153382516
dmnelf004,CEN,hz4,TP9,0.04712632154113888
dmnelf004,CEN,hz4,TP10,0.03679006667841068
dmnelf004,CEN,hz4,POz,-0.014833165626867467
dmnelf005,CEN,hz4,Fp1,0.22377491602181757
dmnelf005,CEN,hz4,Fp2,0.26753531842911377
dmnelf005,CEN,hz4,F3,0.37476162230953103
dmnelf005,CEN,hz4,F4,0.4457493855556773
dmnelf005,CEN,hz4,C3,0.3094604406556045
dmnelf005,CEN,hz4,C4,0.28226794146188744
dmnelf005,CEN,hz4,P3,0.42576898154756404
dmnelf005,CEN,hz4,P4,0.38742995613036685
dmnelf005,CEN,hz4,O1,0.3111551252445995
dmnelf005,CEN,hz4,O2,0.1473630465700331
dmnelf005,CEN,hz4,F7,0.27748817101978646
dmnelf005,CEN,hz4,F8,0.2533707438900719
dmnelf005,CEN,hz4,T7,0.2928778226692762
dmnelf005,CEN,hz4,T8,0.43010461242312453
dmnelf005,CEN,hz4,P7,0.36432152673191476
dmnelf005,CEN,hz4,P8,0.40088690640475133
dmnelf005,CEN,hz4,Fz,0.5647253071900484
dmnelf005,CEN,hz4,Cz,0.24341743931563567
dmnelf005,CEN,hz4,Pz,0.21409837725018774
dmnelf005,CEN,hz4,Oz,0.19639999612223064
dmnelf005,CEN,hz4,FC1,0.407628620083283
dmnelf005,CEN,hz4,FC2,0.3894132289526412
dmnelf005,CEN,hz4,CP1,0.25214474869066406
dmnelf005,CEN,hz4,CP2,0.2843124120647101
dmnelf005,CEN,hz4,FC5,0.28011430827911765
dmnelf005,CEN,hz4,FC6,0.34773753127271734
dmnelf005,CEN,hz4,CP5,0.38839790934928986
dmnelf005,CEN,hz4,CP6,0.46770536790007283
dmnelf005,CEN,hz4,TP9,0.25605434769764873
dmnelf005,CEN,hz4,TP10,0.3639636759202742
dmnelf005,CEN,hz4,POz,0.37557747303997296
dmnelf006,CEN,hz4,Fp1,-0.27712551549223724
dmnelf006,CEN,hz4,Fp2,-0.3085656356730967
dmnelf006,CEN,hz4,F3,-0.1511306254647943
dmnelf006,CEN,hz4,F4,-0.147491945443187
dmnelf006,CEN,hz4,C3,0.1230709171698528
dmnelf006,CEN,hz4,C4,0.06087990330783373
dmnelf006,CEN,hz4,P3,-0.03358314038956305
dmnelf006,CEN,hz4,P4,-0.003163258940258363
dmnelf006,CEN,hz4,O1,-0.2518430456866725
dmnelf006,CEN,hz4,O2,-0.15329810622356768
dmnelf006,CEN,hz4,F7,-0.15989673079201383
dmnelf006,CEN,hz4,F8,-0.023011640475580575
dmnelf006,CEN,hz4,T7,-0.07501391601421867
dmnelf006,CEN,hz4,T8,-0.19336477429137536
dmnelf006,CEN,hz4,P7,-0.24309723900177746
dmnelf006,CEN,hz4,P8,0.04044982097462442
dmnelf006,CEN,hz4,Fz,-0.04244564167226893
dmnelf006,CEN,hz4,Cz,0.03269595529852687
dmnelf006,CEN,hz4,Pz,-0.1208811279140859
dmnelf006,CEN,hz4,Oz,-0.25789906884648206
dmnelf006,CEN,hz4,FC1,0.012277691998363515
dmnelf006,CEN,hz4,FC2,-0.24300810919174473
dmnelf006,CEN,hz4,CP1,0.07373941764988992
dmnelf006,CEN,hz4,CP2,-0.03956721703264132
dmnelf006,CEN,hz4,FC5,-0.048892346042127686
dmnelf006,CEN,hz4,FC6,-0.14701847312064087
dmnelf006,CEN,hz4,CP5,0.08607883403188919
dmnelf006,CEN,hz4,CP6,-0.0006569748408778737
dmnelf006,CEN,hz4,TP9,-0.19845032626292655
dmnelf006,CEN,hz4,TP10,0.03392393885609696
dmnelf006,CEN,hz4,POz,-0.2474370764362379
dmnelf007,CEN,hz4,Fp1,0.38465511817019504
dmnelf007,CEN,hz4,Fp2,0.3460587199225133
dmnelf007,CEN,hz4,F3,0.3072543813535564
dmnelf007,CEN,hz4,F4,0.2182360380711459
dmnelf007,CEN,hz4,C3,0.35990278479775134
dmnelf007,CEN,hz4,C4,0.30050654012799605
dmnelf007,CEN,hz4,P3,0.1320548147044456
dmnelf007,CEN,hz4,P4,0.3048717973804584
dmnelf007,CEN,hz4,O1,0.25066974887614046
dmnelf007,CEN,hz4,O2,0.40776908434811293
dmnelf007,CEN,hz4,F7,0.1995702204573451
dmnelf007,CEN,hz4,F8,0.2987637939381384
dmnelf007,CEN,hz4,T7,0.361849350857676
dmnelf007,CEN,hz4,T8,0.20375707163394882
dmnelf007,CEN,hz4,P7,0.24645424387594447
dmnelf007,CEN,hz4,P8,0.3288080399003628
dmnelf007,CEN,hz4,Fz,0.11048040813254116
dmnelf007,CEN,hz4,Cz,0.2721324264191558
dmnelf007,CEN,hz4,Pz,0.3655291191449401
dmnelf007,CEN,hz4,Oz,0.34129062406664523
dmnelf007,CEN,hz4,FC1,0.2992000401006784
dmnelf007,CEN,hz4,FC2,0.19118756451059335
dmnelf007,CEN,hz4,CP1,0.1183046094929995
dmnelf007,CEN,hz4,CP2,0.45370714536661727
dmnelf007,CEN,hz4,FC5,0.2015180410079908
dmnelf007,CEN,hz4,FC6,0.2636540401695558
dmnelf007,CEN,hz4,CP5,0.18091358414414935
dmnelf007,CEN,hz4,CP6,0.44432549603215404
dmnelf007,CEN,hz4,TP9,0.2296428071722972
dmnelf007,CEN,hz4,TP10,0.10080131499729197
dmnelf007,CEN,hz4,POz,0.09317257394293835
dmnelf008,CEN,hz4,Fp1,0.35861747181111814
dmnelf008,CEN,hz4,Fp2,0.5143000625284135
dmnelf008,CEN,hz4,F3,0.42149728696266336
dmnelf008,CEN,hz4,F4,0.20993566123122517
dmnelf008,CEN,hz4,C3,0.10154923093809451
dmnelf008,CEN,hz4,C4,0.02174838838942696
dmnelf008,CEN,hz4,P3,0.1501668357921986
dmnelf008,CEN,hz4,P4,0.1935568413979016
dmnelf008,CEN,hz4,O1,0.14457394664904863
dmnelf008,CEN,hz4,O2,0.25801515981449463
dmnelf008,CEN,hz4,F7,0.541903318946273
dmnelf008,CEN,hz4,F8,0.3447164954742222
dmnelf008,CEN,hz4,T7,0.40263316213697026
dmnelf008,CEN,hz4,T8,0.39013691473289064
dmnelf008,CEN,hz4,P7,0.24242936446266006
dmnelf008,CEN,hz4,P8,0.22060921162605895
dmnelf008,CEN,hz4,Fz,0.16150929840787343
dmnelf008,CEN,hz4,Cz,0.19108961318415268
dmnelf008,CEN,hz4,Pz,0.2515862438013706
dmnelf008,CEN,hz4,Oz,0.17888748758275722
dmnelf008,CEN,hz4,FC1,0.18866816881123472
dmnelf008,CEN,hz4,FC2,0.09921662246308031
dmnelf008,CEN,hz4,CP1,0.12515744414352004
dmnelf008,CEN,hz4,CP2,0.25977679860669517
dmnelf008,CEN,hz4,FC5,0.4204578001592375
dmnelf008,CEN,hz4,FC6,0.2505617307080541
dmnelf008,CEN,hz4,CP5,0.4101862298851954
dmnelf008,CEN,hz4,CP6,0.26108280401924766
dmnelf008,CEN,hz4,TP9,0.39127949607479595
dmnelf008,CEN,hz4,TP10,0.3927562004373462
dmnelf008,CEN,hz4,POz,0.2835661217343088
dmnelf009,CEN,hz4,Fp1,0.17350247157022478
dmnelf009,CEN,hz4,Fp2,0.2288086654970895
dmnelf009,CEN,hz4,F3,0.14884507486001528
dmnelf009,CEN,hz4,F4,0.14955104677407713
dmnelf009,CEN,hz4,C3,0.15063720702873132
dmnelf009,CEN,hz4,C4,0.14434439573620728
dmnelf009,CEN,hz4,P3,0.24734482959043133
dmnelf009,CEN,hz4,P4,0.1790805268392061
dmnelf009,CEN,hz4,O1,0.24654096499541886
dmnelf009,CEN,hz4,O2,0.10625743262119033
dmnelf009,CEN,hz4,F7,0.18889675616412813
dmnelf009,CEN,hz4,F8,0.05613172639215813
dmnelf009,CEN,hz4,T7,0.2379594444213853
dmnelf009,CEN,hz4,T8,0.15163425690392957
dmnelf009,CEN,hz4,P7,0.09056580354917249
dmnelf009,CEN,hz4,P8,0.1878426416549483
dmnelf009,CEN,hz4,Fz,0.040432395317846
dmnelf009,CEN,hz4,Cz,0.026241887441718178
dmnelf009,CEN,hz4,Pz,0.17441438824320252
dmnelf009,CEN,hz4,Oz,0.1296422799190835
dmnelf009,CEN,hz4,FC1,0.159638024173768
dmnelf009,CEN,hz4,FC2,0.15260795519299739
dmnelf009,CEN,hz4,CP1,0.18073041017878444
dmnelf009,CEN,hz4,CP2,0.12943394228909746
dmnelf009,CEN,hz4,FC5,0.18670721213442001
dmnelf009,CEN,hz4,FC6,0.06891015560676084
dmnelf009,CEN,hz4,CP5,0.16977512814787238
dmnelf009,CEN,hz4,CP6,0.26938016949292976
dmnelf009,CEN,hz4,TP9,0.12244565389550435
dmnelf009,CEN,hz4,TP10,0.07197378453429616
dmnelf009,CEN,hz4,POz,0.17099280729128488
dmnelf010,CEN,hz4,Fp1,0.15286106689673146
dmnelf010,CEN,hz4,Fp2,0.0034236483511568307
dmnelf010,CEN,hz4,F3,0.1978432179760888
dmnelf010,CEN,hz4,F4,0.06994144696982506
dmnelf010,CEN,hz4,C3,0.3047349132537227
dmnelf010,CEN,hz4,C4,0.18565755320466804
dmnelf010,CEN,hz4,P3,0.06631298183998213
dmnelf010,CEN,hz4,P4,0.12855379638436173
dmnelf010,CEN,hz4,O1,0.12804552961346655
dmnelf010,CEN,hz4,O2,0.2130304048208896
dmnelf010,CEN,hz4,F7,0.11469895955282378
dmnelf010,CEN,hz4,F8,0.22021108355899308
dmnelf010,CEN,hz4,T7,0.11766216787157108
dmnelf010,CEN,hz4,T8,0.2631490714044852
dmnelf010,CEN,hz4,P7,0.16257424093301323
dmnelf010,CEN,hz4,P8,0.22824386732587504
dmnelf010,CEN,hz4,Fz,0.004029568535847823
dmnelf010,CEN,hz4,Cz,0.12106974603536974
dmnelf010,CEN,hz4,Pz,0.03439990219032552
dmnelf010,CEN,hz4,Oz,0.16514097944226172
dmnelf010,CEN,hz4,FC1,0.23286369512820967
dmnelf010,CEN,hz4,FC2,0.10372209012672957
dmnelf010,CEN,hz4,CP1,0.1812301888810875
dmnelf010,CEN,hz4,CP2,0.07315823472067734
dmnelf010,CEN,hz4,FC5,0.1809753448993504
dmnelf010,CEN,hz4,FC6,0.22702659420765672
dmnelf010,CEN,hz4,CP5,0.2462169242578587
dmnelf010,CEN,hz4,CP6,0.2506521791785497
dmnelf010,CEN,hz4,TP9,0.158338650807608
dmnelf010,CEN,hz4,TP10,0.18700961737268337
dmnelf010,CEN,hz4,POz,-0.028496045100457338
dmnelf011,CEN,hz4,Fp1,0.011639347504936774
dmnelf011,CEN,hz4,Fp2,0.16492502838725825
dmnelf011,CEN,hz4,F3,0.035607081861962264
dmnelf011,CEN,hz4,F4,0.1341931894848872
dmnelf011,CEN,hz4,C3,0.15189779207496024
dmnelf011,CEN,hz4,C4,0.2921682151454012
dmnelf011,CEN,hz4,P3,0.08182560828467861
dmnelf011,CEN,hz4,P4,0.08342405566955836
dmnelf011,CEN,hz4,O1,0.1549562378643948
dmnelf011,CEN,hz4,O2,0.07658283633700946
dmnelf011,CEN,hz4,F7,0.07698065278683054
dmnelf011,CEN,hz4,F8,0.1871158918336407
dmnelf011,CEN,hz4,T7,0.13317160755388657
dmnelf011,CEN,hz4,T8,0.08240487909883651
dmnelf011,CEN,hz4,P7,0.1291068002884116
dmnelf011,CEN,hz4,P8,0.0018578170189509182
dmnelf011,CEN,hz4,Fz,0.3259136628449865
dmnelf011,CEN,hz4,Cz,0.13441177616701924
dmnelf011,CEN,hz4,Pz,0.2033673750871112
dmnelf011,CEN,hz4,Oz,0.14359210041986914
dmnelf011,CEN,hz4,FC1,0.004486297999036217
dmnelf011,CEN,hz4,FC2,0.23431713453107014
dmnelf011,CEN,hz4,CP1,0.11111606776679187
dmnelf011,CEN,hz4,CP2,0.21647616992867638
dmnelf011,CEN,hz4,FC5,0.11170179127959462
dmnelf011,CEN,hz4,FC6,0.0878323944362348
dmnelf011,CEN,hz4,CP5,0.11199469935128915
dmnelf011,CEN,hz4,CP6,0.1929544035456603
dmnelf011,CEN,hz4,TP9,0.1083230708097074
dmnelf011,CEN,hz4,TP10,0.08905650812992738
dmnelf011,CEN,hz4,POz,0.0855278261802584
dmnelf012,CEN,hz4,Fp1,0.2563959583498105
dmnelf012,CEN,hz4,Fp2,0.0700743448655184
dmnelf012,CEN,hz4,F3,0.14524873613837092
dmnelf012,CEN,hz4,F4,0.12129962784576728
dmnelf012,CEN,hz4,C3,0.06404709655508761
dmnelf012,CEN,hz4,C4,0.3181704430279096
dmnelf012,CEN,hz4,P3,0.29052547771697224
dmnelf012,CEN,hz4,P4,0.21942662298440987
dmnelf012,CEN,hz4,O1,0.3061251198101648
dmnelf012,CEN,hz4,O2,0.12689724442755457
dmnelf012,CEN,hz4,F7,0.0795239325107029
dmnelf012,CEN,hz4,F8,0.18679267757823836
dmnelf012,CEN,hz4,T7,0.07872275023251044
dmnelf012,CEN,hz4,T8,0.1380098469142133
dmnelf012,CEN,hz4,P7,0.13320267749623063
dmnelf012,CEN,hz4,P8,0.07886792085599807
dmnelf012,CEN,hz4,Fz,0.23588444347249748
dmnelf012,CEN,hz4,Cz,0.35377485233385686
dmnelf012,CEN,hz4,Pz,0.3907676782326647
dmnelf012,CEN,hz4,Oz,0.22284593405805095
dmnelf012,CEN,hz4,FC1,0.1265758483330134
dmnelf012,CEN,hz4,FC2,0.06322807041909026
dmnelf012,CEN,hz4,CP1,0.15283346359576055
dmnelf012,CEN,hz4,CP2,0.13422949403698492
dmnelf012,CEN,hz4,FC5,0.10362867196105004
dmnelf012,CEN,hz4,FC6,0.10980257347060324
dmnelf012,CEN,hz4,CP5,0.11905215406310231
dmnelf012,CEN,hz4,CP6,0.0781066014783877
dmnelf012,CEN,hz4,TP9,0.11985923197384932
dmnelf012,CEN,hz4,TP10,0.1532580074320906
dmnelf012,CEN,hz4,POz,0.4789808684370566
dmnelf013,CEN,hz4,Fp1,0.11974506565893295
dmnelf013,CEN,hz4,Fp2,0.09814837174443397
dmnelf013,CEN,hz4,F3,0.14627260394383518
dmnelf013,CEN,hz4,F4,0.14558038002575932
dmnelf013,CEN,hz4,C3,0.16000946103978936
dmnelf013,CEN,hz4,C4,0.015870278802622855
dmnelf013,CEN,hz4,P3,0.05718961403943734
dmnelf013,CEN,hz4,P4,0.0723678229079851
dmnelf013,CEN,hz4,O1,0.16201080229655793
dmnelf013,CEN,hz4,O2,0.12127524742415725
dmnelf013,CEN,hz4,F7,0.11527959948150586
dmnelf013,CEN,hz4,F8,0.12702130239270126
dmnelf013,CEN,hz4,T7,0.21546027623596695
dmnelf013,CEN,hz4,T8,0.18232415171765867
dmnelf013,CEN,hz4,P7,0.22142060899952598
dmnelf013,CEN,hz4,P8,0.15431140152053377
dmnelf013,CEN,hz4,Fz,0.018638128214374616
dmnelf013,CEN,hz4,Cz,0.2541479812762131
dmnelf013,CEN,hz4,Pz,0.027307145993373326
dmnelf013,CEN,hz4,Oz,0.1633995074027821
dmnelf013,CEN,hz4,FC1,0.2732173376231911
dmnelf013,CEN,hz4,FC2,0.28257008179784854
dmnelf013,CEN,hz4,CP1,0.15558262597522052
dmnelf013,CEN,hz4,CP2,0.24369520944208073
dmnelf013,CEN,hz4,FC5,0.04920401478092539
dmnelf013,CEN,hz4,FC6,0.08097289018785243
dmnelf013,CEN,hz4,CP5,0.20262313758750974
dmnelf013,CEN,hz4,CP6,0.1261140505136275
dmnelf013,CEN,hz4,TP9,0.2546235534337056
dmnelf013,CEN,hz4,TP10,0.24185017116733742
dmnelf013,CEN,hz4,POz,0.08881148793656787
dmnelf014,CEN,hz4,Fp1,-0.13220526301606933
dmnelf014,CEN,hz4,Fp2,0.04696019987881827
dmnelf014,CEN,hz4,F3,-0.07753029324256759
dmnelf014,CEN,hz4,F4,-0.13637987243911165
dmnelf014,CEN,hz4,C3,-0.0911287008293133
dmnelf014,CEN,hz4,C4,-0.12053305632410789
dmnelf014,CEN,hz4,P3,0.006896865883730941
dmnelf014,CEN,hz4,P4,-0.08252434600112464
dmnelf014,CEN,hz4,O1,-0.032005279303681716
dmnelf014,CEN,hz4,O2,0.023961498323838
dmnelf014,CEN,hz4,F7,-0.01231686658517135
dmnelf014,CEN,hz4,F8,-0.13864821471454367
dmnelf014,CEN,hz4,T7,-0.048228065446136704
dmnelf014,CEN,hz4,T8,0.0418185098765847
dmnelf014,CEN,hz4,P7,-0.05224388852616729
dmnelf014,CEN,hz4,P8,-0.054361044023673026
dmnelf014,CEN,hz4,Fz,-0.08375868170083021
dmnelf014,CEN,hz4,Cz,0.06501472882232495
dmnelf014,CEN,hz4,Pz,-0.11449689096626234
dmnelf014,CEN,hz4,Oz,-0.09250155629102161
dmnelf014,CEN,hz4,FC1,-0.16816941976853592
dmnelf014,CEN,hz4,FC2,0.02070449937315183
dmnelf014,CEN,hz4,CP1,-0.11896384338001109
dmnelf014,CEN,hz4,CP2,-0.05819087095456114
dmnelf014,CEN,hz4,FC5,-0.10953121599756946
dmnelf014,CEN,hz4,FC6,-0.05979041934459096
dmnelf014,CEN,hz4,CP5,-0.11484203047013616
dmnelf014,CEN,hz4,CP6,0.018409147588715976
dmnelf014,CEN,hz4,TP9,-0.07467039235714931
dmnelf014,CEN,hz4,TP10,-0.046897758760565914
dmnelf014,CEN,hz4,POz,-0.18655753810251133
dmnelf015,CEN,hz4,Fp1,0.3029669477626882
dmnelf015,CEN,hz4,Fp2,0.4310015591647573
dmnelf015,CEN,hz4,F3,0.3859996685249624
dmnelf015,CEN,hz4,F4,0.39296326131986553
dmnelf015,CEN,hz4,C3,0.3733100953926843
dmnelf015,CEN,hz4,C4,-0.01142181867347699
dmnelf015,CEN,hz4,P3,0.3553771051553677
dmnelf015,CEN,hz4,P4,0.40302805964834765
dmnelf015,CEN,hz4,O1,0.4439450825587127
dmnelf015,CEN,hz4,O2,0.5277771923126963
dmnelf015,CEN,hz4,F7,0.48336580424149583
dmnelf015,CEN,hz4,F8,0.4490772399583983
dmnelf015,CEN,hz4,T7,0.4120064742200324
dmnelf015,CEN,hz4,T8,0.4029602593327164
dmnelf015,CEN,hz4,P7,0.4733619664757796
dmnelf015,CEN,hz4,P8,0.4762814218824813
dmnelf015,CEN,hz4,Fz,0.4443176972274751
dmnelf015,CEN,hz4,Cz,0.5009446861367299
dmnelf015,CEN,hz4,Pz,0.40338882849375535
dmnelf015,CEN,hz4,Oz,0.4677976436155993
dmnelf015,CEN,hz4,FC1,0.39939868682565066
dmnelf015,CEN,hz4,FC2,0.4643410095448367
dmnelf015,CEN,hz4,CP1,0.4317260815827924
dmnelf015,CEN,hz4,CP2,0.4811055601218917
dmnelf015,CEN,hz4,FC5,0.4653965257903379
dmnelf015,CEN,hz4,FC6,0.3183426387017038
dmnelf015,CEN,hz4,CP5,0.31075949920948875
dmnelf015,CEN,hz4,CP6,0.3639002206959798
dmnelf015,CEN,hz4,TP9,0.4751018743690723
dmnelf015,CEN,hz4,TP10,0.3959360688666957
dmnelf015,CEN,hz4,POz,0.3941063712193529
dmnelf016,CEN,hz4,Fp1,0.1461829567359753
dmnelf016,CEN,hz4,Fp2,0.1305569784669244
dmnelf016,CEN,hz4,F3,0.09711197280549622
dmnelf016,CEN,hz4,F4,0.21667680888610838
dmnelf016,CEN,hz4,C3,-0.031613158176343456
dmnelf016,CEN,hz4,C4,0.15074983693380142
dmnelf016,CEN,hz4,P3,-0.10461719340007138
dmnelf016,CEN,hz4,P4,-0.05835765682803798
dmnelf016,CEN,hz4,O1,0.0646788436881618
dmnelf016,CEN,hz4,O2,0.003645888314718719
dmnelf016,CEN,hz4,F7,0.08202458309380731
dmnelf016,CEN,hz4,F8,0.33632704355045806
dmnelf016,CEN,hz4,T7,0.12187363662064016
dmnelf016,CEN,hz4,T8,0.10064240215352618
dmnelf016,CEN,hz4,P7,0.3192420492698496
dmnelf016,CEN,hz4,P8,-0.0013815246312790029
dmnelf016,CEN,hz4,Fz,0.16002841145465652
dmnelf016,CEN,hz4,Cz,-0.04695952823399825
dmnelf016,CEN,hz4,Pz,0.16296201131792692
dmnelf016,CEN,hz4,Oz,0.22813607719384266
dmnelf016,CEN,hz4,FC1,-0.20835673458363746
dmnelf016,CEN,hz4,FC2,-0.1198252110483325
dmnelf016,CEN,hz4,CP1,-0.0600772683375453
dmnelf016,CEN,hz4,CP2,0.10479292336864046
dmnelf016,CEN,hz4,FC5,-0.023214650297611168
dmnelf016,CEN,hz4,FC6,-0.14664803021164813
dmnelf016,CEN,hz4,CP5,0.06962924103910095
dmnelf016,CEN,hz4,CP6,-0.038310779192451155
dmnelf016,CEN,hz4,TP9,0.04301623686918599
dmnelf016,CEN,hz4,TP10,-0.15844266286026285
dmnelf016,CEN,hz4,POz,0.04911945038707289
dmnelf1001,CEN,hz4,Fp1,0.030147493919826036
dmnelf1001,CEN,hz4,Fp2,-0.04657922976449276
dmnelf1001,CEN,hz4,F3,0.0762943416611358
dmnelf1001,CEN,hz4,F4,0.05866748869220535
dmnelf1001,CEN,hz4,C3,0.00831175211050356
dmnelf1001,CEN,hz4,C4,0.07931828377593374
dmnelf1001,CEN,hz4,P3,0.005193953243367372
dmnelf1001,CEN,hz4,P4,-0.0022261070640297795
dmnelf1001,CEN,hz4,O1,0.22442646039105577
dmnelf1001,CEN,hz4,O2,0.31454983179245327
dmnelf1001,CEN,hz4,F7,-0.06283914473704315
dmnelf1001,CEN,hz4,F8,0.08282005980448834
dmnelf1001,CEN,hz4,T7,0.187123699025894
dmnelf1001,CEN,hz4,T8,0.006231823585672413
dmnelf1001,CEN,hz4,P7,-0.026584766345034913
dmnelf1001,CEN,hz4,P8,0.10417490955531984
dmnelf1001,CEN,hz4,Fz,0.14362262313255486
dmnelf1001,CEN,hz4,Cz,0.08011229252183477
dmnelf1001,CEN,hz4,Pz,0.1499304157855687
dmnelf1001,CEN,hz4,Oz,0.2541764688696873
dmnelf1001,CEN,hz4,FC1,0.035881401954701034
dmnelf1001,CEN,hz4,FC2,0.19511790013736505
dmnelf1001,CEN,hz4,CP1,0.06684094437894737
dmnelf1001,CEN,hz4,CP2,0.06149613932987338
dmnelf1001,CEN,hz4,FC5,0.06995684320358497
dmnelf1001,CEN,hz4,FC6,0.10343720556208492
dmnelf1001,CEN,hz4,CP5,0.019795339510969154
dmnelf1001,CEN,hz4,CP6,0.016590737047954843
dmnelf1001,CEN,hz4,TP9,0.19874659886362817
dmnelf1001,CEN,hz4,TP10,0.18580483056970584
dmnelf1001,CEN,hz4,POz,0.24417967816333438
dmnelf1002,CEN,hz4,Fp1,0.15950438624588856
dmnelf1002,CEN,hz4,Fp2,0.3259072162224786
dmnelf1002,CEN,hz4,F3,0.022267905662002575
dmnelf1002,CEN,hz4,F4,0.3045051580385412
dmnelf1002,CEN,hz4,C3,0.16431411701121124
dmnelf1002,CEN,hz4,C4,0.2226533094830463
dmnelf1002,CEN,hz4,P3,0.22792108784366974
dmnelf1002,CEN,hz4,P4,0.10665823556854305
dmnelf1002,CEN,hz4,O1,0.14269159308589394
dmnelf1002,CEN,hz4,O2,0.010866558592735128
dmnelf1002,CEN,hz4,F7,0.23777671930335398
dmnelf1002,CEN,hz4,F8,0.3465287966057555
dmnelf1002,CEN,hz4,T7,0.17449067331917997
dmnelf1002,CEN,hz4,T8,0.27522494659676283
dmnelf1002,CEN,hz4,P7,0.2945390418356711
dmnelf1002,CEN,hz4,P8,0.20036007507154094
dmnelf1002,CEN,hz4,Fz,0.09425015621538925
dmnelf1002,CEN,hz4,Cz,0.16133253644515516
dmnelf1002,CEN,hz4,Pz,0.08984137255694633
dmnelf1002,CEN,hz4,Oz,0.039305736953096554
dmnelf1002,CEN,hz4,FC1,0.08963323727114046
dmnelf1002,CEN,hz4,FC2,0.17274060025580446
dmnelf1002,CEN,hz4,CP1,0.20572543763453022
dmnelf1002,CEN,hz4,CP2,0.006293406604002806
dmnelf1002,CEN,hz4,FC5,0.2801169398800187
dmnelf1002,CEN,hz4,FC6,0.2671792321049114
dmnelf1002,CEN,hz4,CP5,0.24192911680626294
dmnelf1002,CEN,hz4,CP6,0.12851535230069452
dmnelf1002,CEN,hz4,TP9,0.23718484212996793
dmnelf1002,CEN,hz4,TP10,0.09805744550130595
dmnelf1002,CEN,hz4,POz,0.10902111911803662
dmnelf1003,CEN,hz4,Fp1,-0.1754385631243009
dmnelf1003,CEN,hz4,Fp2,-0.25075260898448837
dmnelf1003,CEN,hz4,F3,-0.23801447166767045
dmnelf1003,CEN,hz4,F4,-0.1324798485644676
dmnelf1003,CEN,hz4,C3,-0.07005162728051817
dmnelf1003,CEN,hz4,C4,0.09194813202136425
dmnelf1003,CEN,hz4,P3,-0.09235406686482732
dmnelf1003,CEN,hz4,P4,-0.23495466481714225
dmnelf1003,CEN,hz4,O1,-0.11452066712576045
dmnelf1003,CEN,hz4,O2,-0.0511830683339135
dmnelf1003,CEN,hz4,F7,-0.31950133798882996
dmnelf1003,CEN,hz4,F8,-0.2929162146579457
dmnelf1003,CEN,hz4,T7,-0.21584279872386458
dmnelf1003,CEN,hz4,T8,-0.13359323393199188
dmnelf1003,CEN,hz4,P7,-0.1086207032718293
dmnelf1003,CEN,hz4,P8,0.12471543028194688
dmnelf1003,CEN,hz4,Fz,0.04733297906269613
dmnelf1003,CEN,hz4,Cz,0.3601644430664845
dmnelf1003,CEN,hz4,Pz,0.08093623136737355
dmnelf1003,CEN,hz4,Oz,-0.09683432580812136
dmnelf1003,CEN,hz4,FC1,-0.3301028095145028
dmnelf1003,CEN,hz4,FC2,-0.21215728987713184
dmnelf1003,CEN,hz4,CP1,-0.13353470343967205
dmnelf1003,CEN,hz4,CP2,0.11265243749614691
dmnelf1003,CEN,hz4,FC5,-0.1277133542814176
dmnelf1003,CEN,hz4,FC6,-0.23150309931657595
dmnelf1003,CEN,hz4,CP5,-0.07189230588530972
dmnelf1003,CEN,hz4,CP6,0.12916255235240892
dmnelf1003,CEN,hz4,TP9,-0.31550635654591364
dmnelf1003,CEN,hz4,TP10,-0.08523217234990117
dmnelf1003,CEN,hz4,POz,-0.16309688457210086
dmnelf001,PDA,hz4,Fp1,0.019332115598775828
dmnelf001,PDA,hz4,Fp2,-0.026619179229980777
dmnelf001,PDA,hz4,F3,-0.001160130394672615
dmnelf001,PDA,hz4,F4,0.046077411999963444
dmnelf001,PDA,hz4,C3,-0.049690356682257665
dmnelf001,PDA,hz4,C4,-0.044934427595717835
dmnelf001,PDA,hz4,P3,-0.10449899880122043
dmnelf001,PDA,hz4,P4,-0.024466950685992084
dmnelf001,PDA,hz4,O1,0.11685575141593958
dmnelf001,PDA,hz4,O2,-0.02026930986566774
dmnelf001,PDA,hz4,F7,0.008574056868624003
dmnelf001,PDA,hz4,F8,0.005838868741332976
dmnelf001,PDA,hz4,T7,0.09387295746410136
dmnelf001,PDA,hz4,T8,-0.14017805536531594
dmnelf001,PDA,hz4,P7,0.11626341976222779
dmnelf001,PDA,hz4,P8,-0.11732898592702734
dmnelf001,PDA,hz4,Fz,0.0753311378701589
dmnelf001,PDA,hz4,Cz,0.12745389351700814
dmnelf001,PDA,hz4,Pz,0.1415115652842466
dmnelf001,PDA,hz4,Oz,0.09004805585417255
dmnelf001,PDA,hz4,FC1,-0.00908985894324175
dmnelf001,PDA,hz4,FC2,0.1485723779984496
dmnelf001,PDA,hz4,CP1,0.020222640932243487
dmnelf001,PDA,hz4,CP2,0.15059660314463008
dmnelf001,PDA,hz4,FC5,-0.06618829847230241
dmnelf001,PDA,hz4,FC6,-0.12923190313638555
dmnelf001,PDA,hz4,CP5,0.03647358407390387
dmnelf001,PDA,hz4,CP6,-0.18068563462589451
dmnelf001,PDA,hz4,TP9,0.055258107369260595
dmnelf001,PDA,hz4,TP10,0.0358302749131419
dmnelf001,PDA,hz4,POz,0.15960076690933528
dmnelf002,PDA,hz4,Fp1,0.10983380676874627
dmnelf002,PDA,hz4,Fp2,0.12303898810492636
dmnelf002,PDA,hz4,F3,0.12480524832666959
dmnelf002,PDA,hz4,F4,0.17467294164207717
dmnelf002,PDA,hz4,C3,0.2676548346554756
dmnelf002,PDA,hz4,C4,0.18401966984470333
dmnelf002,PDA,hz4,P3,0.21682011298162843
dmnelf002,PDA,hz4,P4,0.2200807791183584
dmnelf002,PDA,hz4,O1,0.11067037622802364
dmnelf002,PDA,hz4,O2,0.20139882961272607
dmnelf002,PDA,hz4,F7,0.30422307415235117
dmnelf002,PDA,hz4,F8,0.15484455603831662
dmnelf002,PDA,hz4,T7,0.22594860393738347
dmnelf002,PDA,hz4,T8,0.11741743669353871
dmnelf002,PDA,hz4,P7,0.13299455294113965
dmnelf002,PDA,hz4,P8,0.2318459121397916
dmnelf002,PDA,hz4,Fz,0.10463820201944134
dmnelf002,PDA,hz4,Cz,0.02025742898041858
dmnelf002,PDA,hz4,Pz,0.3159895501671287
dmnelf002,PDA,hz4,Oz,0.27717068697352143
dmnelf002,PDA,hz4,FC1,-0.058208022013557535
dmnelf002,PDA,hz4,FC2,0.23001922900355573
dmnelf002,PDA,hz4,CP1,0.3860297983197886
dmnelf002,PDA,hz4,CP2,0.21138971388687783
dmnelf002,PDA,hz4,FC5,0.35396529985284253
dmnelf002,PDA,hz4,FC6,0.26453898855030183
dmnelf002,PDA,hz4,CP5,0.23262720166751868
dmnelf002,PDA,hz4,CP6,0.3021316889499383
dmnelf002,PDA,hz4,TP9,0.12288227935899108
dmnelf002,PDA,hz4,TP10,0.2335939242123753
dmnelf002,PDA,hz4,POz,0.24411905916740081
dmnelf003,PDA,hz4,Fp1,0.16488326444352552
dmnelf003,PDA,hz4,Fp2,0.15068831276398167
dmnelf003,PDA,hz4,F3,0.1437877198681855
dmnelf003,PDA,hz4,F4,0.17647694935635397
dmnelf003,PDA,hz4,C3,0.11374457831621108
dmnelf003,PDA,hz4,C4,0.1868435115087078
dmnelf003,PDA,hz4,P3,0.19435502759633302
dmnelf003,PDA,hz4,P4,0.14483100792610848
dmnelf003,PDA,hz4,O1,0.2207903828451079
dmnelf003,PDA,hz4,O2,0.1790202488595275
dmnelf003,PDA,hz4,F7,0.10781442980066681
dmnelf003,PDA,hz4,F8,0.23118450819470848
dmnelf003,PDA,hz4,T7,0.1835873562839525
dmnelf003,PDA,hz4,T8,0.17427491841610282
dmnelf003,PDA,hz4,P7,0.2106611610707623
dmnelf003,PDA,hz4,P8,0.1764129678073612
dmnelf003,PDA,hz4,Fz,0.15531976265772326
dmnelf003,PDA,hz4,Cz,0.20491810736475666
dmnelf003,PDA,hz4,Pz,0.17056480473557986
dmnelf003,PDA,hz4,Oz,0.22895683563637506
dmnelf003,PDA,hz4,FC1,0.1636496086476003
dmnelf003,PDA,hz4,FC2,0.20115654481515455
dmnelf003,PDA,hz4,CP1,0.20849361541025885
dmnelf003,PDA,hz4,CP2,0.20257702119895651
dmnelf003,PDA,hz4,FC5,0.11798988002344685
dmnelf003,PDA,hz4,FC6,0.2595301699474481
dmnelf003,PDA,hz4,CP5,0.23923505498221823
dmnelf003,PDA,hz4,CP6,0.19127784169726683
dmnelf003,PDA,hz4,TP9,0.18410042710074076
dmnelf003,PDA,hz4,TP10,0.15222249941234073
dmnelf003,PDA,hz4,POz,0.27303208167157156
dmnelf004,PDA,hz4,Fp1,0.13111184618146568
dmnelf004,PDA,hz4,Fp2,0.1319747855084131
dmnelf004,PDA,hz4,F3,0.06574028812950629
dmnelf004,PDA,hz4,F4,0.2184544342347235
dmnelf004,PDA,hz4,C3,0.09406608400020045
dmnelf004,PDA,hz4,C4,0.3060813874526034
dmnelf004,PDA,hz4,P3,0.13539974708246186
dmnelf004,PDA,hz4,P4,0.22904053724422593
dmnelf004,PDA,hz4,O1,0.24662902633720482
dmnelf004,PDA,hz4,O2,0.1509145813315983
dmnelf004,PDA,hz4,F7,0.060573799255591955
dmnelf004,PDA,hz4,F8,0.04840730755337498
dmnelf004,PDA,hz4,T7,0.025147834114031986
dmnelf004,PDA,hz4,T8,0.11691334606164894
dmnelf004,PDA,hz4,P7,0.16281219258176893
dmnelf004,PDA,hz4,P8,0.21947294405522869
dmnelf004,PDA,hz4,Fz,0.3055296637186422
dmnelf004,PDA,hz4,Cz,0.45084757165405404
dmnelf004,PDA,hz4,Pz,0.2520502128638356
dmnelf004,PDA,hz4,Oz,0.3896741902869636
dmnelf004,PDA,hz4,FC1,0.35946393287300266
dmnelf004,PDA,hz4,FC2,0.34303373947035565
dmnelf004,PDA,hz4,CP1,0.20738636893625267
dmnelf004,PDA,hz4,CP2,0.16026184797629217
dmnelf004,PDA,hz4,FC5,0.16962123540185983
dmnelf004,PDA,hz4,FC6,0.13628783727232618
dmnelf004,PDA,hz4,CP5,0.32083380413301393
dmnelf004,PDA,hz4,CP6,0.1525266656192468
dmnelf004,PDA,hz4,TP9,0.06568127088376108
dmnelf004,PDA,hz4,TP10,0.228120502071511
dmnelf004,PDA,hz4,POz,0.19750234524813642
dmnelf005,PDA,hz4,Fp1,0.19799009388273242
dmnelf005,PDA,hz4,Fp2,0.2763203286207085
dmnelf005,PDA,hz4,F3,0.38393583165228495
dmnelf005,PDA,hz4,F4,0.3671580478536828
dmnelf005,PDA,hz4,C3,0.338477195193193
dmnelf005,PDA,hz4,C4,0.3011440812034436
dmnelf005,PDA,hz4,P3,0.29718420102580806
dmnelf005,PDA,hz4,P4,0.412707710888124
dmnelf005,PDA,hz4,O1,0.27357145141857947
dmnelf005,PDA,hz4,O2,0.09699240831349765
dmnelf005,PDA,hz4,F7,0.26432847048921665
dmnelf005,PDA,hz4,F8,0.17944053295534243
dmnelf005,PDA,hz4,T7,0.30398274325323793
dmnelf005,PDA,hz4,T8,0.3294613451552903
dmnelf005,PDA,hz4,P7,0.25463874645444334
dmnelf005,PDA,hz4,P8,0.39049902055016367
dmnelf005,PDA,hz4,Fz,0.43236392376565985
dmnelf005,PDA,hz4,Cz,0.21155077836562522
dmnelf005,PDA,hz4,Pz,0.26044003129657095
dmnelf005,PDA,hz4,Oz,0.21485439175782423
dmnelf005,PDA,hz4,FC1,0.3965697549997616
dmnelf005,PDA,hz4,FC2,0.396209160154064
dmnelf005,PDA,hz4,CP1,0.21281124055723227
dmnelf005,PDA,hz4,CP2,0.25165898916152674
dmnelf005,PDA,hz4,FC5,0.2675781816442576
dmnelf005,PDA,hz4,FC6,0.17801888552455872
dmnelf005,PDA,hz4,CP5,0.35389578233789537
dmnelf005,PDA,hz4,CP6,0.44227272112504074
dmnelf005,PDA,hz4,TP9,0.120982522891742
dmnelf005,PDA,hz4,TP10,0.24748097800519658
dmnelf005,PDA,hz4,POz,0.37707191909067317
dmnelf006,PDA,hz4,Fp1,0.18892619483553458
dmnelf006,PDA,hz4,Fp2,0.2934349033947492
dmnelf006,PDA,hz4,F3,0.04358339633512279
dmnelf006,PDA,hz4,F4,0.16892999100525982
dmnelf006,PDA,hz4,C3,-0.02784972831022078
dmnelf006,PDA,hz4,C4,0.04124447309804116
dmnelf006,PDA,hz4,P3,0.29910516408979604
dmnelf006,PDA,hz4,P4,0.24766961052267436
dmnelf006,PDA,hz4,O1,0.35023236700233606
dmnelf006,PDA,hz4,O2,0.2565621850096707
dmnelf006,PDA,hz4,F7,0.07929853496345776
dmnelf006,PDA,hz4,F8,0.05269661697703481
dmnelf006,PDA,hz4,T7,0.05711671675121591
dmnelf006,PDA,hz4,T8,0.1043359865645829
dmnelf006,PDA,hz4,P7,0.2138248917539969
dmnelf006,PDA,hz4,P8,0.06016323558107023
dmnelf006,PDA,hz4,Fz,0.13670442954870668
dmnelf006,PDA,hz4,Cz,0.10392575505955678
dmnelf006,PDA,hz4,Pz,0.23481116901315513
dmnelf006,PDA,hz4,Oz,0.31125964208054796
dmnelf006,PDA,hz4,FC1,0.08070230222132141
dmnelf006,PDA,hz4,FC2,0.21857290448466182
dmnelf006,PDA,hz4,CP1,0.20103914280387086
dmnelf006,PDA,hz4,CP2,0.05342399660688097
dmnelf006,PDA,hz4,FC5,-0.02732906980383493
dmnelf006,PDA,hz4,FC6,0.10374991498763202
dmnelf006,PDA,hz4,CP5,0.11360963127375011
dmnelf006,PDA,hz4,CP6,0.03156023898721856
dmnelf006,PDA,hz4,TP9,0.040516025080432685
dmnelf006,PDA,hz4,TP10,0.06263988918835857
dmnelf006,PDA,hz4,POz,0.10931077141514954
dmnelf007,PDA,hz4,Fp1,0.11980631541231723
dmnelf007,PDA,hz4,Fp2,0.03419024819111309
dmnelf007,PDA,hz4,F3,-0.1792460466541913
dmnelf007,PDA,hz4,F4,0.03772949064079707
dmnelf007,PDA,hz4,C3,0.28127227988239706
dmnelf007,PDA,hz4,C4,0.04386440169991898
dmnelf007,PDA,hz4,P3,0.10807213402668141
dmnelf007,PDA,hz4,P4,0.14225908734806822
dmnelf007,PDA,hz4,O1,0.3558212882731707
dmnelf007,PDA,hz4,O2,0.10607221357993495
dmnelf007,PDA,hz4,F7,-0.016569466553409552
dmnelf007,PDA,hz4,F8,0.21320584172466162
dmnelf007,PDA,hz4,T7,0.013167266583960658
dmnelf007,PDA,hz4,T8,-0.00213045809977315
dmnelf007,PDA,hz4,P7,0.3521701086580108
dmnelf007,PDA,hz4,P8,-0.05119880797568727
dmnelf007,PDA,hz4,Fz,0.24352098717540815
dmnelf007,PDA,hz4,Cz,0.29335756838740423
dmnelf007,PDA,hz4,Pz,0.22940345045762447
dmnelf007,PDA,hz4,Oz,0.12925763037322274
dmnelf007,PDA,hz4,FC1,-0.023598558415761833
dmnelf007,PDA,hz4,FC2,0.2139435924751891
dmnelf007,PDA,hz4,CP1,0.31563805085684793
dmnelf007,PDA,hz4,CP2,0.1249164972934411
dmnelf007,PDA,hz4,FC5,-0.10659721840067034
dmnelf007,PDA,hz4,FC6,0.07678533891385955
dmnelf007,PDA,hz4,CP5,0.008564213249583584
dmnelf007,PDA,hz4,CP6,0.07351014186237421
dmnelf007,PDA,hz4,TP9,0.2437516065574947
dmnelf007,PDA,hz4,TP10,0.055394920455217746
dmnelf007,PDA,hz4,POz,0.20194131226117717
dmnelf008,PDA,hz4,Fp1,0.19942663569748623
dmnelf008,PDA,hz4,Fp2,0.33960639264754294
dmnelf008,PDA,hz4,F3,0.3846626896000595
dmnelf008,PDA,hz4,F4,0.2717930535677204
dmnelf008,PDA,hz4,C3,0.06754829413323996
dmnelf008,PDA,hz4,C4,-0.00159363681853674
dmnelf008,PDA,hz4,P3,0.13357341894413985
dmnelf008,PDA,hz4,P4,0.13000017670178643
dmnelf008,PDA,hz4,O1,0.16238319087862305
dmnelf008,PDA,hz4,O2,0.17505593906106476
dmnelf008,PDA,hz4,F7,0.44368096663507073
dmnelf008,PDA,hz4,F8,0.2838959310230455
dmnelf008,PDA,hz4,T7,0.2933960261936704
dmnelf008,PDA,hz4,T8,0.3479244806069104
dmnelf008,PDA,hz4,P7,0.12767920426103224
dmnelf008,PDA,hz4,P8,0.09030700800955878
dmnelf008,PDA,hz4,Fz,0.13383665102772352
dmnelf008,PDA,hz4,Cz,0.1488735113904955
dmnelf008,PDA,hz4,Pz,0.16944372084404008
dmnelf008,PDA,hz4,Oz,0.12511232700594832
dmnelf008,PDA,hz4,FC1,0.12638167062908612
dmnelf008,PDA,hz4,FC2,0.10480885523189307
dmnelf008,PDA,hz4,CP1,0.13100113257659873
dmnelf008,PDA,hz4,CP2,0.21627975497323715
dmnelf008,PDA,hz4,FC5,0.38260139344637206
dmnelf008,PDA,hz4,FC6,0.1427083526085086
dmnelf008,PDA,hz4,CP5,0.29422068335043805
dmnelf008,PDA,hz4,CP6,0.21737734018059685
dmnelf008,PDA,hz4,TP9,0.3361506958762852
dmnelf008,PDA,hz4,TP10,0.15612750364863803
dmnelf008,PDA,hz4,POz,0.18712479435595933
dmnelf009,PDA,hz4,Fp1,-0.02373089672071397
dmnelf009,PDA,hz4,Fp2,-0.21621620160518318
dmnelf009,PDA,hz4,F3,0.07334402492915722
dmnelf009,PDA,hz4,F4,-0.14772491208196353
dmnelf009,PDA,hz4,C3,0.0038995172652665257
dmnelf009,PDA,hz4,C4,0.05297759669621368
dmnelf009,PDA,hz4,P3,0.08202027778967558
dmnelf009,PDA,hz4,P4,0.2950732980711704
dmnelf009,PDA,hz4,O1,-0.05955856581027556
dmnelf009,PDA,hz4,O2,0.2849096705591164
dmnelf009,PDA,hz4,F7,-0.024552428572331794
dmnelf009,PDA,hz4,F8,0.009706421937248398
dmnelf009,PDA,hz4,T7,-0.11022823888990893
dmnelf009,PDA,hz4,T8,0.037263805198651634
dmnelf009,PDA,hz4,P7,0.030952781487609007
dmnelf009,PDA,hz4,P8,0.0975242266557314
dmnelf009,PDA,hz4,Fz,-0.03500327652088629
dmnelf009,PDA,hz4,Cz,0.27850702402877664
dmnelf009,PDA,hz4,Pz,0.3558680425648846
dmnelf009,PDA,hz4,Oz,0.09510028170233889
dmnelf009,PDA,hz4,FC1,0.12488445017274435
dmnelf009,PDA,hz4,FC2,-0.07422148338400203
dmnelf009,PDA,hz4,CP1,0.28693371866251055
dmnelf009,PDA,hz4,CP2,0.3163670611968562
dmnelf009,PDA,hz4,FC5,0.19971077916232674
dmnelf009,PDA,hz4,FC6,-0.004199864306399686
dmnelf009,PDA,hz4,CP5,0.04455297997226424
dmnelf009,PDA,hz4,CP6,0.32699297161970653
dmnelf009,PDA,hz4,TP9,0.07250838608178017
dmnelf009,PDA,hz4,TP10,-0.03503750854956663
dmnelf009,PDA,hz4,POz,0.1964929547093492
dmnelf010,PDA,hz4,Fp1,0.2775203521427057
dmnelf010,PDA,hz4,Fp2,0.16975404916984274
dmnelf010,PDA,hz4,F3,0.17707447393264886
dmnelf010,PDA,hz4,F4,0.19419204396287748
dmnelf010,PDA,hz4,C3,0.16657362791924044
dmnelf010,PDA,hz4,C4,0.10163213936379194
dmnelf010,PDA,hz4,P3,0.19338813647598882
dmnelf010,PDA,hz4,P4,0.17956806573293768
dmnelf010,PDA,hz4,O1,0.1431922567526778
dmnelf010,PDA,hz4,O2,0.11464649376270948
dmnelf010,PDA,hz4,F7,0.25688878168408885
dmnelf010,PDA,hz4,F8,0.13053713540594217
dmnelf010,PDA,hz4,T7,0.09976879232027117
dmnelf010,PDA,hz4,T8,0.03657194562940565
dmnelf010,PDA,hz4,P7,0.1928305589242739
dmnelf010,PDA,hz4,P8,0.23598005609174308
dmnelf010,PDA,hz4,Fz,0.25527680849446627
dmnelf010,PDA,hz4,Cz,0.19689332661226105
dmnelf010,PDA,hz4,Pz,0.20397524712018225
dmnelf010,PDA,hz4,Oz,0.15721045101478254
dmnelf010,PDA,hz4,FC1,0.3525764598258059
dmnelf010,PDA,hz4,FC2,0.18525279000152808
dmnelf010,PDA,hz4,CP1,0.3350123282441973
dmnelf010,PDA,hz4,CP2,0.06688516039170504
dmnelf010,PDA,hz4,FC5,0.2963798853018889
dmnelf010,PDA,hz4,FC6,0.07423822926652594
dmnelf010,PDA,hz4,CP5,0.17796013214746514
dmnelf010,PDA,hz4,CP6,0.19636585002509682
dmnelf010,PDA,hz4,TP9,0.17586794370478936
dmnelf010,PDA,hz4,TP10,0.06268151759170025
dmnelf010,PDA,hz4,POz,0.16724693595385962
dmnelf011,PDA,hz4,Fp1,-0.0506426351199939
dmnelf011,PDA,hz4,Fp2,-0.033898392652583854
dmnelf011,PDA,hz4,F3,-0.03312563681858195
dmnelf011,PDA,hz4,F4,-0.1129926889884801
dmnelf011,PDA,hz4,C3,-0.017292647868975827
dmnelf011,PDA,hz4,C4,-0.06027111103074846
dmnelf011,PDA,hz4,P3,-0.04104901954012876
dmnelf011,PDA,hz4,P4,-0.14522290776909136
dmnelf011,PDA,hz4,O1,-0.008222768302756226
dmnelf011,PDA,hz4,O2,-0.06241796932216206
dmnelf011,PDA,hz4,F7,-0.049765673006165384
dmnelf011,PDA,hz4,F8,0.03528157872793155
dmnelf011,PDA,hz4,T7,-0.003663223846054952
dmnelf011,PDA,hz4,T8,-0.18364935103502614
dmnelf011,PDA,hz4,P7,0.0516988402342182
dmnelf011,PDA,hz4,P8,-0.17605670770076196
dmnelf011,PDA,hz4,Fz,-0.02570467464849767
dmnelf011,PDA,hz4,Cz,0.019314285632331535
dmnelf011,PDA,hz4,Pz,0.11548505419117709
dmnelf011,PDA,hz4,Oz,-0.03139895345817145
dmnelf011,PDA,hz4,FC1,-0.0669753743677298
dmnelf011,PDA,hz4,FC2,-0.03383164259661636
dmnelf011,PDA,hz4,CP1,-0.07137375932366462
dmnelf011,PDA,hz4,CP2,0.07591257341757995
dmnelf011,PDA,hz4,FC5,-0.12898832264770446
dmnelf011,PDA,hz4,FC6,-0.11906567906765665
dmnelf011,PDA,hz4,CP5,-0.13577751921502432
dmnelf011,PDA,hz4,CP6,-0.11631566979178751
dmnelf011,PDA,hz4,TP9,0.10476007079681368
dmnelf011,PDA,hz4,TP10,-0.16176787734261341
dmnelf011,PDA,hz4,POz,0.06844935942771214
dmnelf012,PDA,hz4,Fp1,0.34206851446141806
dmnelf012,PDA,hz4,Fp2,0.0918204588387516
dmnelf012,PDA,hz4,F3,0.133491881286618
dmnelf012,PDA,hz4,F4,0.021879396780584322
dmnelf012,PDA,hz4,C3,0.1123127718809835
dmnelf012,PDA,hz4,C4,0.18081249922319736
dmnelf012,PDA,hz4,P3,0.18853685405616274
dmnelf012,PDA,hz4,P4,0.25743716760593294
dmnelf012,PDA,hz4,O1,0.23428373041879616
dmnelf012,PDA,hz4,O2,0.2044957200820158
dmnelf012,PDA,hz4,F7,0.2598133014359168
dmnelf012,PDA,hz4,F8,0.162486929557643
dmnelf012,PDA,hz4,T7,0.04389530385151462
dmnelf012,PDA,hz4,T8,0.14297153794839534
dmnelf012,PDA,hz4,P7,0.13871215280430463
dmnelf012,PDA,hz4,P8,0.1977549021783793
dmnelf012,PDA,hz4,Fz,0.16908353895731168
dmnelf012,PDA,hz4,Cz,0.2452594590055978
dmnelf012,PDA,hz4,Pz,0.40617364116521715
dmnelf012,PDA,hz4,Oz,0.23760641498198648
dmnelf012,PDA,hz4,FC1,0.12520844400483358
dmnelf012,PDA,hz4,FC2,0.10447032571861047
dmnelf012,PDA,hz4,CP1,0.1797440852517775
dmnelf012,PDA,hz4,CP2,0.21631299529568754
dmnelf012,PDA,hz4,FC5,0.12711352571676057
dmnelf012,PDA,hz4,FC6,0.015241962586506057
dmnelf012,PDA,hz4,CP5,0.13591174286093236
dmnelf012,PDA,hz4,CP6,0.15131227023170452
dmnelf012,PDA,hz4,TP9,0.09091752718969594
dmnelf012,PDA,hz4,TP10,0.18864045158946774
dmnelf012,PDA,hz4,POz,0.42092427300903335
dmnelf013,PDA,hz4,Fp1,0.12251497195017169
dmnelf013,PDA,hz4,Fp2,0.08393699779793029
dmnelf013,PDA,hz4,F3,0.1754595990390172
dmnelf013,PDA,hz4,F4,0.23007483133173576
dmnelf013,PDA,hz4,C3,0.16021054907167875
dmnelf013,PDA,hz4,C4,0.16552741428152806
dmnelf013,PDA,hz4,P3,0.2270711211940476
dmnelf013,PDA,hz4,P4,0.2770141226614053
dmnelf013,PDA,hz4,O1,0.26288096539353845
dmnelf013,PDA,hz4,O2,0.18672973608557225
dmnelf013,PDA,hz4,F7,0.28461683678769134
dmnelf013,PDA,hz4,F8,0.21717042740015394
dmnelf013,PDA,hz4,T7,0.23894292346794804
dmnelf013,PDA,hz4,T8,0.26583741925201515
dmnelf013,PDA,hz4,P7,0.251814423510973
dmnelf013,PDA,hz4,P8,0.20571304306801003
dmnelf013,PDA,hz4,Fz,0.16432104851044768
dmnelf013,PDA,hz4,Cz,0.2319557421041716
dmnelf013,PDA,hz4,Pz,0.031242870797187648
dmnelf013,PDA,hz4,Oz,0.2194614588402712
dmnelf013,PDA,hz4,FC1,0.2671137779187115
dmnelf013,PDA,hz4,FC2,0.10310869987029352
dmnelf013,PDA,hz4,CP1,0.09979094675354161
dmnelf013,PDA,hz4,CP2,0.29916623591796315
dmnelf013,PDA,hz4,FC5,0.3425172079570412
dmnelf013,PDA,hz4,FC6,0.2698171511115998
dmnelf013,PDA,hz4,CP5,0.23463225539336385
dmnelf013,PDA,hz4,CP6,0.20626249745007694
dmnelf013,PDA,hz4,TP9,0.2811913728685816
dmnelf013,PDA,hz4,TP10,0.2942342195667081
dmnelf013,PDA,hz4,POz,0.33385749159026623
dmnelf014,PDA,hz4,Fp1,0.0742639299624084
dmnelf014,PDA,hz4,Fp2,0.11371948947451917
dmnelf014,PDA,hz4,F3,-0.01688687323970644
dmnelf014,PDA,hz4,F4,0.09654462138248505
dmnelf014,PDA,hz4,C3,-0.028632997049597646
dmnelf014,PDA,hz4,C4,0.04899785948790862
dmnelf014,PDA,hz4,P3,0.10655268213376866
dmnelf014,PDA,hz4,P4,0.02315408780778271
dmnelf014,PDA,hz4,O1,0.18339217682398343
dmnelf014,PDA,hz4,O2,0.12520468694653183
dmnelf014,PDA,hz4,F7,-0.06880393336218754
dmnelf014,PDA,hz4,F8,0.16671823805455602
dmnelf014,PDA,hz4,T7,-0.07663514218460109
dmnelf014,PDA,hz4,T8,-0.04183659706114066
dmnelf014,PDA,hz4,P7,0.000663272449409509
dmnelf014,PDA,hz4,P8,0.040718784652008025
dmnelf014,PDA,hz4,Fz,0.031389023662189874
dmnelf014,PDA,hz4,Cz,0.09435275884986943
dmnelf014,PDA,hz4,Pz,-0.034731524587518985
dmnelf014,PDA,hz4,Oz,-0.017160738848730008
dmnelf014,PDA,hz4,FC1,-0.07165665799568395
dmnelf014,PDA,hz4,FC2,0.11690733948480522
dmnelf014,PDA,hz4,CP1,0.1780944189695148
dmnelf014,PDA,hz4,CP2,0.17347646584645712
dmnelf014,PDA,hz4,FC5,0.0022491098447417045
dmnelf014,PDA,hz4,FC6,-0.008488013723673114
dmnelf014,PDA,hz4,CP5,0.09010611602597361
dmnelf014,PDA,hz4,CP6,-0.06652947571122632
dmnelf014,PDA,hz4,TP9,0.14628099638789313
dmnelf014,PDA,hz4,TP10,-0.1150563011530229
dmnelf014,PDA,hz4,POz,0.10593121158291614
dmnelf015,PDA,hz4,Fp1,0.379512912839404
dmnelf015,PDA,hz4,Fp2,0.32357706683400034
dmnelf015,PDA,hz4,F3,0.3157432451511047
dmnelf015,PDA,hz4,F4,0.4052356862113598
dmnelf015,PDA,hz4,C3,0.3225080814722058
dmnelf015,PDA,hz4,C4,0.019779531875841794
dmnelf015,PDA,hz4,P3,0.4829164990192435
dmnelf015,PDA,hz4,P4,0.44430789961759876
dmnelf015,PDA,hz4,O1,0.5673425755212952
dmnelf015,PDA,hz4,O2,0.5259939985607432
dmnelf015,PDA,hz4,F7,0.40637641748444353
dmnelf015,PDA,hz4,F8,0.4514979728172151
dmnelf015,PDA,hz4,T7,0.4015835780521032
dmnelf015,PDA,hz4,T8,0.3684953304589319
dmnelf015,PDA,hz4,P7,0.5349764878300846
dmnelf015,PDA,hz4,P8,0.4891852850386584
dmnelf015,PDA,hz4,Fz,0.37133255594716097
dmnelf015,PDA,hz4,Cz,0.48460966260871924
dmnelf015,PDA,hz4,Pz,0.48092752898025604
dmnelf015,PDA,hz4,Oz,0.5575878554495092
dmnelf015,PDA,hz4,FC1,0.502227640102125
dmnelf015,PDA,hz4,FC2,0.39231175695787646
dmnelf015,PDA,hz4,CP1,0.39888665106256604
dmnelf015,PDA,hz4,CP2,0.4838833638428851
dmnelf015,PDA,hz4,FC5,0.40609712600952774
dmnelf015,PDA,hz4,FC6,0.37867169604745265
dmnelf015,PDA,hz4,CP5,0.27001103051485775
dmnelf015,PDA,hz4,CP6,0.4880407678668391
dmnelf015,PDA,hz4,TP9,0.43173554841863515
dmnelf015,PDA,hz4,TP10,0.42157029256476236
dmnelf015,PDA,hz4,POz,0.45213482400349353
dmnelf016,PDA,hz4,Fp1,0.027450212921359858
dmnelf016,PDA,hz4,Fp2,-0.05755673386014263
dmnelf016,PDA,hz4,F3,-0.07411049510262374
dmnelf016,PDA,hz4,F4,-0.028117737905250646
dmnelf016,PDA,hz4,C3,-0.03964941151036747
dmnelf016,PDA,hz4,C4,0.054278522462028994
dmnelf016,PDA,hz4,P3,-0.17921824278675544
dmnelf016,PDA,hz4,P4,0.12851087534666847
dmnelf016,PDA,hz4,O1,-0.05625352755976265
dmnelf016,PDA,hz4,O2,0.14951141955622715
dmnelf016,PDA,hz4,F7,0.053486126067596854
dmnelf016,PDA,hz4,F8,0.21454278573274374
dmnelf016,PDA,hz4,T7,-0.1016445066779298
dmnelf016,PDA,hz4,T8,0.14972674411112485
dmnelf016,PDA,hz4,P7,0.07597823128166876
dmnelf016,PDA,hz4,P8,0.09344675090625797
dmnelf016,PDA,hz4,Fz,0.005791273030933923
dmnelf016,PDA,hz4,Cz,0.1308531608959169
dmnelf016,PDA,hz4,Pz,0.0006321324628544183
dmnelf016,PDA,hz4,Oz,0.09964881658700443
dmnelf016,PDA,hz4,FC1,-0.11492785305324307
dmnelf016,PDA,hz4,FC2,-0.04088173429551141
dmnelf016,PDA,hz4,CP1,-0.04000994946461384
dmnelf016,PDA,hz4,CP2,-0.04094450397341511
dmnelf016,PDA,hz4,FC5,0.19202081722264605
dmnelf016,PDA,hz4,FC6,0.07702681419845438
dmnelf016,PDA,hz4,CP5,0.0024749383023259866
dmnelf016,PDA,hz4,CP6,-0.09888357931433263
dmnelf016,PDA,hz4,TP9,-0.008337337092735236
dmnelf016,PDA,hz4,TP10,-0.012860140772773592
dmnelf016,PDA,hz4,POz,0.0006962453329579048
dmnelf1001,PDA,hz4,Fp1,0.06253757378601354
dmnelf1001,PDA,hz4,Fp2,-0.09705938222982168
dmnelf1001,PDA,hz4,F3,0.11767354020800772
dmnelf1001,PDA,hz4,F4,0.03506961562453852
dmnelf1001,PDA,hz4,C3,-0.025433622973416233
dmnelf1001,PDA,hz4,C4,0.016607956494957353
dmnelf1001,PDA,hz4,P3,-0.025051082248393954
dmnelf1001,PDA,hz4,P4,-0.053164574568982555
dmnelf1001,PDA,hz4,O1,0.01732593851163101
dmnelf1001,PDA,hz4,O2,0.09651277062909636
dmnelf1001,PDA,hz4,F7,0.051857991149093355
dmnelf1001,PDA,hz4,F8,0.03812148564242087
dmnelf1001,PDA,hz4,T7,0.18487139762428784
dmnelf1001,PDA,hz4,T8,-0.13443134961544975
dmnelf1001,PDA,hz4,P7,-0.008879348118036924
dmnelf1001,PDA,hz4,P8,-0.03961486036874271
dmnelf1001,PDA,hz4,Fz,0.10971566050320673
dmnelf1001,PDA,hz4,Cz,-0.02138010633639723
dmnelf1001,PDA,hz4,Pz,0.26538237620805055
dmnelf1001,PDA,hz4,Oz,0.007456989984045227
dmnelf1001,PDA,hz4,FC1,0.027938625150394355
dmnelf1001,PDA,hz4,FC2,0.09757465098452407
dmnelf1001,PDA,hz4,CP1,0.0065203480514926665
dmnelf1001,PDA,hz4,CP2,0.07026164279911844
dmnelf1001,PDA,hz4,FC5,0.09759955430312925
dmnelf1001,PDA,hz4,FC6,0.11424253073580373
dmnelf1001,PDA,hz4,CP5,0.07273456225226911
dmnelf1001,PDA,hz4,CP6,-0.039492777670288505
dmnelf1001,PDA,hz4,TP9,0.06380263561394721
dmnelf1001,PDA,hz4,TP10,0.0052361294400306395
dmnelf1001,PDA,hz4,POz,-0.06413313636599371
dmnelf1002,PDA,hz4,Fp1,0.11411563248941803
dmnelf1002,PDA,hz4,Fp2,0.17913534198366587
dmnelf1002,PDA,hz4,F3,-0.015603885378792185
dmnelf1002,PDA,hz4,F4,0.06884070904444091
dmnelf1002,PDA,hz4,C3,0.15828717458822847
dmnelf1002,PDA,hz4,C4,0.2536294251239152
dmnelf1002,PDA,hz4,P3,0.11078633783128836
dmnelf1002,PDA,hz4,P4,0.1193970601288881
dmnelf1002,PDA,hz4,O1,0.09563587809992444
dmnelf1002,PDA,hz4,O2,-0.02105079270334883
dmnelf1002,PDA,hz4,F7,0.2679274593769254
dmnelf1002,PDA,hz4,F8,0.17804710628041215
dmnelf1002,PDA,hz4,T7,0.10723076063465801
dmnelf1002,PDA,hz4,T8,0.1096979008549515
dmnelf1002,PDA,hz4,P7,0.08579198189975999
dmnelf1002,PDA,hz4,P8,0.006853099099692339
dmnelf1002,PDA,hz4,Fz,0.10535809764401848
dmnelf1002,PDA,hz4,Cz,0.16323769800856563
dmnelf1002,PDA,hz4,Pz,-0.008404419867495341
dmnelf1002,PDA,hz4,Oz,0.03952207939175734
dmnelf1002,PDA,hz4,FC1,0.12791768136432477
dmnelf1002,PDA,hz4,FC2,-0.010458456081882965
dmnelf1002,PDA,hz4,CP1,0.19939851861015506
dmnelf1002,PDA,hz4,CP2,0.10563607390943917
dmnelf1002,PDA,hz4,FC5,0.273617114797829
dmnelf1002,PDA,hz4,FC6,0.12659071061590743
dmnelf1002,PDA,hz4,CP5,0.12428183655792957
dmnelf1002,PDA,hz4,CP6,0.18955783192499856
dmnelf1002,PDA,hz4,TP9,0.029736046825917916
dmnelf1002,PDA,hz4,TP10,0.01989613223047512
dmnelf1002,PDA,hz4,POz,0.07510147216242645
dmnelf1003,PDA,hz4,Fp1,0.16038744401490848
dmnelf1003,PDA,hz4,Fp2,0.26429203408522567
dmnelf1003,PDA,hz4,F3,0.08122723193525692
dmnelf1003,PDA,hz4,F4,-0.023192613557320753
dmnelf1003,PDA,hz4,C3,0.3143143138327723
dmnelf1003,PDA,hz4,C4,0.0044150752903910325
dmnelf1003,PDA,hz4,P3,0.23705229772057482
dmnelf1003,PDA,hz4,P4,0.012618648212032
dmnelf1003,PDA,hz4,O1,-0.007353597289107373
dmnelf1003,PDA,hz4,O2,0.022033494969009405
dmnelf1003,PDA,hz4,F7,0.01952787597572531
dmnelf1003,PDA,hz4,F8,0.019508702076326673
dmnelf1003,PDA,hz4,T7,0.008470079050378021
dmnelf1003,PDA,hz4,T8,0.058528921446593093
dmnelf1003,PDA,hz4,P7,0.20357886133162414
dmnelf1003,PDA,hz4,P8,0.06089224873350059
dmnelf1003,PDA,hz4,Fz,-0.11467116954620786
dmnelf1003,PDA,hz4,Cz,0.21214829472200825
dmnelf1003,PDA,hz4,Pz,0.15488032592346598
dmnelf1003,PDA,hz4,Oz,0.033583309416825566
dmnelf1003,PDA,hz4,FC1,0.15120638488019858
dmnelf1003,PDA,hz4,FC2,-0.04563284204966464
dmnelf1003,PDA,hz4,CP1,0.28986471784868023
dmnelf1003,PDA,hz4,CP2,0.1451885984423408
dmnelf1003,PDA,hz4,FC5,0.1143179782618936
dmnelf1003,PDA,hz4,FC6,0.07709965026118817
dmnelf1003,PDA,hz4,CP5,0.2325758153654625
dmnelf1003,PDA,hz4,CP6,-0.04147871419471444
dmnelf1003,PDA,hz4,TP9,-0.11616337772101955
dmnelf1003,PDA,hz4,TP10,-0.153952843047072
dmnelf1003,PDA,hz4,POz,-0.07328207609962639
dmnelf001,GSR_DMN,hz4,Fp1,-0.02637106568351174
dmnelf001,GSR_DMN,hz4,Fp2,-0.09372470830534703
dmnelf001,GSR_DMN,hz4,F3,0.08751455573826916
dmnelf001,GSR_DMN,hz4,F4,-0.013011325677709705
dmnelf001,GSR_DMN,hz4,C3,0.08122725732437354
dmnelf001,GSR_DMN,hz4,C4,-0.050004645070070686
dmnelf001,GSR_DMN,hz4,P3,0.18779232280168728
dmnelf001,GSR_DMN,hz4,P4,0.06051191601144306
dmnelf001,GSR_DMN,hz4,O1,0.25571653092694313
dmnelf001,GSR_DMN,hz4,O2,0.23503252324524954
dmnelf001,GSR_DMN,hz4,F7,0.042584941476855674
dmnelf001,GSR_DMN,hz4,F8,0.010795126190118047
dmnelf001,GSR_DMN,hz4,T7,0.0021581682045841485
dmnelf001,GSR_DMN,hz4,T8,-0.00878040446196515
dmnelf001,GSR_DMN,hz4,P7,0.11974359901991193
dmnelf001,GSR_DMN,hz4,P8,0.03151910338544144
dmnelf001,GSR_DMN,hz4,Fz,0.04984550597881168
dmnelf001,GSR_DMN,hz4,Cz,0.33216098851989956
dmnelf001,GSR_DMN,hz4,Pz,0.36596136117039096
dmnelf001,GSR_DMN,hz4,Oz,0.1293348998418491
dmnelf001,GSR_DMN,hz4,FC1,0.07988103538374237
dmnelf001,GSR_DMN,hz4,FC2,0.17423475174065528
dmnelf001,GSR_DMN,hz4,CP1,0.1733194539820633
dmnelf001,GSR_DMN,hz4,CP2,0.09332568695904088
dmnelf001,GSR_DMN,hz4,FC5,0.024213160557473086
dmnelf001,GSR_DMN,hz4,FC6,-0.0809686091913358
dmnelf001,GSR_DMN,hz4,CP5,-0.027529963047703214
dmnelf001,GSR_DMN,hz4,CP6,0.013795990922055103
dmnelf001,GSR_DMN,hz4,TP9,-0.01259306635012351
dmnelf001,GSR_DMN,hz4,TP10,0.09521948734539105
dmnelf001,GSR_DMN,hz4,POz,0.3110656522903273
dmnelf002,GSR_DMN,hz4,Fp1,0.24460939905588303
dmnelf002,GSR_DMN,hz4,Fp2,0.24911359731719845
dmnelf002,GSR_DMN,hz4,F3,0.14136205042871258
dmnelf002,GSR_DMN,hz4,F4,0.25430186499307456
dmnelf002,GSR_DMN,hz4,C3,0.1506877273340646
dmnelf002,GSR_DMN,hz4,C4,0.19943791146918632
dmnelf002,GSR_DMN,hz4,P3,0.17702845540217282
dmnelf002,GSR_DMN,hz4,P4,0.11372724409923607
dmnelf002,GSR_DMN,hz4,O1,0.3446074525991051
dmnelf002,GSR_DMN,hz4,O2,0.3130495905762616
dmnelf002,GSR_DMN,hz4,F7,0.18846041328497345
dmnelf002,GSR_DMN,hz4,F8,0.24590510249943223
dmnelf002,GSR_DMN,hz4,T7,0.11807503328729155
dmnelf002,GSR_DMN,hz4,T8,0.13810523663273613
dmnelf002,GSR_DMN,hz4,P7,0.24792042665097327
dmnelf002,GSR_DMN,hz4,P8,0.2586582242638475
dmnelf002,GSR_DMN,hz4,Fz,0.21453187702779336
dmnelf002,GSR_DMN,hz4,Cz,0.29434069375895217
dmnelf002,GSR_DMN,hz4,Pz,0.031668604378345164
dmnelf002,GSR_DMN,hz4,Oz,0.37016385946754504
dmnelf002,GSR_DMN,hz4,FC1,0.19011294660096645
dmnelf002,GSR_DMN,hz4,FC2,0.18203983516352543
dmnelf002,GSR_DMN,hz4,CP1,0.13662242105005032
dmnelf002,GSR_DMN,hz4,CP2,0.20213080381367682
dmnelf002,GSR_DMN,hz4,FC5,0.15966855131738325
dmnelf002,GSR_DMN,hz4,FC6,0.21540950866924438
dmnelf002,GSR_DMN,hz4,CP5,0.11341547514154046
dmnelf002,GSR_DMN,hz4,CP6,0.11197238132953385
dmnelf002,GSR_DMN,hz4,TP9,0.14674412436097498
dmnelf002,GSR_DMN,hz4,TP10,0.1794662888944012
dmnelf002,GSR_DMN,hz4,POz,0.30172030990682847
dmnelf003,GSR_DMN,hz4,Fp1,0.02077517387168578
dmnelf003,GSR_DMN,hz4,Fp2,0.09935146506361316
dmnelf003,GSR_DMN,hz4,F3,0.041743444730304245
dmnelf003,GSR_DMN,hz4,F4,0.10283387101397022
dmnelf003,GSR_DMN,hz4,C3,0.10615013522670219
dmnelf003,GSR_DMN,hz4,C4,0.03245419232768369
dmnelf003,GSR_DMN,hz4,P3,-0.08265618853418963
dmnelf003,GSR_DMN,hz4,P4,0.014518491827208126
dmnelf003,GSR_DMN,hz4,O1,-0.0008534927195360429
dmnelf003,GSR_DMN,hz4,O2,0.1206719119738839
dmnelf003,GSR_DMN,hz4,F7,0.09029636235607126
dmnelf003,GSR_DMN,hz4,F8,-0.01596841293942179
dmnelf003,GSR_DMN,hz4,T7,-0.0841982726093692
dmnelf003,GSR_DMN,hz4,T8,-0.11146855990204953
dmnelf003,GSR_DMN,hz4,P7,-0.03712523732736837
dmnelf003,GSR_DMN,hz4,P8,0.11023412107485484
dmnelf003,GSR_DMN,hz4,Fz,0.06670341703575057
dmnelf003,GSR_DMN,hz4,Cz,0.14202656915384806
dmnelf003,GSR_DMN,hz4,Pz,0.015139831023744044
dmnelf003,GSR_DMN,hz4,Oz,0.046030168245332216
dmnelf003,GSR_DMN,hz4,FC1,-0.021246639666913012
dmnelf003,GSR_DMN,hz4,FC2,0.09575340015437275
dmnelf003,GSR_DMN,hz4,CP1,0.051877432991211773
dmnelf003,GSR_DMN,hz4,CP2,-0.11110330603620178
dmnelf003,GSR_DMN,hz4,FC5,0.08290563524594978
dmnelf003,GSR_DMN,hz4,FC6,-0.048829120678666446
dmnelf003,GSR_DMN,hz4,CP5,-0.08199848294027037
dmnelf003,GSR_DMN,hz4,CP6,0.030356003573825566
dmnelf003,GSR_DMN,hz4,TP9,-0.047750414953801064
dmnelf003,GSR_DMN,hz4,TP10,0.14862479990509248
dmnelf003,GSR_DMN,hz4,POz,0.04115713142300836
dmnelf004,GSR_DMN,hz4,Fp1,-0.10082881705438834
dmnelf004,GSR_DMN,hz4,Fp2,-0.17314751582219187
dmnelf004,GSR_DMN,hz4,F3,-0.09037347977137944
dmnelf004,GSR_DMN,hz4,F4,-0.07971681236536693
dmnelf004,GSR_DMN,hz4,C3,-0.14346442225323114
dmnelf004,GSR_DMN,hz4,C4,0.12135128169066847
dmnelf004,GSR_DMN,hz4,P3,-0.22303437869516102
dmnelf004,GSR_DMN,hz4,P4,-0.04662004416894577
dmnelf004,GSR_DMN,hz4,O1,-0.02888966755266272
dmnelf004,GSR_DMN,hz4,O2,-0.13107074363656424
dmnelf004,GSR_DMN,hz4,F7,-0.11489144633990112
dmnelf004,GSR_DMN,hz4,F8,-0.2566301342517296
dmnelf004,GSR_DMN,hz4,T7,-0.12710030510634068
dmnelf004,GSR_DMN,hz4,T8,0.04254809961428925
dmnelf004,GSR_DMN,hz4,P7,-0.040975170457249216
dmnelf004,GSR_DMN,hz4,P8,-0.0152134330615744
dmnelf004,GSR_DMN,hz4,Fz,0.06457319760435562
dmnelf004,GSR_DMN,hz4,Cz,0.4559694120545728
dmnelf004,GSR_DMN,hz4,Pz,0.1222437083599583
dmnelf004,GSR_DMN,hz4,Oz,0.0942924312379361
dmnelf004,GSR_DMN,hz4,FC1,0.0927384998393903
dmnelf004,GSR_DMN,hz4,FC2,0.14682218779113856
dmnelf004,GSR_DMN,hz4,CP1,-0.0723651640683823
dmnelf004,GSR_DMN,hz4,CP2,0.15057965748522972
dmnelf004,GSR_DMN,hz4,FC5,0.1104842486962762
dmnelf004,GSR_DMN,hz4,FC6,0.007930343872229321
dmnelf004,GSR_DMN,hz4,CP5,0.10367059199377977
dmnelf004,GSR_DMN,hz4,CP6,0.014086537236325651
dmnelf004,GSR_DMN,hz4,TP9,-0.2890925789219656
dmnelf004,GSR_DMN,hz4,TP10,0.10105921370902447
dmnelf004,GSR_DMN,hz4,POz,0.06780534491708302
dmnelf005,GSR_DMN,hz4,Fp1,0.13389531416077585
dmnelf005,GSR_DMN,hz4,Fp2,0.11568865806960911
dmnelf005,GSR_DMN,hz4,F3,0.11536865642333571
dmnelf005,GSR_DMN,hz4,F4,0.10798866204447907
dmnelf005,GSR_DMN,hz4,C3,0.17928455438596677
dmnelf005,GSR_DMN,hz4,C4,0.12815290997309264
dmnelf005,GSR_DMN,hz4,P3,0.17438482872542974
dmnelf005,GSR_DMN,hz4,P4,0.31004177115446074
dmnelf005,GSR_DMN,hz4,O1,0.16447480015951743
dmnelf005,GSR_DMN,hz4,O2,0.1594286088143149
dmnelf005,GSR_DMN,hz4,F7,0.1385149819139543
dmnelf005,GSR_DMN,hz4,F8,0.1096209482733216
dmnelf005,GSR_DMN,hz4,T7,0.08119385040720753
dmnelf005,GSR_DMN,hz4,T8,0.12732787800590303
dmnelf005,GSR_DMN,hz4,P7,0.2279681968847925
dmnelf005,GSR_DMN,hz4,P8,0.24088701852208136
dmnelf005,GSR_DMN,hz4,Fz,0.18280705486949592
dmnelf005,GSR_DMN,hz4,Cz,0.1571711380498401
dmnelf005,GSR_DMN,hz4,Pz,0.11111213026466941
dmnelf005,GSR_DMN,hz4,Oz,0.1513566411298621
dmnelf005,GSR_DMN,hz4,FC1,0.209951123118033
dmnelf005,GSR_DMN,hz4,FC2,0.230421429162091
dmnelf005,GSR_DMN,hz4,CP1,0.19570904354213184
dmnelf005,GSR_DMN,hz4,CP2,0.13046466872412418
dmnelf005,GSR_DMN,hz4,FC5,0.1048361170304458
dmnelf005,GSR_DMN,hz4,FC6,0.16301966513190272
dmnelf005,GSR_DMN,hz4,CP5,0.1364903375468035
dmnelf005,GSR_DMN,hz4,CP6,0.21228419835081971
dmnelf005,GSR_DMN,hz4,TP9,0.16578545121201263
dmnelf005,GSR_DMN,hz4,TP10,0.23116339897049426
dmnelf005,GSR_DMN,hz4,POz,0.24518432511523866
dmnelf006,GSR_DMN,hz4,Fp1,-0.03365790359135948
dmnelf006,GSR_DMN,hz4,Fp2,0.10096507940164257
dmnelf006,GSR_DMN,hz4,F3,0.007748417535499428
dmnelf006,GSR_DMN,hz4,F4,0.08939039045430364
dmnelf006,GSR_DMN,hz4,C3,-0.07548707850404718
dmnelf006,GSR_DMN,hz4,C4,-0.1231829028931559
dmnelf006,GSR_DMN,hz4,P3,0.051909939261978344
dmnelf006,GSR_DMN,hz4,P4,0.07888447386197198
dmnelf006,GSR_DMN,hz4,O1,0.3545544374997443
dmnelf006,GSR_DMN,hz4,O2,0.3008985265160151
dmnelf006,GSR_DMN,hz4,F7,0.16705514898478283
dmnelf006,GSR_DMN,hz4,F8,-0.01302018984874663
dmnelf006,GSR_DMN,hz4,T7,0.12565135322344734
dmnelf006,GSR_DMN,hz4,T8,0.12532236833733007
dmnelf006,GSR_DMN,hz4,P7,0.2627797938575709
dmnelf006,GSR_DMN,hz4,P8,-0.015190993178164922
dmnelf006,GSR_DMN,hz4,Fz,0.034709216794987424
dmnelf006,GSR_DMN,hz4,Cz,0.0679005439334857
dmnelf006,GSR_DMN,hz4,Pz,-0.023397137988740095
dmnelf006,GSR_DMN,hz4,Oz,0.2318637390499489
dmnelf006,GSR_DMN,hz4,FC1,0.006778266407145023
dmnelf006,GSR_DMN,hz4,FC2,-0.011484006399520139
dmnelf006,GSR_DMN,hz4,CP1,-0.02155777226115382
dmnelf006,GSR_DMN,hz4,CP2,-0.02794871446232733
dmnelf006,GSR_DMN,hz4,FC5,-0.030011713607379236
dmnelf006,GSR_DMN,hz4,FC6,0.00916523597897118
dmnelf006,GSR_DMN,hz4,CP5,0.0408871623063798
dmnelf006,GSR_DMN,hz4,CP6,-0.06405796736415578
dmnelf006,GSR_DMN,hz4,TP9,0.17268059986033543
dmnelf006,GSR_DMN,hz4,TP10,0.0774069796387194
dmnelf006,GSR_DMN,hz4,POz,-0.1068395906075241
dmnelf007,GSR_DMN,hz4,Fp1,0.14814559830679205
dmnelf007,GSR_DMN,hz4,Fp2,0.009646882830475444
dmnelf007,GSR_DMN,hz4,F3,-0.19187286722031893
dmnelf007,GSR_DMN,hz4,F4,0.03487862540006957
dmnelf007,GSR_DMN,hz4,C3,0.013988842307719145
dmnelf007,GSR_DMN,hz4,C4,-0.20633095189769274
dmnelf007,GSR_DMN,hz4,P3,-0.01351140943032434
dmnelf007,GSR_DMN,hz4,P4,0.07998704449523232
dmnelf007,GSR_DMN,hz4,O1,0.08200560680813282
dmnelf007,GSR_DMN,hz4,O2,0.02919832786333827
dmnelf007,GSR_DMN,hz4,F7,-0.2216583946080185
dmnelf007,GSR_DMN,hz4,F8,0.12595024536479948
dmnelf007,GSR_DMN,hz4,T7,-0.05406380121333098
dmnelf007,GSR_DMN,hz4,T8,0.050952217026071896
dmnelf007,GSR_DMN,hz4,P7,-0.0009065646615676385
dmnelf007,GSR_DMN,hz4,P8,0.012163487976814711
dmnelf007,GSR_DMN,hz4,Fz,0.13565710092253955
dmnelf007,GSR_DMN,hz4,Cz,0.07669191094262855
dmnelf007,GSR_DMN,hz4,Pz,-0.056824610432158244
dmnelf007,GSR_DMN,hz4,Oz,0.09411795705687862
dmnelf007,GSR_DMN,hz4,FC1,0.06181528603814675
dmnelf007,GSR_DMN,hz4,FC2,0.08438803787459306
dmnelf007,GSR_DMN,hz4,CP1,0.08798604154434311
dmnelf007,GSR_DMN,hz4,CP2,-0.18232122155581748
dmnelf007,GSR_DMN,hz4,FC5,-0.22005694211247803
dmnelf007,GSR_DMN,hz4,FC6,0.049522489645605405
dmnelf007,GSR_DMN,hz4,CP5,-0.12412413676436365
dmnelf007,GSR_DMN,hz4,CP6,-0.037704638263236306
dmnelf007,GSR_DMN,hz4,TP9,-0.01201054344667565
dmnelf007,GSR_DMN,hz4,TP10,-0.01479530065145827
dmnelf007,GSR_DMN,hz4,POz,0.03668050248155375
dmnelf008,GSR_DMN,hz4,Fp1,0.1346401463275527
dmnelf008,GSR_DMN,hz4,Fp2,0.036307924030655546
dmnelf008,GSR_DMN,hz4,F3,0.20555932095236293
dmnelf008,GSR_DMN,hz4,F4,0.07497725556650649
dmnelf008,GSR_DMN,hz4,C3,-0.006935518101949726
dmnelf008,GSR_DMN,hz4,C4,-0.10617740741623616
dmnelf008,GSR_DMN,hz4,P3,0.01967452828306864
dmnelf008,GSR_DMN,hz4,P4,0.1840596594721761
dmnelf008,GSR_DMN,hz4,O1,0.12984195186137665
dmnelf008,GSR_DMN,hz4,O2,0.20539438744408214
dmnelf008,GSR_DMN,hz4,F7,0.17534908933317292
dmnelf008,GSR_DMN,hz4,F8,-0.003537342135812185
dmnelf008,GSR_DMN,hz4,T7,-0.02594317178482891
dmnelf008,GSR_DMN,hz4,T8,0.03237827782035703
dmnelf008,GSR_DMN,hz4,P7,-0.07521000922268788
dmnelf008,GSR_DMN,hz4,P8,0.12622022968258598
dmnelf008,GSR_DMN,hz4,Fz,-0.01626197736126906
dmnelf008,GSR_DMN,hz4,Cz,-0.024472555860509546
dmnelf008,GSR_DMN,hz4,Pz,0.07409635524109212
dmnelf008,GSR_DMN,hz4,Oz,0.11588973662027195
dmnelf008,GSR_DMN,hz4,FC1,-0.0052053801796464625
dmnelf008,GSR_DMN,hz4,FC2,-0.001264739635887766
dmnelf008,GSR_DMN,hz4,CP1,0.01514433212080958
dmnelf008,GSR_DMN,hz4,CP2,-0.043576215614459964
dmnelf008,GSR_DMN,hz4,FC5,0.18600568666205522
dmnelf008,GSR_DMN,hz4,FC6,0.04612943203551384
dmnelf008,GSR_DMN,hz4,CP5,0.055890256464233075
dmnelf008,GSR_DMN,hz4,CP6,0.10005608294886809
dmnelf008,GSR_DMN,hz4,TP9,0.10928932938346853
dmnelf008,GSR_DMN,hz4,TP10,0.08187067824218676
dmnelf008,GSR_DMN,hz4,POz,0.09013356067771039
dmnelf009,GSR_DMN,hz4,Fp1,-0.04577533460091149
dmnelf009,GSR_DMN,hz4,Fp2,-0.18509105193179667
dmnelf009,GSR_DMN,hz4,F3,0.0443727496106416
dmnelf009,GSR_DMN,hz4,F4,-0.18192560805191157
dmnelf009,GSR_DMN,hz4,C3,0.03508190487974088
dmnelf009,GSR_DMN,hz4,C4,0.054723758168047074
dmnelf009,GSR_DMN,hz4,P3,-0.05921889120832227
dmnelf009,GSR_DMN,hz4,P4,0.06006813225918409
dmnelf009,GSR_DMN,hz4,O1,-0.0777064718637552
dmnelf009,GSR_DMN,hz4,O2,0.052951103904465086
dmnelf009,GSR_DMN,hz4,F7,0.2152692955152817
dmnelf009,GSR_DMN,hz4,F8,-0.03888159346034667
dmnelf009,GSR_DMN,hz4,T7,0.04774166176174482
dmnelf009,GSR_DMN,hz4,T8,0.05179590190795652
dmnelf009,GSR_DMN,hz4,P7,-0.022388538359388987
dmnelf009,GSR_DMN,hz4,P8,0.08849985645423061
dmnelf009,GSR_DMN,hz4,Fz,-0.1358013906087479
dmnelf009,GSR_DMN,hz4,Cz,0.2645840748547126
dmnelf009,GSR_DMN,hz4,Pz,0.07744432281933354
dmnelf009,GSR_DMN,hz4,Oz,-0.08482607311953805
dmnelf009,GSR_DMN,hz4,FC1,0.011104685814498631
dmnelf009,GSR_DMN,hz4,FC2,-0.0457982453733184
dmnelf009,GSR_DMN,hz4,CP1,0.06625932396878541
dmnelf009,GSR_DMN,hz4,CP2,0.16538411036245376
dmnelf009,GSR_DMN,hz4,FC5,0.11371562098543449
dmnelf009,GSR_DMN,hz4,FC6,-0.09913127625105382
dmnelf009,GSR_DMN,hz4,CP5,0.022937276860255474
dmnelf009,GSR_DMN,hz4,CP6,0.138067123622634
dmnelf009,GSR_DMN,hz4,TP9,0.03466808087607495
dmnelf009,GSR_DMN,hz4,TP10,0.15339824751143202
dmnelf009,GSR_DMN,hz4,POz,0.057998423492994694
dmnelf010,GSR_DMN,hz4,Fp1,0.2576272128303666
dmnelf010,GSR_DMN,hz4,Fp2,0.16325444024134958
dmnelf010,GSR_DMN,hz4,F3,0.21834508435007421
dmnelf010,GSR_DMN,hz4,F4,0.3101966017322471
dmnelf010,GSR_DMN,hz4,C3,0.3033864302871263
dmnelf010,GSR_DMN,hz4,C4,0.14453737403140074
dmnelf010,GSR_DMN,hz4,P3,0.34531640771707395
dmnelf010,GSR_DMN,hz4,P4,0.33556913815743117
dmnelf010,GSR_DMN,hz4,O1,0.20724268344970903
dmnelf010,GSR_DMN,hz4,O2,0.1220859390080774
dmnelf010,GSR_DMN,hz4,F7,0.2743372653529423
dmnelf010,GSR_DMN,hz4,F8,0.23021535050607658
dmnelf010,GSR_DMN,hz4,T7,0.24015931010466288
dmnelf010,GSR_DMN,hz4,T8,0.14152129576307593
dmnelf010,GSR_DMN,hz4,P7,0.24607448561994333
dmnelf010,GSR_DMN,hz4,P8,0.2693731110587681
dmnelf010,GSR_DMN,hz4,Fz,0.2595993254412539
dmnelf010,GSR_DMN,hz4,Cz,0.3174227161421917
dmnelf010,GSR_DMN,hz4,Pz,0.21593615674871883
dmnelf010,GSR_DMN,hz4,Oz,0.15310102565659037
dmnelf010,GSR_DMN,hz4,FC1,0.4104380036297448
dmnelf010,GSR_DMN,hz4,FC2,0.26386363430600135
dmnelf010,GSR_DMN,hz4,CP1,0.34293599127364516
dmnelf010,GSR_DMN,hz4,CP2,0.08231136470152887
dmnelf010,GSR_DMN,hz4,FC5,0.33070575646838035
dmnelf010,GSR_DMN,hz4,FC6,0.17142005409609165
dmnelf010,GSR_DMN,hz4,CP5,0.33144510980034925
dmnelf010,GSR_DMN,hz4,CP6,0.3046334359786504
dmnelf010,GSR_DMN,hz4,TP9,0.26713517683430354
dmnelf010,GSR_DMN,hz4,TP10,0.2487276178430953
dmnelf010,GSR_DMN,hz4,POz,0.09666486441419334
dmnelf011,GSR_DMN,hz4,Fp1,0.11113714141328891
dmnelf011,GSR_DMN,hz4,Fp2,0.01609302954931462
dmnelf011,GSR_DMN,hz4,F3,0.018857705272042655
dmnelf011,GSR_DMN,hz4,F4,-0.03670062161461527
dmnelf011,GSR_DMN,hz4,C3,-0.0022138432492122767
dmnelf011,GSR_DMN,hz4,C4,-0.010835852177688256
dmnelf011,GSR_DMN,hz4,P3,-0.01133530175191177
dmnelf011,GSR_DMN,hz4,P4,0.16324978174282187
dmnelf011,GSR_DMN,hz4,O1,0.07047252702229634
dmnelf011,GSR_DMN,hz4,O2,0.2118828737446533
dmnelf011,GSR_DMN,hz4,F7,0.05987960971450839
dmnelf011,GSR_DMN,hz4,F8,-0.04786222131637467
dmnelf011,GSR_DMN,hz4,T7,-0.03723839489102078
dmnelf011,GSR_DMN,hz4,T8,0.0001307141584755735
dmnelf011,GSR_DMN,hz4,P7,-0.060249109902214625
dmnelf011,GSR_DMN,hz4,P8,0.13070327827794687
dmnelf011,GSR_DMN,hz4,Fz,0.004321871465248782
dmnelf011,GSR_DMN,hz4,Cz,0.06748771288634003
dmnelf011,GSR_DMN,hz4,Pz,0.09631849447157939
dmnelf011,GSR_DMN,hz4,Oz,0.1717214046275962
dmnelf011,GSR_DMN,hz4,FC1,0.13873262796119581
dmnelf011,GSR_DMN,hz4,FC2,-0.0724884100175684
dmnelf011,GSR_DMN,hz4,CP1,0.08919318364291928
dmnelf011,GSR_DMN,hz4,CP2,0.013709547924969095
dmnelf011,GSR_DMN,hz4,FC5,0.0062809453044877835
dmnelf011,GSR_DMN,hz4,FC6,-0.06309897009108018
dmnelf011,GSR_DMN,hz4,CP5,-0.026003091996893532
dmnelf011,GSR_DMN,hz4,CP6,0.1640306886159598
dmnelf011,GSR_DMN,hz4,TP9,-0.06821581963470452
dmnelf011,GSR_DMN,hz4,TP10,0.05414225970527657
dmnelf011,GSR_DMN,hz4,POz,0.20740990739429405
dmnelf012,GSR_DMN,hz4,Fp1,0.0704857939844881
dmnelf012,GSR_DMN,hz4,Fp2,0.06002636526504925
dmnelf012,GSR_DMN,hz4,F3,0.0569729262094997
dmnelf012,GSR_DMN,hz4,F4,-0.012550585695512179
dmnelf012,GSR_DMN,hz4,C3,-0.015362699574839371
dmnelf012,GSR_DMN,hz4,C4,0.08372077123094618
dmnelf012,GSR_DMN,hz4,P3,-0.026022398973073443
dmnelf012,GSR_DMN,hz4,P4,-0.03309548683369157
dmnelf012,GSR_DMN,hz4,O1,0.16610976261331376
dmnelf012,GSR_DMN,hz4,O2,0.01360576400190786
dmnelf012,GSR_DMN,hz4,F7,0.026631263626376953
dmnelf012,GSR_DMN,hz4,F8,0.05084523801243662
dmnelf012,GSR_DMN,hz4,T7,-0.012197932916976267
dmnelf012,GSR_DMN,hz4,T8,0.1176158773430406
dmnelf012,GSR_DMN,hz4,P7,0.0923078612070587
dmnelf012,GSR_DMN,hz4,P8,0.056433494471930246
dmnelf012,GSR_DMN,hz4,Fz,0.03150045087277884
dmnelf012,GSR_DMN,hz4,Cz,0.11277887692331807
dmnelf012,GSR_DMN,hz4,Pz,-0.09222492170577803
dmnelf012,GSR_DMN,hz4,Oz,0.027385392936714575
dmnelf012,GSR_DMN,hz4,FC1,-0.07844375872866831
dmnelf012,GSR_DMN,hz4,FC2,0.15372166182410368
dmnelf012,GSR_DMN,hz4,CP1,0.04064416863842298
dmnelf012,GSR_DMN,hz4,CP2,-0.08176248302811469
dmnelf012,GSR_DMN,hz4,FC5,0.01453175318739363
dmnelf012,GSR_DMN,hz4,FC6,0.00582453035492408
dmnelf012,GSR_DMN,hz4,CP5,0.05444161842461559
dmnelf012,GSR_DMN,hz4,CP6,0.03340532275165824
dmnelf012,GSR_DMN,hz4,TP9,0.08819577733281647
dmnelf012,GSR_DMN,hz4,TP10,0.05462831176025544
dmnelf012,GSR_DMN,hz4,POz,-0.07795610460301677
dmnelf013,GSR_DMN,hz4,Fp1,-0.14781837020173985
dmnelf013,GSR_DMN,hz4,Fp2,-0.17801367306186405
dmnelf013,GSR_DMN,hz4,F3,-0.10610244798894121
dmnelf013,GSR_DMN,hz4,F4,-0.051982193620518806
dmnelf013,GSR_DMN,hz4,C3,0.02977256546324621
dmnelf013,GSR_DMN,hz4,C4,-0.1480853595698848
dmnelf013,GSR_DMN,hz4,P3,-0.09922605781923566
dmnelf013,GSR_DMN,hz4,P4,-0.014366716606336158
dmnelf013,GSR_DMN,hz4,O1,0.0077552863611491255
dmnelf013,GSR_DMN,hz4,O2,-0.11018382232142507
dmnelf013,GSR_DMN,hz4,F7,-0.08773364497103252
dmnelf013,GSR_DMN,hz4,F8,-0.08320478080902899
dmnelf013,GSR_DMN,hz4,T7,-0.03120612784263939
dmnelf013,GSR_DMN,hz4,T8,-0.01907301503647927
dmnelf013,GSR_DMN,hz4,P7,-0.0848735215665644
dmnelf013,GSR_DMN,hz4,P8,0.028183024824143175
dmnelf013,GSR_DMN,hz4,Fz,-0.14420580364624164
dmnelf013,GSR_DMN,hz4,Cz,0.09082565209886488
dmnelf013,GSR_DMN,hz4,Pz,-0.20587529600799045
dmnelf013,GSR_DMN,hz4,Oz,-0.047031133865776405
dmnelf013,GSR_DMN,hz4,FC1,-0.02499835744283115
dmnelf013,GSR_DMN,hz4,FC2,-0.15818656846563703
dmnelf013,GSR_DMN,hz4,CP1,-0.11017404531295356
dmnelf013,GSR_DMN,hz4,CP2,0.011144241772462964
dmnelf013,GSR_DMN,hz4,FC5,0.13835732617596863
dmnelf013,GSR_DMN,hz4,FC6,-0.023011737117508112
dmnelf013,GSR_DMN,hz4,CP5,-0.024941538173694933
dmnelf013,GSR_DMN,hz4,CP6,-0.09587864166044623
dmnelf013,GSR_DMN,hz4,TP9,-0.04500141667722285
dmnelf013,GSR_DMN,hz4,TP10,0.10282674942857299
dmnelf013,GSR_DMN,hz4,POz,0.029371083535271077
dmnelf014,GSR_DMN,hz4,Fp1,0.43155961003580323
dmnelf014,GSR_DMN,hz4,Fp2,0.2793779695167362
dmnelf014,GSR_DMN,hz4,F3,0.3452677835834525
dmnelf014,GSR_DMN,hz4,F4,0.3426288326269043
dmnelf014,GSR_DMN,hz4,C3,0.2522791393453677
dmnelf014,GSR_DMN,hz4,C4,0.31856773537304717
dmnelf014,GSR_DMN,hz4,P3,0.25805681993697266
dmnelf014,GSR_DMN,hz4,P4,0.29602733989093555
dmnelf014,GSR_DMN,hz4,O1,0.36359276393082784
dmnelf014,GSR_DMN,hz4,O2,0.3136135530294722
dmnelf014,GSR_DMN,hz4,F7,0.34771245388101774
dmnelf014,GSR_DMN,hz4,F8,0.361787293006734
dmnelf014,GSR_DMN,hz4,T7,0.06737629433903033
dmnelf014,GSR_DMN,hz4,T8,0.31577943521171986
dmnelf014,GSR_DMN,hz4,P7,0.27485137393040004
dmnelf014,GSR_DMN,hz4,P8,0.37162857888571715
dmnelf014,GSR_DMN,hz4,Fz,0.17068231656500185
dmnelf014,GSR_DMN,hz4,Cz,0.2144312215460695
dmnelf014,GSR_DMN,hz4,Pz,0.16130700208441312
dmnelf014,GSR_DMN,hz4,Oz,0.40561871154693807
dmnelf014,GSR_DMN,hz4,FC1,0.2332485401330349
dmnelf014,GSR_DMN,hz4,FC2,0.20795637923373916
dmnelf014,GSR_DMN,hz4,CP1,0.3865868011631566
dmnelf014,GSR_DMN,hz4,CP2,0.4097496284612394
dmnelf014,GSR_DMN,hz4,FC5,0.3631430575220743
dmnelf014,GSR_DMN,hz4,FC6,0.28078936261898496
dmnelf014,GSR_DMN,hz4,CP5,0.21153513106858676
dmnelf014,GSR_DMN,hz4,CP6,0.26936827687688186
dmnelf014,GSR_DMN,hz4,TP9,0.38070016827765135
dmnelf014,GSR_DMN,hz4,TP10,0.24024213628960528
dmnelf014,GSR_DMN,hz4,POz,0.4409784708969743
dmnelf015,GSR_DMN,hz4,Fp1,0.21540743723610092
dmnelf015,GSR_DMN,hz4,Fp2,0.08663652038481173
dmnelf015,GSR_DMN,hz4,F3,0.03666509137100966
dmnelf015,GSR_DMN,hz4,F4,0.13543759274409398
dmnelf015,GSR_DMN,hz4,C3,-0.03720608065508013
dmnelf015,GSR_DMN,hz4,C4,-0.0001886838723667024
dmnelf015,GSR_DMN,hz4,P3,0.20980822415961015
dmnelf015,GSR_DMN,hz4,P4,0.32939056940978984
dmnelf015,GSR_DMN,hz4,O1,0.2908315283866953
dmnelf015,GSR_DMN,hz4,O2,0.33234690582376786
dmnelf015,GSR_DMN,hz4,F7,0.1562767950370669
dmnelf015,GSR_DMN,hz4,F8,0.23786541940499056
dmnelf015,GSR_DMN,hz4,T7,0.1923031929043752
dmnelf015,GSR_DMN,hz4,T8,0.23028334958829835
dmnelf015,GSR_DMN,hz4,P7,0.4115582956151387
dmnelf015,GSR_DMN,hz4,P8,0.20745017494040324
dmnelf015,GSR_DMN,hz4,Fz,0.12055202312628437
dmnelf015,GSR_DMN,hz4,Cz,0.3131893764948415
dmnelf015,GSR_DMN,hz4,Pz,0.3564343842861206
dmnelf015,GSR_DMN,hz4,Oz,0.30865703096723374
dmnelf015,GSR_DMN,hz4,FC1,0.26164557851946957
dmnelf015,GSR_DMN,hz4,FC2,0.1847459693933225
dmnelf015,GSR_DMN,hz4,CP1,0.28353741303365865
dmnelf015,GSR_DMN,hz4,CP2,0.29000009302551594
dmnelf015,GSR_DMN,hz4,FC5,0.24499595984198155
dmnelf015,GSR_DMN,hz4,FC6,0.23011095216116764
dmnelf015,GSR_DMN,hz4,CP5,0.14624063774482526
dmnelf015,GSR_DMN,hz4,CP6,0.26966625508083936
dmnelf015,GSR_DMN,hz4,TP9,0.21810113979538176
dmnelf015,GSR_DMN,hz4,TP10,0.2549439726983506
dmnelf015,GSR_DMN,hz4,POz,0.22611733904606784
dmnelf016,GSR_DMN,hz4,Fp1,0.028133680286478533
dmnelf016,GSR_DMN,hz4,Fp2,-0.001711357365110362
dmnelf016,GSR_DMN,hz4,F3,0.027586719269491224
dmnelf016,GSR_DMN,hz4,F4,-0.03126081687369434
dmnelf016,GSR_DMN,hz4,C3,0.06271924110669015
dmnelf016,GSR_DMN,hz4,C4,0.033920174142489656
dmnelf016,GSR_DMN,hz4,P3,0.0301441303755077
dmnelf016,GSR_DMN,hz4,P4,-0.018168892034651832
dmnelf016,GSR_DMN,hz4,O1,0.10089322779866224
dmnelf016,GSR_DMN,hz4,O2,0.0911360125554292
dmnelf016,GSR_DMN,hz4,F7,-0.0988511647911354
dmnelf016,GSR_DMN,hz4,F8,0.01590594554395039
dmnelf016,GSR_DMN,hz4,T7,-0.08757022322781903
dmnelf016,GSR_DMN,hz4,T8,0.0637669956107332
dmnelf016,GSR_DMN,hz4,P7,0.13140851479680843
dmnelf016,GSR_DMN,hz4,P8,0.023749155640387983
dmnelf016,GSR_DMN,hz4,Fz,-0.08820556914357984
dmnelf016,GSR_DMN,hz4,Cz,0.04594745965968071
dmnelf016,GSR_DMN,hz4,Pz,-0.056308944712083496
dmnelf016,GSR_DMN,hz4,Oz,-0.027855085828155955
dmnelf016,GSR_DMN,hz4,FC1,-0.0035247898957823658
dmnelf016,GSR_DMN,hz4,FC2,-0.034562259809912184
dmnelf016,GSR_DMN,hz4,CP1,0.06601585883142942
dmnelf016,GSR_DMN,hz4,CP2,-0.06406748878696945
dmnelf016,GSR_DMN,hz4,FC5,0.13978515835140282
dmnelf016,GSR_DMN,hz4,FC6,-0.01384343725212735
dmnelf016,GSR_DMN,hz4,CP5,-0.09878390499668926
dmnelf016,GSR_DMN,hz4,CP6,-0.024628473537296136
dmnelf016,GSR_DMN,hz4,TP9,0.027021010366778807
dmnelf016,GSR_DMN,hz4,TP10,-0.1171384485516918
dmnelf016,GSR_DMN,hz4,POz,-0.031053209500872127
dmnelf1001,GSR_DMN,hz4,Fp1,-0.12576938314496605
dmnelf1001,GSR_DMN,hz4,Fp2,-0.07605759961972157
dmnelf1001,GSR_DMN,hz4,F3,0.01767693969398356
dmnelf1001,GSR_DMN,hz4,F4,-0.20193691182020984
dmnelf1001,GSR_DMN,hz4,C3,0.08703089197269682
dmnelf1001,GSR_DMN,hz4,C4,-0.0675110548153779
dmnelf1001,GSR_DMN,hz4,P3,-0.0682106695963179
dmnelf1001,GSR_DMN,hz4,P4,-0.031649635507160157
dmnelf1001,GSR_DMN,hz4,O1,-0.026141723835820824
dmnelf1001,GSR_DMN,hz4,O2,-0.08261813638598893
dmnelf1001,GSR_DMN,hz4,F7,0.033164026776808436
dmnelf1001,GSR_DMN,hz4,F8,-0.11600395304605177
dmnelf1001,GSR_DMN,hz4,T7,-0.16241994316614744
dmnelf1001,GSR_DMN,hz4,T8,-0.04056254541007541
dmnelf1001,GSR_DMN,hz4,P7,-0.2200446738752863
dmnelf1001,GSR_DMN,hz4,P8,0.16017158508677584
dmnelf1001,GSR_DMN,hz4,Fz,-0.02563973023017801
dmnelf1001,GSR_DMN,hz4,Cz,-0.013835623554896986
dmnelf1001,GSR_DMN,hz4,Pz,-0.03752818674260328
dmnelf1001,GSR_DMN,hz4,Oz,-0.04632899855134868
dmnelf1001,GSR_DMN,hz4,FC1,-0.12162160551993074
dmnelf1001,GSR_DMN,hz4,FC2,-0.020340616390616392
dmnelf1001,GSR_DMN,hz4,CP1,-0.013326776151571044
dmnelf1001,GSR_DMN,hz4,CP2,0.046297707178747746
dmnelf1001,GSR_DMN,hz4,FC5,0.03284638646422735
dmnelf1001,GSR_DMN,hz4,FC6,-0.1862520717280176
dmnelf1001,GSR_DMN,hz4,CP5,-0.18605697254088777
dmnelf1001,GSR_DMN,hz4,CP6,0.07995793674382719
dmnelf1001,GSR_DMN,hz4,TP9,-0.027584194142224742
dmnelf1001,GSR_DMN,hz4,TP10,-0.08581913852017922
dmnelf1001,GSR_DMN,hz4,POz,0.06872412436425888
dmnelf1002,GSR_DMN,hz4,Fp1,0.0685980231920649
dmnelf1002,GSR_DMN,hz4,Fp2,0.11260706647129144
dmnelf1002,GSR_DMN,hz4,F3,0.12959792627032654
dmnelf1002,GSR_DMN,hz4,F4,0.2862903255281509
dmnelf1002,GSR_DMN,hz4,C3,0.0026218914119956666
dmnelf1002,GSR_DMN,hz4,C4,0.19070654998961242
dmnelf1002,GSR_DMN,hz4,P3,0.1690515422067925
dmnelf1002,GSR_DMN,hz4,P4,0.10422433738341402
dmnelf1002,GSR_DMN,hz4,O1,0.1039206408425732
dmnelf1002,GSR_DMN,hz4,O2,0.21402557042959913
dmnelf1002,GSR_DMN,hz4,F7,0.0655568065640264
dmnelf1002,GSR_DMN,hz4,F8,0.2208753654451586
dmnelf1002,GSR_DMN,hz4,T7,0.1349021460808888
dmnelf1002,GSR_DMN,hz4,T8,0.20470566921223096
dmnelf1002,GSR_DMN,hz4,P7,0.16275320240023922
dmnelf1002,GSR_DMN,hz4,P8,0.15829243333826726
dmnelf1002,GSR_DMN,hz4,Fz,0.2126606130541771
dmnelf1002,GSR_DMN,hz4,Cz,0.1044278485659444
dmnelf1002,GSR_DMN,hz4,Pz,0.19758019150307177
dmnelf1002,GSR_DMN,hz4,Oz,0.2001529489683083
dmnelf1002,GSR_DMN,hz4,FC1,0.12859870098718423
dmnelf1002,GSR_DMN,hz4,FC2,0.25586693589073845
dmnelf1002,GSR_DMN,hz4,CP1,0.19618505496171101
dmnelf1002,GSR_DMN,hz4,CP2,0.25048391889329297
dmnelf1002,GSR_DMN,hz4,FC5,0.2191709508071957
dmnelf1002,GSR_DMN,hz4,FC6,0.22241207725051676
dmnelf1002,GSR_DMN,hz4,CP5,0.2683003943115366
dmnelf1002,GSR_DMN,hz4,CP6,0.20804914658248638
dmnelf1002,GSR_DMN,hz4,TP9,0.2820583307332207
dmnelf1002,GSR_DMN,hz4,TP10,0.20765210403570858
dmnelf1002,GSR_DMN,hz4,POz,0.1404296576294836
dmnelf1003,GSR_DMN,hz4,Fp1,0.12347063125961309
dmnelf1003,GSR_DMN,hz4,Fp2,0.2477023727065749
dmnelf1003,GSR_DMN,hz4,F3,0.15756501916798427
dmnelf1003,GSR_DMN,hz4,F4,0.14192798704296258
dmnelf1003,GSR_DMN,hz4,C3,0.11434823421575384
dmnelf1003,GSR_DMN,hz4,C4,0.22122784816861324
dmnelf1003,GSR_DMN,hz4,P3,-0.028339761687743607
dmnelf1003,GSR_DMN,hz4,P4,0.05519357857495746
dmnelf1003,GSR_DMN,hz4,O1,0.19942801026080825
dmnelf1003,GSR_DMN,hz4,O2,0.07960273369801626
dmnelf1003,GSR_DMN,hz4,F7,0.238509393808059
dmnelf1003,GSR_DMN,hz4,F8,0.08003050356843973
dmnelf1003,GSR_DMN,hz4,T7,-0.10138261791973294
dmnelf1003,GSR_DMN,hz4,T8,0.0866697767937811
dmnelf1003,GSR_DMN,hz4,P7,-0.23017817696941245
dmnelf1003,GSR_DMN,hz4,P8,-0.14835195677580815
dmnelf1003,GSR_DMN,hz4,Fz,-0.08105013836623985
dmnelf1003,GSR_DMN,hz4,Cz,0.09599440284368183
dmnelf1003,GSR_DMN,hz4,Pz,0.2383687322255554
dmnelf1003,GSR_DMN,hz4,Oz,0.10528305693466809
dmnelf1003,GSR_DMN,hz4,FC1,0.2186489582942907
dmnelf1003,GSR_DMN,hz4,FC2,0.20214475933353981
dmnelf1003,GSR_DMN,hz4,CP1,0.1522841705441791
dmnelf1003,GSR_DMN,hz4,CP2,0.023422070941634326
dmnelf1003,GSR_DMN,hz4,FC5,0.28348260541317205
dmnelf1003,GSR_DMN,hz4,FC6,0.019298733773870456
dmnelf1003,GSR_DMN,hz4,CP5,-0.08398851182690746
dmnelf1003,GSR_DMN,hz4,CP6,-0.13899650370792568
dmnelf1003,GSR_DMN,hz4,TP9,-0.2685203132075343
dmnelf1003,GSR_DMN,hz4,TP10,-0.1865970670114786
dmnelf1003,GSR_DMN,hz4,POz,0.045971486664469305
dmnelf001,GSR_CEN,hz4,Fp1,0.05308495570129567
dmnelf001,GSR_CEN,hz4,Fp2,-0.024687649744031575
dmnelf001,GSR_CEN,hz4,F3,-0.0011034496126698713
dmnelf001,GSR_CEN,hz4,F4,-0.06475466502018637
dmnelf001,GSR_CEN,hz4,C3,0.09099698444481112
dmnelf001,GSR_CEN,hz4,C4,-0.02412785747289053
dmnelf001,GSR_CEN,hz4,P3,0.1241940309324349
dmnelf001,GSR_CEN,hz4,P4,0.10804282994674835
dmnelf001,GSR_CEN,hz4,O1,0.1659898744771904
dmnelf001,GSR_CEN,hz4,O2,0.18750514452087372
dmnelf001,GSR_CEN,hz4,F7,-0.0025681856886254745
dmnelf001,GSR_CEN,hz4,F8,-0.026446824096073688
dmnelf001,GSR_CEN,hz4,T7,-0.10903504622938516
dmnelf001,GSR_CEN,hz4,T8,-0.029606495336541132
dmnelf001,GSR_CEN,hz4,P7,0.09698383267428813
dmnelf001,GSR_CEN,hz4,P8,0.1283607974922366
dmnelf001,GSR_CEN,hz4,Fz,0.10515880185866382
dmnelf001,GSR_CEN,hz4,Cz,0.18576372156258783
dmnelf001,GSR_CEN,hz4,Pz,0.05979617894938379
dmnelf001,GSR_CEN,hz4,Oz,0.05095153348600111
dmnelf001,GSR_CEN,hz4,FC1,0.24080395921422615
dmnelf001,GSR_CEN,hz4,FC2,0.09830416754910346
dmnelf001,GSR_CEN,hz4,CP1,-0.0007877903165883149
dmnelf001,GSR_CEN,hz4,CP2,-0.10435997034525933
dmnelf001,GSR_CEN,hz4,FC5,-0.006281992338147478
dmnelf001,GSR_CEN,hz4,FC6,0.031148281274088065
dmnelf001,GSR_CEN,hz4,CP5,0.014075575146763714
dmnelf001,GSR_CEN,hz4,CP6,0.01342177132466476
dmnelf001,GSR_CEN,hz4,TP9,-0.018414466937039176
dmnelf001,GSR_CEN,hz4,TP10,0.04182897780812144
dmnelf001,GSR_CEN,hz4,POz,-0.14285275574219372
dmnelf002,GSR_CEN,hz4,Fp1,0.20056325395445765
dmnelf002,GSR_CEN,hz4,Fp2,0.03627192541707147
dmnelf002,GSR_CEN,hz4,F3,-0.11117218236015229
dmnelf002,GSR_CEN,hz4,F4,0.0689002874296467
dmnelf002,GSR_CEN,hz4,C3,-0.0738692460020025
dmnelf002,GSR_CEN,hz4,C4,-0.07097670947600512
dmnelf002,GSR_CEN,hz4,P3,0.027054681688138467
dmnelf002,GSR_CEN,hz4,P4,0.14460389667619575
dmnelf002,GSR_CEN,hz4,O1,0.12092111788269036
dmnelf002,GSR_CEN,hz4,O2,0.19213448794135268
dmnelf002,GSR_CEN,hz4,F7,0.0023547314254531836
dmnelf002,GSR_CEN,hz4,F8,0.0037615550845065686
dmnelf002,GSR_CEN,hz4,T7,0.122775156421103
dmnelf002,GSR_CEN,hz4,T8,0.09763537059298318
dmnelf002,GSR_CEN,hz4,P7,0.09982671048925204
dmnelf002,GSR_CEN,hz4,P8,-0.006747687140834768
dmnelf002,GSR_CEN,hz4,Fz,0.1403555628910854
dmnelf002,GSR_CEN,hz4,Cz,0.07155416667175532
dmnelf002,GSR_CEN,hz4,Pz,0.2710500694729984
dmnelf002,GSR_CEN,hz4,Oz,0.2198059367323275
dmnelf002,GSR_CEN,hz4,FC1,-0.07202593502369846
dmnelf002,GSR_CEN,hz4,FC2,-0.0019476180774034323
dmnelf002,GSR_CEN,hz4,CP1,0.13532091878794075
dmnelf002,GSR_CEN,hz4,CP2,-0.10347068871838404
dmnelf002,GSR_CEN,hz4,FC5,0.035460592331064654
dmnelf002,GSR_CEN,hz4,FC6,0.050894699042653355
dmnelf002,GSR_CEN,hz4,CP5,0.04777084440402891
dmnelf002,GSR_CEN,hz4,CP6,0.006007635145177299
dmnelf002,GSR_CEN,hz4,TP9,0.017466601647352357
dmnelf002,GSR_CEN,hz4,TP10,0.024679246244842638
dmnelf002,GSR_CEN,hz4,POz,0.3151723248180048
dmnelf003,GSR_CEN,hz4,Fp1,0.3022270809574994
dmnelf003,GSR_CEN,hz4,Fp2,0.20614319474872692
dmnelf003,GSR_CEN,hz4,F3,0.35076906134770464
dmnelf003,GSR_CEN,hz4,F4,0.2219253806840953
dmnelf003,GSR_CEN,hz4,C3,0.14029357683436813
dmnelf003,GSR_CEN,hz4,C4,0.17487574532345346
dmnelf003,GSR_CEN,hz4,P3,0.22452499082787528
dmnelf003,GSR_CEN,hz4,P4,0.22467481871360584
dmnelf003,GSR_CEN,hz4,O1,0.24336634805815127
dmnelf003,GSR_CEN,hz4,O2,0.2118891805685023
dmnelf003,GSR_CEN,hz4,F7,0.22904602741109523
dmnelf003,GSR_CEN,hz4,F8,0.29776955706667746
dmnelf003,GSR_CEN,hz4,T7,0.3596809155193333
dmnelf003,GSR_CEN,hz4,T8,0.2769905113685938
dmnelf003,GSR_CEN,hz4,P7,0.26971543519904606
dmnelf003,GSR_CEN,hz4,P8,0.22687242685163128
dmnelf003,GSR_CEN,hz4,Fz,0.18754415753370737
dmnelf003,GSR_CEN,hz4,Cz,0.20518880149245908
dmnelf003,GSR_CEN,hz4,Pz,0.07096390264642188
dmnelf003,GSR_CEN,hz4,Oz,0.23468679656670915
dmnelf003,GSR_CEN,hz4,FC1,0.2668788008811404
dmnelf003,GSR_CEN,hz4,FC2,0.2347381471709155
dmnelf003,GSR_CEN,hz4,CP1,0.24091767240397818
dmnelf003,GSR_CEN,hz4,CP2,0.2476256809356366
dmnelf003,GSR_CEN,hz4,FC5,0.1880714962602141
dmnelf003,GSR_CEN,hz4,FC6,0.2698071960946554
dmnelf003,GSR_CEN,hz4,CP5,0.3824236472928594
dmnelf003,GSR_CEN,hz4,CP6,0.20117823054344547
dmnelf003,GSR_CEN,hz4,TP9,0.30834826714010394
dmnelf003,GSR_CEN,hz4,TP10,0.25992280380148125
dmnelf003,GSR_CEN,hz4,POz,0.24940928676448482
dmnelf004,GSR_CEN,hz4,Fp1,0.18458213891441952
dmnelf004,GSR_CEN,hz4,Fp2,0.3309098495600691
dmnelf004,GSR_CEN,hz4,F3,0.19989653740656027
dmnelf004,GSR_CEN,hz4,F4,0.2522128971521931
dmnelf004,GSR_CEN,hz4,C3,0.1940485754234373
dmnelf004,GSR_CEN,hz4,C4,0.28134791405167314
dmnelf004,GSR_CEN,hz4,P3,0.16306486100092774
dmnelf004,GSR_CEN,hz4,P4,0.2918206705935308
dmnelf004,GSR_CEN,hz4,O1,0.10023638213275651
dmnelf004,GSR_CEN,hz4,O2,0.09861306925941589
dmnelf004,GSR_CEN,hz4,F7,0.11390323260658725
dmnelf004,GSR_CEN,hz4,F8,0.10913844686487448
dmnelf004,GSR_CEN,hz4,T7,0.06246096269331695
dmnelf004,GSR_CEN,hz4,T8,0.10847015168068497
dmnelf004,GSR_CEN,hz4,P7,0.0949731794570391
dmnelf004,GSR_CEN,hz4,P8,0.12059250318120185
dmnelf004,GSR_CEN,hz4,Fz,0.3093464241282867
dmnelf004,GSR_CEN,hz4,Cz,0.2502056561563758
dmnelf004,GSR_CEN,hz4,Pz,0.3272822946421487
dmnelf004,GSR_CEN,hz4,Oz,0.29253322930778064
dmnelf004,GSR_CEN,hz4,FC1,0.28564933610631377
dmnelf004,GSR_CEN,hz4,FC2,0.27129415025744563
dmnelf004,GSR_CEN,hz4,CP1,0.18969677076109712
dmnelf004,GSR_CEN,hz4,CP2,0.15656713820014984
dmnelf004,GSR_CEN,hz4,FC5,0.20222520646587527
dmnelf004,GSR_CEN,hz4,FC6,0.052780393184172075
dmnelf004,GSR_CEN,hz4,CP5,0.3076675665118218
dmnelf004,GSR_CEN,hz4,CP6,0.17899369649896452
dmnelf004,GSR_CEN,hz4,TP9,0.17228957791100874
dmnelf004,GSR_CEN,hz4,TP10,0.16633680185613198
dmnelf004,GSR_CEN,hz4,POz,0.2003370253920604
dmnelf005,GSR_CEN,hz4,Fp1,0.249208467721759
dmnelf005,GSR_CEN,hz4,Fp2,0.352683889221975
dmnelf005,GSR_CEN,hz4,F3,0.45233144951668797
dmnelf005,GSR_CEN,hz4,F4,0.5169734656636235
dmnelf005,GSR_CEN,hz4,C3,0.32105034113676634
dmnelf005,GSR_CEN,hz4,C4,0.3213256325987626
dmnelf005,GSR_CEN,hz4,P3,0.4511355029138757
dmnelf005,GSR_CEN,hz4,P4,0.4621271333264291
dmnelf005,GSR_CEN,hz4,O1,0.3622821632450685
dmnelf005,GSR_CEN,hz4,O2,0.2501011564091094
dmnelf005,GSR_CEN,hz4,F7,0.25081520998255813
dmnelf005,GSR_CEN,hz4,F8,0.2485065297953495
dmnelf005,GSR_CEN,hz4,T7,0.2894945791951425
dmnelf005,GSR_CEN,hz4,T8,0.4589639119713578
dmnelf005,GSR_CEN,hz4,P7,0.38489980816847524
dmnelf005,GSR_CEN,hz4,P8,0.4918876892656533
dmnelf005,GSR_CEN,hz4,Fz,0.6043080217845834
dmnelf005,GSR_CEN,hz4,Cz,0.2792535458819733
dmnelf005,GSR_CEN,hz4,Pz,0.3061836292138026
dmnelf005,GSR_CEN,hz4,Oz,0.25531009542886574
dmnelf005,GSR_CEN,hz4,FC1,0.5194874010817493
dmnelf005,GSR_CEN,hz4,FC2,0.471741665869684
dmnelf005,GSR_CEN,hz4,CP1,0.3259789905811548
dmnelf005,GSR_CEN,hz4,CP2,0.28113044618558913
dmnelf005,GSR_CEN,hz4,FC5,0.22945608496633546
dmnelf005,GSR_CEN,hz4,FC6,0.3547494586327056
dmnelf005,GSR_CEN,hz4,CP5,0.45433568282391773
dmnelf005,GSR_CEN,hz4,CP6,0.4894980442298766
dmnelf005,GSR_CEN,hz4,TP9,0.29624752687125006
dmnelf005,GSR_CEN,hz4,TP10,0.39611080583798497
dmnelf005,GSR_CEN,hz4,POz,0.4232125095997289
dmnelf006,GSR_CEN,hz4,Fp1,-0.005215082388982509
dmnelf006,GSR_CEN,hz4,Fp2,-0.02301146358777191
dmnelf006,GSR_CEN,hz4,F3,-0.1285765958821039
dmnelf006,GSR_CEN,hz4,F4,-0.016448183771758468
dmnelf006,GSR_CEN,hz4,C3,-0.10080240839915745
dmnelf006,GSR_CEN,hz4,C4,-0.14151171886370778
dmnelf006,GSR_CEN,hz4,P3,0.10482032259146855
dmnelf006,GSR_CEN,hz4,P4,0.10177130827167816
dmnelf006,GSR_CEN,hz4,O1,0.01622681448539848
dmnelf006,GSR_CEN,hz4,O2,0.038142756935225126
dmnelf006,GSR_CEN,hz4,F7,-0.18375512170375582
dmnelf006,GSR_CEN,hz4,F8,-0.03151173554902445
dmnelf006,GSR_CEN,hz4,T7,-0.20307540479140795
dmnelf006,GSR_CEN,hz4,T8,-0.23046184497539401
dmnelf006,GSR_CEN,hz4,P7,-0.033455501150717
dmnelf006,GSR_CEN,hz4,P8,-0.20900629267639964
dmnelf006,GSR_CEN,hz4,Fz,-0.08279953678535892
dmnelf006,GSR_CEN,hz4,Cz,-0.009339959403982015
dmnelf006,GSR_CEN,hz4,Pz,0.015659000023140537
dmnelf006,GSR_CEN,hz4,Oz,0.011535501095106981
dmnelf006,GSR_CEN,hz4,FC1,-0.03933262614180227
dmnelf006,GSR_CEN,hz4,FC2,0.17169501200452633
dmnelf006,GSR_CEN,hz4,CP1,0.10221005871447733
dmnelf006,GSR_CEN,hz4,CP2,0.12499229504422293
dmnelf006,GSR_CEN,hz4,FC5,-0.17188875775323176
dmnelf006,GSR_CEN,hz4,FC6,-0.029245442672733483
dmnelf006,GSR_CEN,hz4,CP5,-0.23416194370683507
dmnelf006,GSR_CEN,hz4,CP6,-0.1460293164844439
dmnelf006,GSR_CEN,hz4,TP9,-0.20758105817135358
dmnelf006,GSR_CEN,hz4,TP10,-0.16061490808737683
dmnelf006,GSR_CEN,hz4,POz,-0.021113467207971536
dmnelf007,GSR_CEN,hz4,Fp1,0.2399974050416925
dmnelf007,GSR_CEN,hz4,Fp2,0.2176974550431961
dmnelf007,GSR_CEN,hz4,F3,-0.08884616925321358
dmnelf007,GSR_CEN,hz4,F4,0.00041712267225398514
dmnelf007,GSR_CEN,hz4,C3,0.10873910381676208
dmnelf007,GSR_CEN,hz4,C4,0.1708001505486126
dmnelf007,GSR_CEN,hz4,P3,-0.03173857248916664
dmnelf007,GSR_CEN,hz4,P4,0.0983861166197865
dmnelf007,GSR_CEN,hz4,O1,0.1804868357488649
dmnelf007,GSR_CEN,hz4,O2,0.1787433490452723
dmnelf007,GSR_CEN,hz4,F7,0.09009762462341689
dmnelf007,GSR_CEN,hz4,F8,0.34206794756846726
dmnelf007,GSR_CEN,hz4,T7,0.36124178871706997
dmnelf007,GSR_CEN,hz4,T8,0.14911039230203446
dmnelf007,GSR_CEN,hz4,P7,0.19081956830122093
dmnelf007,GSR_CEN,hz4,P8,-0.02256060581994804
dmnelf007,GSR_CEN,hz4,Fz,0.10139374270504088
dmnelf007,GSR_CEN,hz4,Cz,0.13561693648316106
dmnelf007,GSR_CEN,hz4,Pz,0.3117591046579789
dmnelf007,GSR_CEN,hz4,Oz,-0.016944160338083023
dmnelf007,GSR_CEN,hz4,FC1,0.1268071257541767
dmnelf007,GSR_CEN,hz4,FC2,0.02033831222184765
dmnelf007,GSR_CEN,hz4,CP1,0.05680295168257019
dmnelf007,GSR_CEN,hz4,CP2,0.18754345905496148
dmnelf007,GSR_CEN,hz4,FC5,0.06689587701245293
dmnelf007,GSR_CEN,hz4,FC6,0.2505563982805188
dmnelf007,GSR_CEN,hz4,CP5,0.12443399877001506
dmnelf007,GSR_CEN,hz4,CP6,0.16066618984143516
dmnelf007,GSR_CEN,hz4,TP9,0.11404560187384434
dmnelf007,GSR_CEN,hz4,TP10,-0.07636712878839824
dmnelf007,GSR_CEN,hz4,POz,0.06980295099069589
dmnelf008,GSR_CEN,hz4,Fp1,0.3432925248984755
dmnelf008,GSR_CEN,hz4,Fp2,0.487295034629217
dmnelf008,GSR_CEN,hz4,F3,0.4147451837183208
dmnelf008,GSR_CEN,hz4,F4,0.28420645860552735
dmnelf008,GSR_CEN,hz4,C3,0.16375779662129153
dmnelf008,GSR_CEN,hz4,C4,0.07517136080424774
dmnelf008,GSR_CEN,hz4,P3,0.14493939390303995
dmnelf008,GSR_CEN,hz4,P4,0.19353469677408291
dmnelf008,GSR_CEN,hz4,O1,0.22605454570175249
dmnelf008,GSR_CEN,hz4,O2,0.26234997350915795
dmnelf008,GSR_CEN,hz4,F7,0.5374926006442527
dmnelf008,GSR_CEN,hz4,F8,0.3789758572730581
dmnelf008,GSR_CEN,hz4,T7,0.40949053409238634
dmnelf008,GSR_CEN,hz4,T8,0.45113924098567293
dmnelf008,GSR_CEN,hz4,P7,0.3392266608348238
dmnelf008,GSR_CEN,hz4,P8,0.1706752868088398
dmnelf008,GSR_CEN,hz4,Fz,0.22012154915085327
dmnelf008,GSR_CEN,hz4,Cz,0.28452708694209644
dmnelf008,GSR_CEN,hz4,Pz,0.24892021936599557
dmnelf008,GSR_CEN,hz4,Oz,0.24384373059452216
dmnelf008,GSR_CEN,hz4,FC1,0.2701848088807076
dmnelf008,GSR_CEN,hz4,FC2,0.15563488918373677
dmnelf008,GSR_CEN,hz4,CP1,0.1934563629622091
dmnelf008,GSR_CEN,hz4,CP2,0.3682739226170948
dmnelf008,GSR_CEN,hz4,FC5,0.43074868177389686
dmnelf008,GSR_CEN,hz4,FC6,0.25759623551899774
dmnelf008,GSR_CEN,hz4,CP5,0.3769820979842119
dmnelf008,GSR_CEN,hz4,CP6,0.2586906478949445
dmnelf008,GSR_CEN,hz4,TP9,0.4679258836242182
dmnelf008,GSR_CEN,hz4,TP10,0.3318585545806475
dmnelf008,GSR_CEN,hz4,POz,0.3029988778066031
dmnelf009,GSR_CEN,hz4,Fp1,0.1348177608074077
dmnelf009,GSR_CEN,hz4,Fp2,0.21193656042177958
dmnelf009,GSR_CEN,hz4,F3,0.1387925761889862
dmnelf009,GSR_CEN,hz4,F4,0.1088603170866108
dmnelf009,GSR_CEN,hz4,C3,0.12024478185595937
dmnelf009,GSR_CEN,hz4,C4,0.1354849074415344
dmnelf009,GSR_CEN,hz4,P3,0.18188220841413955
dmnelf009,GSR_CEN,hz4,P4,0.16326025226379764
dmnelf009,GSR_CEN,hz4,O1,0.21409405709125154
dmnelf009,GSR_CEN,hz4,O2,-0.07221361581631475
dmnelf009,GSR_CEN,hz4,F7,0.05764360815415071
dmnelf009,GSR_CEN,hz4,F8,0.06273541982556671
dmnelf009,GSR_CEN,hz4,T7,0.05625317970411361
dmnelf009,GSR_CEN,hz4,T8,0.09408379640985237
dmnelf009,GSR_CEN,hz4,P7,0.09473799833949229
dmnelf009,GSR_CEN,hz4,P8,0.202835609960459
dmnelf009,GSR_CEN,hz4,Fz,0.09824885941115129
dmnelf009,GSR_CEN,hz4,Cz,-0.0006313157427837427
dmnelf009,GSR_CEN,hz4,Pz,0.18471794426674912
dmnelf009,GSR_CEN,hz4,Oz,0.053550529987011534
dmnelf009,GSR_CEN,hz4,FC1,0.12259680855811143
dmnelf009,GSR_CEN,hz4,FC2,0.16635747217317223
dmnelf009,GSR_CEN,hz4,CP1,0.2016564385764792
dmnelf009,GSR_CEN,hz4,CP2,0.20935956769257755
dmnelf009,GSR_CEN,hz4,FC5,0.16498726229366725
dmnelf009,GSR_CEN,hz4,FC6,0.04553484820294195
dmnelf009,GSR_CEN,hz4,CP5,0.13692655526927122
dmnelf009,GSR_CEN,hz4,CP6,0.28579791129215626
dmnelf009,GSR_CEN,hz4,TP9,0.10011762301605012
dmnelf009,GSR_CEN,hz4,TP10,-0.07423516034231097
dmnelf009,GSR_CEN,hz4,POz,0.13430779629596584
dmnelf010,GSR_CEN,hz4,Fp1,0.07829497685578467
dmnelf010,GSR_CEN,hz4,Fp2,-0.16487750589702396
dmnelf010,GSR_CEN,hz4,F3,-0.04927466021456206
dmnelf010,GSR_CEN,hz4,F4,-0.15503795095563427
dmnelf010,GSR_CEN,hz4,C3,0.1425110144480218
dmnelf010,GSR_CEN,hz4,C4,-0.1339569030765217
dmnelf010,GSR_CEN,hz4,P3,-0.23871948580542024
dmnelf010,GSR_CEN,hz4,P4,0.1365810885275737
dmnelf010,GSR_CEN,hz4,O1,-0.07106887982280119
dmnelf010,GSR_CEN,hz4,O2,-0.024631134621680043
dmnelf010,GSR_CEN,hz4,F7,0.08282304968497198
dmnelf010,GSR_CEN,hz4,F8,-0.1765068987617243
dmnelf010,GSR_CEN,hz4,T7,-0.17139807413738567
dmnelf010,GSR_CEN,hz4,T8,-0.02885186039154117
dmnelf010,GSR_CEN,hz4,P7,-0.09307759292416926
dmnelf010,GSR_CEN,hz4,P8,0.07062891185238038
dmnelf010,GSR_CEN,hz4,Fz,-0.08987802079726422
dmnelf010,GSR_CEN,hz4,Cz,-0.09847632820296055
dmnelf010,GSR_CEN,hz4,Pz,-0.07494683604005843
dmnelf010,GSR_CEN,hz4,Oz,-0.20541491901518474
dmnelf010,GSR_CEN,hz4,FC1,0.02315829432467726
dmnelf010,GSR_CEN,hz4,FC2,-0.13651468252800492
dmnelf010,GSR_CEN,hz4,CP1,0.005541983373241499
dmnelf010,GSR_CEN,hz4,CP2,-0.0990225841407633
dmnelf010,GSR_CEN,hz4,FC5,0.17620931748763005
dmnelf010,GSR_CEN,hz4,FC6,-0.15113602136286095
dmnelf010,GSR_CEN,hz4,CP5,-0.062142185088599686
dmnelf010,GSR_CEN,hz4,CP6,0.018467248144333058
dmnelf010,GSR_CEN,hz4,TP9,-0.00809842401503356
dmnelf010,GSR_CEN,hz4,TP10,-0.12667849993603922
dmnelf010,GSR_CEN,hz4,POz,-0.04685404177604843
dmnelf011,GSR_CEN,hz4,Fp1,-0.08279012084817225
dmnelf011,GSR_CEN,hz4,Fp2,-0.047253134431501385
dmnelf011,GSR_CEN,hz4,F3,-0.08807020208903696
dmnelf011,GSR_CEN,hz4,F4,0.007936316128371906
dmnelf011,GSR_CEN,hz4,C3,-0.007207790511712522
dmnelf011,GSR_CEN,hz4,C4,-0.03456522898425806
dmnelf011,GSR_CEN,hz4,P3,0.12487258422829764
dmnelf011,GSR_CEN,hz4,P4,-0.09060173750680792
dmnelf011,GSR_CEN,hz4,O1,-0.10177445252698827
dmnelf011,GSR_CEN,hz4,O2,0.03030760186933144
dmnelf011,GSR_CEN,hz4,F7,0.0296221878582599
dmnelf011,GSR_CEN,hz4,F8,-0.06148932269978826
dmnelf011,GSR_CEN,hz4,T7,0.05232382048317304
dmnelf011,GSR_CEN,hz4,T8,-0.07154197700876613
dmnelf011,GSR_CEN,hz4,P7,0.02995326787536175
dmnelf011,GSR_CEN,hz4,P8,-0.02872514682076309
dmnelf011,GSR_CEN,hz4,Fz,0.08224970645402947
dmnelf011,GSR_CEN,hz4,Cz,-0.030209653344926
dmnelf011,GSR_CEN,hz4,Pz,0.030417628824276968
dmnelf011,GSR_CEN,hz4,Oz,0.027654650743054746
dmnelf011,GSR_CEN,hz4,FC1,-0.09862556995361796
dmnelf011,GSR_CEN,hz4,FC2,-0.00991271631810958
dmnelf011,GSR_CEN,hz4,CP1,0.0633447041675748
dmnelf011,GSR_CEN,hz4,CP2,0.029666496862994066
dmnelf011,GSR_CEN,hz4,FC5,-0.011410183497608332
dmnelf011,GSR_CEN,hz4,FC6,-0.09402784647008322
dmnelf011,GSR_CEN,hz4,CP5,0.06355365655486887
dmnelf011,GSR_CEN,hz4,CP6,0.06275655723951461
dmnelf011,GSR_CEN,hz4,TP9,0.07604845512278931
dmnelf011,GSR_CEN,hz4,TP10,0.05289396400087219
dmnelf011,GSR_CEN,hz4,POz,-0.22315500806088848
dmnelf012,GSR_CEN,hz4,Fp1,0.2717471986173614
dmnelf012,GSR_CEN,hz4,Fp2,0.022251661971617702
dmnelf012,GSR_CEN,hz4,F3,0.10709372880801
dmnelf012,GSR_CEN,hz4,F4,0.08845983633201525
dmnelf012,GSR_CEN,hz4,C3,0.07163441087002548
dmnelf012,GSR_CEN,hz4,C4,0.2523592388378616
dmnelf012,GSR_CEN,hz4,P3,0.21662492898032457
dmnelf012,GSR_CEN,hz4,P4,0.2633758188746356
dmnelf012,GSR_CEN,hz4,O1,0.21643444752430466
dmnelf012,GSR_CEN,hz4,O2,0.1463922252855763
dmnelf012,GSR_CEN,hz4,F7,0.12021198587354212
dmnelf012,GSR_CEN,hz4,F8,0.16064664068516119
dmnelf012,GSR_CEN,hz4,T7,0.10929099369260169
dmnelf012,GSR_CEN,hz4,T8,0.13479311745011616
dmnelf012,GSR_CEN,hz4,P7,0.13935593098359728
dmnelf012,GSR_CEN,hz4,P8,0.11628011723148889
dmnelf012,GSR_CEN,hz4,Fz,0.20229275521228646
dmnelf012,GSR_CEN,hz4,Cz,0.3322928518503393
dmnelf012,GSR_CEN,hz4,Pz,0.43173283113850097
dmnelf012,GSR_CEN,hz4,Oz,0.2791291556651902
dmnelf012,GSR_CEN,hz4,FC1,0.13943166747276317
dmnelf012,GSR_CEN,hz4,FC2,-0.015736491222164358
dmnelf012,GSR_CEN,hz4,CP1,0.16673841066689285
dmnelf012,GSR_CEN,hz4,CP2,0.16312174016412762
dmnelf012,GSR_CEN,hz4,FC5,0.13393172998360262
dmnelf012,GSR_CEN,hz4,FC6,0.09305168173009869
dmnelf012,GSR_CEN,hz4,CP5,0.1406302741044196
dmnelf012,GSR_CEN,hz4,CP6,0.11036474483049143
dmnelf012,GSR_CEN,hz4,TP9,0.0940671342253117
dmnelf012,GSR_CEN,hz4,TP10,0.16426301586539926
dmnelf012,GSR_CEN,hz4,POz,0.5242949632215954
dmnelf013,GSR_CEN,hz4,Fp1,-0.3667898299826338
dmnelf013,GSR_CEN,hz4,Fp2,-0.32203265165203965
dmnelf013,GSR_CEN,hz4,F3,-0.35683245126780283
dmnelf013,GSR_CEN,hz4,F4,-0.34074819272023626
dmnelf013,GSR_CEN,hz4,C3,-0.13072081071457836
dmnelf013,GSR_CEN,hz4,C4,-0.36681164377928843
dmnelf013,GSR_CEN,hz4,P3,-0.3927761359399285
dmnelf013,GSR_CEN,hz4,P4,-0.39571149860899046
dmnelf013,GSR_CEN,hz4,O1,-0.33844052513426254
dmnelf013,GSR_CEN,hz4,O2,-0.37743040906954256
dmnelf013,GSR_CEN,hz4,F7,-0.4393109917624073
dmnelf013,GSR_CEN,hz4,F8,-0.3804903988295937
dmnelf013,GSR_CEN,hz4,T7,-0.42797107645835486
dmnelf013,GSR_CEN,hz4,T8,-0.324007206749096
dmnelf013,GSR_CEN,hz4,P7,-0.38293450023488046
dmnelf013,GSR_CEN,hz4,P8,-0.28022651637921636
dmnelf013,GSR_CEN,hz4,Fz,-0.37873514047580253
dmnelf013,GSR_CEN,hz4,Cz,-0.14579401804780373
dmnelf013,GSR_CEN,hz4,Pz,-0.4109701437211012
dmnelf013,GSR_CEN,hz4,Oz,-0.33998941517918285
dmnelf013,GSR_CEN,hz4,FC1,-0.4087009967149411
dmnelf013,GSR_CEN,hz4,FC2,-0.13543555034051014
dmnelf013,GSR_CEN,hz4,CP1,-0.3172329037990271
dmnelf013,GSR_CEN,hz4,CP2,-0.25878308212273166
dmnelf013,GSR_CEN,hz4,FC5,-0.3649556118999114
dmnelf013,GSR_CEN,hz4,FC6,-0.2649194488580531
dmnelf013,GSR_CEN,hz4,CP5,-0.3039654634290465
dmnelf013,GSR_CEN,hz4,CP6,-0.3627058736688112
dmnelf013,GSR_CEN,hz4,TP9,-0.3513991782168104
dmnelf013,GSR_CEN,hz4,TP10,-0.15601133166621992
dmnelf013,GSR_CEN,hz4,POz,-0.38752524105003894
dmnelf014,GSR_CEN,hz4,Fp1,0.030763147680950762
dmnelf014,GSR_CEN,hz4,Fp2,-0.1322022123039648
dmnelf014,GSR_CEN,hz4,F3,0.17234179256908508
dmnelf014,GSR_CEN,hz4,F4,-0.17174488948011096
dmnelf014,GSR_CEN,hz4,C3,0.01459314439039019
dmnelf014,GSR_CEN,hz4,C4,-0.08197605618446621
dmnelf014,GSR_CEN,hz4,P3,-0.06933384308297968
dmnelf014,GSR_CEN,hz4,P4,-0.11305333969500606
dmnelf014,GSR_CEN,hz4,O1,-0.07621742056598013
dmnelf014,GSR_CEN,hz4,O2,0.03557478798158913
dmnelf014,GSR_CEN,hz4,F7,0.10443943872285667
dmnelf014,GSR_CEN,hz4,F8,-0.03508458683056351
dmnelf014,GSR_CEN,hz4,T7,-0.03440306969915643
dmnelf014,GSR_CEN,hz4,T8,0.004574429396747354
dmnelf014,GSR_CEN,hz4,P7,0.023902707221189597
dmnelf014,GSR_CEN,hz4,P8,0.11079252943431775
dmnelf014,GSR_CEN,hz4,Fz,-0.23705551899418403
dmnelf014,GSR_CEN,hz4,Cz,-0.16618574039091524
dmnelf014,GSR_CEN,hz4,Pz,-0.2824793232435457
dmnelf014,GSR_CEN,hz4,Oz,0.18067657168701737
dmnelf014,GSR_CEN,hz4,FC1,-0.14797150911087495
dmnelf014,GSR_CEN,hz4,FC2,-0.14619059652403377
dmnelf014,GSR_CEN,hz4,CP1,-0.24312728423396648
dmnelf014,GSR_CEN,hz4,CP2,-0.09767049516580813
dmnelf014,GSR_CEN,hz4,FC5,-0.14626278257696895
dmnelf014,GSR_CEN,hz4,FC6,-0.09404999224620818
dmnelf014,GSR_CEN,hz4,CP5,-0.23055977799104385
dmnelf014,GSR_CEN,hz4,CP6,0.012383440620459003
dmnelf014,GSR_CEN,hz4,TP9,0.12677495615786694
dmnelf014,GSR_CEN,hz4,TP10,-0.029572244192624088
dmnelf014,GSR_CEN,hz4,POz,-0.004019107431671561
dmnelf015,GSR_CEN,hz4,Fp1,0.3699495408253304
dmnelf015,GSR_CEN,hz4,Fp2,0.45358063898907636
dmnelf015,GSR_CEN,hz4,F3,0.4665262889666478
dmnelf015,GSR_CEN,hz4,F4,0.447091205313181
dmnelf015,GSR_CEN,hz4,C3,0.42173027488564846
dmnelf015,GSR_CEN,hz4,C4,0.05420498693625842
dmnelf015,GSR_CEN,hz4,P3,0.3377349461411438
dmnelf015,GSR_CEN,hz4,P4,0.36960909120567176
dmnelf015,GSR_CEN,hz4,O1,0.512134488879414
dmnelf015,GSR_CEN,hz4,O2,0.5373791790540424
dmnelf015,GSR_CEN,hz4,F7,0.5574377540774273
dmnelf015,GSR_CEN,hz4,F8,0.4535244241727153
dmnelf015,GSR_CEN,hz4,T7,0.4133947503557557
dmnelf015,GSR_CEN,hz4,T8,0.35637443343233965
dmnelf015,GSR_CEN,hz4,P7,0.3885786564134654
dmnelf015,GSR_CEN,hz4,P8,0.46661844099249056
dmnelf015,GSR_CEN,hz4,Fz,0.4615881663786295
dmnelf015,GSR_CEN,hz4,Cz,0.5079181854704732
dmnelf015,GSR_CEN,hz4,Pz,0.41449219450562425
dmnelf015,GSR_CEN,hz4,Oz,0.5385285691375457
dmnelf015,GSR_CEN,hz4,FC1,0.4123306471617651
dmnelf015,GSR_CEN,hz4,FC2,0.4429357448058932
dmnelf015,GSR_CEN,hz4,CP1,0.2715227839508434
dmnelf015,GSR_CEN,hz4,CP2,0.40121617975365104
dmnelf015,GSR_CEN,hz4,FC5,0.48428047126194956
dmnelf015,GSR_CEN,hz4,FC6,0.3286191407683348
dmnelf015,GSR_CEN,hz4,CP5,0.1676175492518878
dmnelf015,GSR_CEN,hz4,CP6,0.3820290611833743
dmnelf015,GSR_CEN,hz4,TP9,0.4565108130730896
dmnelf015,GSR_CEN,hz4,TP10,0.38401084869198987
dmnelf015,GSR_CEN,hz4,POz,0.4333764565023921
dmnelf016,GSR_CEN,hz4,Fp1,0.10770267616396192
dmnelf016,GSR_CEN,hz4,Fp2,0.0561172167502438
dmnelf016,GSR_CEN,hz4,F3,0.07675055407424933
dmnelf016,GSR_CEN,hz4,F4,0.11642572841493608
dmnelf016,GSR_CEN,hz4,C3,0.11390027128521366
dmnelf016,GSR_CEN,hz4,C4,0.17272973574555667
dmnelf016,GSR_CEN,hz4,P3,-0.07901638518023227
dmnelf016,GSR_CEN,hz4,P4,-0.07200137756450865
dmnelf016,GSR_CEN,hz4,O1,-0.09360543321754976
dmnelf016,GSR_CEN,hz4,O2,-0.1643985346076111
dmnelf016,GSR_CEN,hz4,F7,0.026765137381587412
dmnelf016,GSR_CEN,hz4,F8,0.2735607585593004
dmnelf016,GSR_CEN,hz4,T7,-0.011706141845949715
dmnelf016,GSR_CEN,hz4,T8,0.08973451949917116
dmnelf016,GSR_CEN,hz4,P7,0.21826490321707293
dmnelf016,GSR_CEN,hz4,P8,-0.03100918671350654
dmnelf016,GSR_CEN,hz4,Fz,0.03195294835912576
dmnelf016,GSR_CEN,hz4,Cz,-0.14094457616038955
dmnelf016,GSR_CEN,hz4,Pz,0.013298059911081628
dmnelf016,GSR_CEN,hz4,Oz,0.10892331609511745
dmnelf016,GSR_CEN,hz4,FC1,-0.23852389788596715
dmnelf016,GSR_CEN,hz4,FC2,-0.16544747228222279
dmnelf016,GSR_CEN,hz4,CP1,0.03157124082973173
dmnelf016,GSR_CEN,hz4,CP2,0.07850515838732804
dmnelf016,GSR_CEN,hz4,FC5,0.04057300836962875
dmnelf016,GSR_CEN,hz4,FC6,-0.12482542918608354
dmnelf016,GSR_CEN,hz4,CP5,0.035415402247963
dmnelf016,GSR_CEN,hz4,CP6,0.011756264253526133
dmnelf016,GSR_CEN,hz4,TP9,0.020663573547778404
dmnelf016,GSR_CEN,hz4,TP10,-0.12527680362769747
dmnelf016,GSR_CEN,hz4,POz,0.14482347544657748
dmnelf1001,GSR_CEN,hz4,Fp1,0.021137290295528726
dmnelf1001,GSR_CEN,hz4,Fp2,-0.05922499345223446
dmnelf1001,GSR_CEN,hz4,F3,0.05221185651217453
dmnelf1001,GSR_CEN,hz4,F4,0.011887183039409485
dmnelf1001,GSR_CEN,hz4,C3,0.03856279562062136
dmnelf1001,GSR_CEN,hz4,C4,0.14978683447031016
dmnelf1001,GSR_CEN,hz4,P3,0.03349740947123347
dmnelf1001,GSR_CEN,hz4,P4,0.0630304798968514
dmnelf1001,GSR_CEN,hz4,O1,0.13935821625223044
dmnelf1001,GSR_CEN,hz4,O2,0.2373057605154324
dmnelf1001,GSR_CEN,hz4,F7,-0.08671059955501995
dmnelf1001,GSR_CEN,hz4,F8,0.11056179706208824
dmnelf1001,GSR_CEN,hz4,T7,0.2420998050193165
dmnelf1001,GSR_CEN,hz4,T8,-0.054477314385875324
dmnelf1001,GSR_CEN,hz4,P7,0.05485076867975952
dmnelf1001,GSR_CEN,hz4,P8,0.13393867140990512
dmnelf1001,GSR_CEN,hz4,Fz,0.11978132238125329
dmnelf1001,GSR_CEN,hz4,Cz,0.04584127487788867
dmnelf1001,GSR_CEN,hz4,Pz,0.26174756416810724
dmnelf1001,GSR_CEN,hz4,Oz,0.20680746123660076
dmnelf1001,GSR_CEN,hz4,FC1,0.10660075141086896
dmnelf1001,GSR_CEN,hz4,FC2,0.2488839734670025
dmnelf1001,GSR_CEN,hz4,CP1,0.10250814951280512
dmnelf1001,GSR_CEN,hz4,CP2,0.13560740415979894
dmnelf1001,GSR_CEN,hz4,FC5,0.0708531422842472
dmnelf1001,GSR_CEN,hz4,FC6,0.15976156445538636
dmnelf1001,GSR_CEN,hz4,CP5,0.07617346035499072
dmnelf1001,GSR_CEN,hz4,CP6,0.01086196614399208
dmnelf1001,GSR_CEN,hz4,TP9,0.17477109352023337
dmnelf1001,GSR_CEN,hz4,TP10,0.1827338066835749
dmnelf1001,GSR_CEN,hz4,POz,0.21021535862877802
dmnelf1002,GSR_CEN,hz4,Fp1,0.07749848238678494
dmnelf1002,GSR_CEN,hz4,Fp2,0.22769747699584308
dmnelf1002,GSR_CEN,hz4,F3,0.020949429099218986
dmnelf1002,GSR_CEN,hz4,F4,0.18446524568147613
dmnelf1002,GSR_CEN,hz4,C3,0.2084357881566126
dmnelf1002,GSR_CEN,hz4,C4,0.24010524270289826
dmnelf1002,GSR_CEN,hz4,P3,0.16353600251641712
dmnelf1002,GSR_CEN,hz4,P4,0.1803117707297142
dmnelf1002,GSR_CEN,hz4,O1,0.13919136123357984
dmnelf1002,GSR_CEN,hz4,O2,0.08106639768895585
dmnelf1002,GSR_CEN,hz4,F7,0.2529079530197201
dmnelf1002,GSR_CEN,hz4,F8,0.2677593223418445
dmnelf1002,GSR_CEN,hz4,T7,0.15015321192881106
dmnelf1002,GSR_CEN,hz4,T8,0.20812277171553803
dmnelf1002,GSR_CEN,hz4,P7,0.16371553853322074
dmnelf1002,GSR_CEN,hz4,P8,0.18038146963935167
dmnelf1002,GSR_CEN,hz4,Fz,0.23076907100751776
dmnelf1002,GSR_CEN,hz4,Cz,0.19097281669773086
dmnelf1002,GSR_CEN,hz4,Pz,0.04627194313604144
dmnelf1002,GSR_CEN,hz4,Oz,0.01733249070666461
dmnelf1002,GSR_CEN,hz4,FC1,0.2033369535183919
dmnelf1002,GSR_CEN,hz4,FC2,0.2308793480366314
dmnelf1002,GSR_CEN,hz4,CP1,0.24207978522203202
dmnelf1002,GSR_CEN,hz4,CP2,0.059565013904571536
dmnelf1002,GSR_CEN,hz4,FC5,0.31399165373741533
dmnelf1002,GSR_CEN,hz4,FC6,0.2340743899310428
dmnelf1002,GSR_CEN,hz4,CP5,0.23423164104652525
dmnelf1002,GSR_CEN,hz4,CP6,0.1909125811362216
dmnelf1002,GSR_CEN,hz4,TP9,0.08896963921740139
dmnelf1002,GSR_CEN,hz4,TP10,0.046724106750482296
dmnelf1002,GSR_CEN,hz4,POz,0.052468161941870185
dmnelf1003,GSR_CEN,hz4,Fp1,0.21019901064573135
dmnelf1003,GSR_CEN,hz4,Fp2,0.16543629357694106
dmnelf1003,GSR_CEN,hz4,F3,0.272835814885539
dmnelf1003,GSR_CEN,hz4,F4,0.14585014028782378
dmnelf1003,GSR_CEN,hz4,C3,0.28649298276555735
dmnelf1003,GSR_CEN,hz4,C4,0.19053488636493326
dmnelf1003,GSR_CEN,hz4,P3,0.24761313978387556
dmnelf1003,GSR_CEN,hz4,P4,0.13467805468379823
dmnelf1003,GSR_CEN,hz4,O1,0.03244687849977296
dmnelf1003,GSR_CEN,hz4,O2,0.024681315418105438
dmnelf1003,GSR_CEN,hz4,F7,0.12228668461183578
dmnelf1003,GSR_CEN,hz4,F8,0.20765445447143588
dmnelf1003,GSR_CEN,hz4,T7,0.2830780093015794
dmnelf1003,GSR_CEN,hz4,T8,0.02171187559853264
dmnelf1003,GSR_CEN,hz4,P7,0.017200774590929533
dmnelf1003,GSR_CEN,hz4,P8,0.20570487574769483
dmnelf1003,GSR_CEN,hz4,Fz,0.1567019511617081
dmnelf1003,GSR_CEN,hz4,Cz,0.39382795198912274
dmnelf1003,GSR_CEN,hz4,Pz,0.44174735045192604
dmnelf1003,GSR_CEN,hz4,Oz,0.14402798502386954
dmnelf1003,GSR_CEN,hz4,FC1,0.05246271406292412
dmnelf1003,GSR_CEN,hz4,FC2,0.09547698007643009
dmnelf1003,GSR_CEN,hz4,CP1,0.3747814701652883
dmnelf1003,GSR_CEN,hz4,CP2,0.4020963825119524
dmnelf1003,GSR_CEN,hz4,FC5,0.3126675859773913
dmnelf1003,GSR_CEN,hz4,FC6,0.25742566087991725
dmnelf1003,GSR_CEN,hz4,CP5,0.2677872009915793
dmnelf1003,GSR_CEN,hz4,CP6,0.33383930901670017
dmnelf1003,GSR_CEN,hz4,TP9,0.01896482276065662
dmnelf1003,GSR_CEN,hz4,TP10,-0.009283693555677638
dmnelf1003,GSR_CEN,hz4,POz,0.18485243436502927
dmnelf001,GSR_PDA,hz4,Fp1,-0.019107203085983838
dmnelf001,GSR_PDA,hz4,Fp2,-0.10734173346272602
dmnelf001,GSR_PDA,hz4,F3,-0.017978465499031343
dmnelf001,GSR_PDA,hz4,F4,-0.05111049295278483
dmnelf001,GSR_PDA,hz4,C3,-0.052974632091398126
dmnelf001,GSR_PDA,hz4,C4,-0.10067513380130289
dmnelf001,GSR_PDA,hz4,P3,-0.12809431048371323
dmnelf001,GSR_PDA,hz4,P4,-0.06675763313094986
dmnelf001,GSR_PDA,hz4,O1,0.04499363869830875
dmnelf001,GSR_PDA,hz4,O2,-0.06618640123596649
dmnelf001,GSR_PDA,hz4,F7,0.0018416274280044298
dmnelf001,GSR_PDA,hz4,F8,-0.07363859602983319
dmnelf001,GSR_PDA,hz4,T7,0.026540755689977845
dmnelf001,GSR_PDA,hz4,T8,-0.15963932817972376
dmnelf001,GSR_PDA,hz4,P7,0.05575138666534836
dmnelf001,GSR_PDA,hz4,P8,-0.11722541264824536
dmnelf001,GSR_PDA,hz4,Fz,0.03712634425939818
dmnelf001,GSR_PDA,hz4,Cz,0.11927264710767965
dmnelf001,GSR_PDA,hz4,Pz,0.0942404823316678
dmnelf001,GSR_PDA,hz4,Oz,0.02769757847530124
dmnelf001,GSR_PDA,hz4,FC1,-0.057237992112315124
dmnelf001,GSR_PDA,hz4,FC2,0.12783840540859098
dmnelf001,GSR_PDA,hz4,CP1,-0.028142517476799748
dmnelf001,GSR_PDA,hz4,CP2,0.13349526658003358
dmnelf001,GSR_PDA,hz4,FC5,-0.05116871998155792
dmnelf001,GSR_PDA,hz4,FC6,-0.17294561206856227
dmnelf001,GSR_PDA,hz4,CP5,0.006142315716741918
dmnelf001,GSR_PDA,hz4,CP6,-0.17955076134412543
dmnelf001,GSR_PDA,hz4,TP9,-0.01959881445657446
dmnelf001,GSR_PDA,hz4,TP10,0.06714858243827551
dmnelf001,GSR_PDA,hz4,POz,0.16266065998469997
dmnelf002,GSR_PDA,hz4,Fp1,0.18595176903932373
dmnelf002,GSR_PDA,hz4,Fp2,0.05430585415167839
dmnelf002,GSR_PDA,hz4,F3,-0.09894164423120547
dmnelf002,GSR_PDA,hz4,F4,0.10067677941884921
dmnelf002,GSR_PDA,hz4,C3,-0.056822096928618504
dmnelf002,GSR_PDA,hz4,C4,-0.05404513930016868
dmnelf002,GSR_PDA,hz4,P3,0.007224521589520024
dmnelf002,GSR_PDA,hz4,P4,0.17679490809344695
dmnelf002,GSR_PDA,hz4,O1,0.05664909183769481
dmnelf002,GSR_PDA,hz4,O2,0.18933523823071716
dmnelf002,GSR_PDA,hz4,F7,0.009159505582338273
dmnelf002,GSR_PDA,hz4,F8,0.01127112150331398
dmnelf002,GSR_PDA,hz4,T7,0.1347038341330229
dmnelf002,GSR_PDA,hz4,T8,0.10433655231367048
dmnelf002,GSR_PDA,hz4,P7,0.062161131348235234
dmnelf002,GSR_PDA,hz4,P8,0.010481515761918499
dmnelf002,GSR_PDA,hz4,Fz,0.12713546478531226
dmnelf002,GSR_PDA,hz4,Cz,0.06933450906624435
dmnelf002,GSR_PDA,hz4,Pz,0.2693325457717544
dmnelf002,GSR_PDA,hz4,Oz,0.1898825907544751
dmnelf002,GSR_PDA,hz4,FC1,-0.08224745385556938
dmnelf002,GSR_PDA,hz4,FC2,0.0034731237131386916
dmnelf002,GSR_PDA,hz4,CP1,0.1928564658114081
dmnelf002,GSR_PDA,hz4,CP2,-0.08800031841796221
dmnelf002,GSR_PDA,hz4,FC5,0.06736288245696187
dmnelf002,GSR_PDA,hz4,FC6,0.08054912237594257
dmnelf002,GSR_PDA,hz4,CP5,0.08075232977702598
dmnelf002,GSR_PDA,hz4,CP6,0.05317904326221438
dmnelf002,GSR_PDA,hz4,TP9,0.02840094604812386
dmnelf002,GSR_PDA,hz4,TP10,0.015619108157965723
dmnelf002,GSR_PDA,hz4,POz,0.3067728001279019
dmnelf003,GSR_PDA,hz4,Fp1,0.26989587359289563
dmnelf003,GSR_PDA,hz4,Fp2,0.18283018775984305
dmnelf003,GSR_PDA,hz4,F3,0.2869263894257846
dmnelf003,GSR_PDA,hz4,F4,0.2085182799001399
dmnelf003,GSR_PDA,hz4,C3,0.1646717037380757
dmnelf003,GSR_PDA,hz4,C4,0.20567478086024304
dmnelf003,GSR_PDA,hz4,P3,0.20768838208084808
dmnelf003,GSR_PDA,hz4,P4,0.21838884408145928
dmnelf003,GSR_PDA,hz4,O1,0.23464636957636753
dmnelf003,GSR_PDA,hz4,O2,0.2132600109878304
dmnelf003,GSR_PDA,hz4,F7,0.21634270126967875
dmnelf003,GSR_PDA,hz4,F8,0.25650869337863125
dmnelf003,GSR_PDA,hz4,T7,0.3058902317161821
dmnelf003,GSR_PDA,hz4,T8,0.24621075996126257
dmnelf003,GSR_PDA,hz4,P7,0.24543078034312688
dmnelf003,GSR_PDA,hz4,P8,0.2042392995752806
dmnelf003,GSR_PDA,hz4,Fz,0.19009117005670184
dmnelf003,GSR_PDA,hz4,Cz,0.22060170015280967
dmnelf003,GSR_PDA,hz4,Pz,0.10017643351029318
dmnelf003,GSR_PDA,hz4,Oz,0.22079905063813238
dmnelf003,GSR_PDA,hz4,FC1,0.22259269369724097
dmnelf003,GSR_PDA,hz4,FC2,0.24254330776273397
dmnelf003,GSR_PDA,hz4,CP1,0.25526788509257936
dmnelf003,GSR_PDA,hz4,CP2,0.2592407711003181
dmnelf003,GSR_PDA,hz4,FC5,0.1998298862102537
dmnelf003,GSR_PDA,hz4,FC6,0.2735947740717738
dmnelf003,GSR_PDA,hz4,CP5,0.34398311346600835
dmnelf003,GSR_PDA,hz4,CP6,0.2039212482445061
dmnelf003,GSR_PDA,hz4,TP9,0.25206446528929244
dmnelf003,GSR_PDA,hz4,TP10,0.24719612767309648
dmnelf003,GSR_PDA,hz4,POz,0.24175000650258424
dmnelf004,GSR_PDA,hz4,Fp1,0.12337288751035021
dmnelf004,GSR_PDA,hz4,Fp2,0.1652036052116804
dmnelf004,GSR_PDA,hz4,F3,0.03669464263895942
dmnelf004,GSR_PDA,hz4,F4,0.2245779563628831
dmnelf004,GSR_PDA,hz4,C3,0.04127368808659071
dmnelf004,GSR_PDA,hz4,C4,0.25988724492245513
dmnelf004,GSR_PDA,hz4,P3,0.10806535595758954
dmnelf004,GSR_PDA,hz4,P4,0.22043748559594456
dmnelf004,GSR_PDA,hz4,O1,0.20547293110793594
dmnelf004,GSR_PDA,hz4,O2,0.13928210672843458
dmnelf004,GSR_PDA,hz4,F7,0.029572881200485554
dmnelf004,GSR_PDA,hz4,F8,0.040699744639004096
dmnelf004,GSR_PDA,hz4,T7,-0.012354093617352813
dmnelf004,GSR_PDA,hz4,T8,0.08772290835210518
dmnelf004,GSR_PDA,hz4,P7,0.11342638349733437
dmnelf004,GSR_PDA,hz4,P8,0.12688572694653763
dmnelf004,GSR_PDA,hz4,Fz,0.32054090837508814
dmnelf004,GSR_PDA,hz4,Cz,0.3443527937134816
dmnelf004,GSR_PDA,hz4,Pz,0.2116212653874115
dmnelf004,GSR_PDA,hz4,Oz,0.32564761311324836
dmnelf004,GSR_PDA,hz4,FC1,0.2177956350193287
dmnelf004,GSR_PDA,hz4,FC2,0.28729635363008693
dmnelf004,GSR_PDA,hz4,CP1,0.1705943677516475
dmnelf004,GSR_PDA,hz4,CP2,0.07156462929750501
dmnelf004,GSR_PDA,hz4,FC5,0.17077303800847676
dmnelf004,GSR_PDA,hz4,FC6,0.10340642142845564
dmnelf004,GSR_PDA,hz4,CP5,0.34470491568673717
dmnelf004,GSR_PDA,hz4,CP6,0.077490260396432
dmnelf004,GSR_PDA,hz4,TP9,0.008336775558224258
dmnelf004,GSR_PDA,hz4,TP10,0.17955642594551727
dmnelf004,GSR_PDA,hz4,POz,0.16277716214721835
dmnelf005,GSR_PDA,hz4,Fp1,0.2165001428710014
dmnelf005,GSR_PDA,hz4,Fp2,0.28839851186741844
dmnelf005,GSR_PDA,hz4,F3,0.3945995295983875
dmnelf005,GSR_PDA,hz4,F4,0.3472628180363601
dmnelf005,GSR_PDA,hz4,C3,0.3205460310491366
dmnelf005,GSR_PDA,hz4,C4,0.31482166683034374
dmnelf005,GSR_PDA,hz4,P3,0.2772546702489847
dmnelf005,GSR_PDA,hz4,P4,0.4109804002005999
dmnelf005,GSR_PDA,hz4,O1,0.24671348358038325
dmnelf005,GSR_PDA,hz4,O2,0.10919485256264519
dmnelf005,GSR_PDA,hz4,F7,0.23923746417315264
dmnelf005,GSR_PDA,hz4,F8,0.16018390626625342
dmnelf005,GSR_PDA,hz4,T7,0.28958156851439754
dmnelf005,GSR_PDA,hz4,T8,0.29948832856501056
dmnelf005,GSR_PDA,hz4,P7,0.21213352675929353
dmnelf005,GSR_PDA,hz4,P8,0.37581618043529735
dmnelf005,GSR_PDA,hz4,Fz,0.4120149160904781
dmnelf005,GSR_PDA,hz4,Cz,0.21651545801589275
dmnelf005,GSR_PDA,hz4,Pz,0.260134519455401
dmnelf005,GSR_PDA,hz4,Oz,0.21179147501312348
dmnelf005,GSR_PDA,hz4,FC1,0.4246303954486532
dmnelf005,GSR_PDA,hz4,FC2,0.39332652914260663
dmnelf005,GSR_PDA,hz4,CP1,0.19689860237071422
dmnelf005,GSR_PDA,hz4,CP2,0.23722012613822313
dmnelf005,GSR_PDA,hz4,FC5,0.25702014250486455
dmnelf005,GSR_PDA,hz4,FC6,0.1535714269482873
dmnelf005,GSR_PDA,hz4,CP5,0.3503426991187888
dmnelf005,GSR_PDA,hz4,CP6,0.4178780528498917
dmnelf005,GSR_PDA,hz4,TP9,0.1058462872120527
dmnelf005,GSR_PDA,hz4,TP10,0.2320393308468816
dmnelf005,GSR_PDA,hz4,POz,0.35081828935563697
dmnelf006,GSR_PDA,hz4,Fp1,0.11046967843248881
dmnelf006,GSR_PDA,hz4,Fp2,0.11293534922863026
dmnelf006,GSR_PDA,hz4,F3,-0.028593497486840664
dmnelf006,GSR_PDA,hz4,F4,0.03628256677873259
dmnelf006,GSR_PDA,hz4,C3,-0.05789474407365115
dmnelf006,GSR_PDA,hz4,C4,-0.08752812730770147
dmnelf006,GSR_PDA,hz4,P3,0.10802972360905823
dmnelf006,GSR_PDA,hz4,P4,0.1752044833364213
dmnelf006,GSR_PDA,hz4,O1,0.21204171453848716
dmnelf006,GSR_PDA,hz4,O2,0.15668155279903642
dmnelf006,GSR_PDA,hz4,F7,0.039503249181129706
dmnelf006,GSR_PDA,hz4,F8,0.04584656051906641
dmnelf006,GSR_PDA,hz4,T7,0.01741346070180758
dmnelf006,GSR_PDA,hz4,T8,-0.11783565687340385
dmnelf006,GSR_PDA,hz4,P7,0.12454144125053775
dmnelf006,GSR_PDA,hz4,P8,-0.023005760630284085
dmnelf006,GSR_PDA,hz4,Fz,0.018136214781653573
dmnelf006,GSR_PDA,hz4,Cz,-0.0019366364364357606
dmnelf006,GSR_PDA,hz4,Pz,0.08514816488198397
dmnelf006,GSR_PDA,hz4,Oz,0.18820541713526845
dmnelf006,GSR_PDA,hz4,FC1,0.011271541732580973
dmnelf006,GSR_PDA,hz4,FC2,0.09643373722344345
dmnelf006,GSR_PDA,hz4,CP1,0.09169730982617687
dmnelf006,GSR_PDA,hz4,CP2,0.030747126201249187
dmnelf006,GSR_PDA,hz4,FC5,-0.059655191832032335
dmnelf006,GSR_PDA,hz4,FC6,0.01649016034799575
dmnelf006,GSR_PDA,hz4,CP5,0.007387026203148824
dmnelf006,GSR_PDA,hz4,CP6,-0.03622805692085901
dmnelf006,GSR_PDA,hz4,TP9,-0.006721898516824267
dmnelf006,GSR_PDA,hz4,TP10,0.07813537796762264
dmnelf006,GSR_PDA,hz4,POz,0.01713862991995143
dmnelf007,GSR_PDA,hz4,Fp1,0.10682354356515679
dmnelf007,GSR_PDA,hz4,Fp2,0.06443525952539525
dmnelf007,GSR_PDA,hz4,F3,-0.199301828262976
dmnelf007,GSR_PDA,hz4,F4,0.031158986343856908
dmnelf007,GSR_PDA,hz4,C3,0.240487808809368
dmnelf007,GSR_PDA,hz4,C4,0.0013841602070902108
dmnelf007,GSR_PDA,hz4,P3,0.08289960800387057
dmnelf007,GSR_PDA,hz4,P4,0.12745531366665624
dmnelf007,GSR_PDA,hz4,O1,0.36706054652607173
dmnelf007,GSR_PDA,hz4,O2,0.11043572060917518
dmnelf007,GSR_PDA,hz4,F7,-0.044993543775464113
dmnelf007,GSR_PDA,hz4,F8,0.20336860300693207
dmnelf007,GSR_PDA,hz4,T7,-0.020169423201323554
dmnelf007,GSR_PDA,hz4,T8,-0.047704686312298676
dmnelf007,GSR_PDA,hz4,P7,0.3241516520930906
dmnelf007,GSR_PDA,hz4,P8,-0.08088350488552219
dmnelf007,GSR_PDA,hz4,Fz,0.2633112989888447
dmnelf007,GSR_PDA,hz4,Cz,0.2315525824457357
dmnelf007,GSR_PDA,hz4,Pz,0.23634732916598758
dmnelf007,GSR_PDA,hz4,Oz,0.11656729839858107
dmnelf007,GSR_PDA,hz4,FC1,-0.05708695725067534
dmnelf007,GSR_PDA,hz4,FC2,0.2219159513315895
dmnelf007,GSR_PDA,hz4,CP1,0.28836169283436713
dmnelf007,GSR_PDA,hz4,CP2,0.09367909997758496
dmnelf007,GSR_PDA,hz4,FC5,-0.06498216456854966
dmnelf007,GSR_PDA,hz4,FC6,0.08272615430688297
dmnelf007,GSR_PDA,hz4,CP5,-0.03168490242747305
dmnelf007,GSR_PDA,hz4,CP6,0.04863095896736726
dmnelf007,GSR_PDA,hz4,TP9,0.20596519610040326
dmnelf007,GSR_PDA,hz4,TP10,0.06995030995442768
dmnelf007,GSR_PDA,hz4,POz,0.2324656134180195
dmnelf008,GSR_PDA,hz4,Fp1,0.24737155816131204
dmnelf008,GSR_PDA,hz4,Fp2,0.3995338816643196
dmnelf008,GSR_PDA,hz4,F3,0.42102021481441565
dmnelf008,GSR_PDA,hz4,F4,0.261031794207337
dmnelf008,GSR_PDA,hz4,C3,0.07393861610988153
dmnelf008,GSR_PDA,hz4,C4,-0.0016334670551592279
dmnelf008,GSR_PDA,hz4,P3,0.16865934476439762
dmnelf008,GSR_PDA,hz4,P4,0.1833527539037761
dmnelf008,GSR_PDA,hz4,O1,0.1784897307808127
dmnelf008,GSR_PDA,hz4,O2,0.23328890024821597
dmnelf008,GSR_PDA,hz4,F7,0.4872920480753742
dmnelf008,GSR_PDA,hz4,F8,0.2771991998985063
dmnelf008,GSR_PDA,hz4,T7,0.3139718271868253
dmnelf008,GSR_PDA,hz4,T8,0.3458259183809401
dmnelf008,GSR_PDA,hz4,P7,0.13766588276959382
dmnelf008,GSR_PDA,hz4,P8,0.1672320726990418
dmnelf008,GSR_PDA,hz4,Fz,0.16042471988617313
dmnelf008,GSR_PDA,hz4,Cz,0.14538272376390854
dmnelf008,GSR_PDA,hz4,Pz,0.21514837506811957
dmnelf008,GSR_PDA,hz4,Oz,0.17635667005339944
dmnelf008,GSR_PDA,hz4,FC1,0.12881362794248563
dmnelf008,GSR_PDA,hz4,FC2,0.10925873116645132
dmnelf008,GSR_PDA,hz4,CP1,0.11053632530311666
dmnelf008,GSR_PDA,hz4,CP2,0.2114252656120924
dmnelf008,GSR_PDA,hz4,FC5,0.3964587926748186
dmnelf008,GSR_PDA,hz4,FC6,0.16978101836960607
dmnelf008,GSR_PDA,hz4,CP5,0.31173498391982174
dmnelf008,GSR_PDA,hz4,CP6,0.23084646436560766
dmnelf008,GSR_PDA,hz4,TP9,0.3728815671624945
dmnelf008,GSR_PDA,hz4,TP10,0.241564474641995
dmnelf008,GSR_PDA,hz4,POz,0.23904281607097355
dmnelf009,GSR_PDA,hz4,Fp1,-0.007320870087933618
dmnelf009,GSR_PDA,hz4,Fp2,-0.13841165031051178
dmnelf009,GSR_PDA,hz4,F3,0.08739539260653406
dmnelf009,GSR_PDA,hz4,F4,-0.10180773770330528
dmnelf009,GSR_PDA,hz4,C3,-0.008428136048877195
dmnelf009,GSR_PDA,hz4,C4,0.06343079186097379
dmnelf009,GSR_PDA,hz4,P3,0.15939016370156872
dmnelf009,GSR_PDA,hz4,P4,0.27477659803506027
dmnelf009,GSR_PDA,hz4,O1,-0.02933573446791574
dmnelf009,GSR_PDA,hz4,O2,0.22956497907733717
dmnelf009,GSR_PDA,hz4,F7,-0.06371671501966525
dmnelf009,GSR_PDA,hz4,F8,0.061125356050238985
dmnelf009,GSR_PDA,hz4,T7,-0.09747426898607134
dmnelf009,GSR_PDA,hz4,T8,0.029188201601096326
dmnelf009,GSR_PDA,hz4,P7,0.05191001047596791
dmnelf009,GSR_PDA,hz4,P8,0.1082942444959182
dmnelf009,GSR_PDA,hz4,Fz,-0.02218832324472143
dmnelf009,GSR_PDA,hz4,Cz,0.30229746828175696
dmnelf009,GSR_PDA,hz4,Pz,0.3943618006219342
dmnelf009,GSR_PDA,hz4,Oz,0.10162793097620777
dmnelf009,GSR_PDA,hz4,FC1,0.15550069016288923
dmnelf009,GSR_PDA,hz4,FC2,-0.05503526695942182
dmnelf009,GSR_PDA,hz4,CP1,0.346240044252046
dmnelf009,GSR_PDA,hz4,CP2,0.3299269875008186
dmnelf009,GSR_PDA,hz4,FC5,0.20273909006374105
dmnelf009,GSR_PDA,hz4,FC6,0.04535262763569692
dmnelf009,GSR_PDA,hz4,CP5,0.09497027812906698
dmnelf009,GSR_PDA,hz4,CP6,0.3213448530279922
dmnelf009,GSR_PDA,hz4,TP9,0.07356803907783475
dmnelf009,GSR_PDA,hz4,TP10,-0.03514285715455668
dmnelf009,GSR_PDA,hz4,POz,0.23941585476729102
dmnelf010,GSR_PDA,hz4,Fp1,0.26929707010548953
dmnelf010,GSR_PDA,hz4,Fp2,0.09947191723398777
dmnelf010,GSR_PDA,hz4,F3,0.1895993473285726
dmnelf010,GSR_PDA,hz4,F4,0.1628034201941052
dmnelf010,GSR_PDA,hz4,C3,0.16565651776999113
dmnelf010,GSR_PDA,hz4,C4,0.0673050166235397
dmnelf010,GSR_PDA,hz4,P3,0.1869214564846317
dmnelf010,GSR_PDA,hz4,P4,0.19612172735739697
dmnelf010,GSR_PDA,hz4,O1,0.11174253347014824
dmnelf010,GSR_PDA,hz4,O2,0.09052090200592497
dmnelf010,GSR_PDA,hz4,F7,0.23623904320722414
dmnelf010,GSR_PDA,hz4,F8,0.08036030333848856
dmnelf010,GSR_PDA,hz4,T7,0.15419713335741594
dmnelf010,GSR_PDA,hz4,T8,0.10911313597951472
dmnelf010,GSR_PDA,hz4,P7,0.17579943753850857
dmnelf010,GSR_PDA,hz4,P8,0.2568038085939837
dmnelf010,GSR_PDA,hz4,Fz,0.21953995690023184
dmnelf010,GSR_PDA,hz4,Cz,0.16545542589665377
dmnelf010,GSR_PDA,hz4,Pz,0.16784639559763662
dmnelf010,GSR_PDA,hz4,Oz,0.12260418897360822
dmnelf010,GSR_PDA,hz4,FC1,0.33474877235965667
dmnelf010,GSR_PDA,hz4,FC2,0.15618089634187146
dmnelf010,GSR_PDA,hz4,CP1,0.27552765447478733
dmnelf010,GSR_PDA,hz4,CP2,0.09144357081979496
dmnelf010,GSR_PDA,hz4,FC5,0.23497308405422163
dmnelf010,GSR_PDA,hz4,FC6,0.07438608967048405
dmnelf010,GSR_PDA,hz4,CP5,0.1977085317623066
dmnelf010,GSR_PDA,hz4,CP6,0.22132179503344163
dmnelf010,GSR_PDA,hz4,TP9,0.20594518794309222
dmnelf010,GSR_PDA,hz4,TP10,0.07539987589387129
dmnelf010,GSR_PDA,hz4,POz,0.1480662059777231
dmnelf011,GSR_PDA,hz4,Fp1,0.000916922160248307
dmnelf011,GSR_PDA,hz4,Fp2,-0.06312466399752487
dmnelf011,GSR_PDA,hz4,F3,-0.016834620961204326
dmnelf011,GSR_PDA,hz4,F4,-0.091133132274133
dmnelf011,GSR_PDA,hz4,C3,-0.013623881389259972
dmnelf011,GSR_PDA,hz4,C4,-0.10261369954674418
dmnelf011,GSR_PDA,hz4,P3,0.02322279721607589
dmnelf011,GSR_PDA,hz4,P4,-0.09352688288749726
dmnelf011,GSR_PDA,hz4,O1,-0.020188440290600344
dmnelf011,GSR_PDA,hz4,O2,0.021687267420948536
dmnelf011,GSR_PDA,hz4,F7,0.019627568877765077
dmnelf011,GSR_PDA,hz4,F8,0.0433126858764319
dmnelf011,GSR_PDA,hz4,T7,0.039907055410402514
dmnelf011,GSR_PDA,hz4,T8,-0.1657156859876428
dmnelf011,GSR_PDA,hz4,P7,0.07107956892975605
dmnelf011,GSR_PDA,hz4,P8,-0.041251684423548686
dmnelf011,GSR_PDA,hz4,Fz,-0.03779348496501162
dmnelf011,GSR_PDA,hz4,Cz,0.002252603883426386
dmnelf011,GSR_PDA,hz4,Pz,0.07513225468284289
dmnelf011,GSR_PDA,hz4,Oz,0.03399241299972587
dmnelf011,GSR_PDA,hz4,FC1,-0.023245192969377583
dmnelf011,GSR_PDA,hz4,FC2,-0.0653155584423496
dmnelf011,GSR_PDA,hz4,CP1,-0.022810075488033797
dmnelf011,GSR_PDA,hz4,CP2,0.05983164990341624
dmnelf011,GSR_PDA,hz4,FC5,-0.09139345285125865
dmnelf011,GSR_PDA,hz4,FC6,-0.0923107023139054
dmnelf011,GSR_PDA,hz4,CP5,-0.06077530274156407
dmnelf011,GSR_PDA,hz4,CP6,-0.07633814217524487
dmnelf011,GSR_PDA,hz4,TP9,0.10094386077894545
dmnelf011,GSR_PDA,hz4,TP10,-0.06515784849350527
dmnelf011,GSR_PDA,hz4,POz,0.05655082243912206
dmnelf012,GSR_PDA,hz4,Fp1,0.34848115921815925
dmnelf012,GSR_PDA,hz4,Fp2,0.09863096799346262
dmnelf012,GSR_PDA,hz4,F3,0.13416798745854622
dmnelf012,GSR_PDA,hz4,F4,0.06144654936763844
dmnelf012,GSR_PDA,hz4,C3,0.10587658017411752
dmnelf012,GSR_PDA,hz4,C4,0.20377210117862485
dmnelf012,GSR_PDA,hz4,P3,0.19021718172123925
dmnelf012,GSR_PDA,hz4,P4,0.24908945606737926
dmnelf012,GSR_PDA,hz4,O1,0.23110130747689994
dmnelf012,GSR_PDA,hz4,O2,0.19729650560280154
dmnelf012,GSR_PDA,hz4,F7,0.2561823711675107
dmnelf012,GSR_PDA,hz4,F8,0.16274713117725548
dmnelf012,GSR_PDA,hz4,T7,0.04829752056881205
dmnelf012,GSR_PDA,hz4,T8,0.15738987352870268
dmnelf012,GSR_PDA,hz4,P7,0.13648783902072784
dmnelf012,GSR_PDA,hz4,P8,0.1920828949982133
dmnelf012,GSR_PDA,hz4,Fz,0.172567044292138
dmnelf012,GSR_PDA,hz4,Cz,0.2514744504858169
dmnelf012,GSR_PDA,hz4,Pz,0.39037514095044634
dmnelf012,GSR_PDA,hz4,Oz,0.23508832833645651
dmnelf012,GSR_PDA,hz4,FC1,0.11717717792372445
dmnelf012,GSR_PDA,hz4,FC2,0.13333465523510224
dmnelf012,GSR_PDA,hz4,CP1,0.17432195682113683
dmnelf012,GSR_PDA,hz4,CP2,0.20407330112111707
dmnelf012,GSR_PDA,hz4,FC5,0.125755627586923
dmnelf012,GSR_PDA,hz4,FC6,0.031610195677946124
dmnelf012,GSR_PDA,hz4,CP5,0.12980494659247682
dmnelf012,GSR_PDA,hz4,CP6,0.14767458262777
dmnelf012,GSR_PDA,hz4,TP9,0.09225335686371401
dmnelf012,GSR_PDA,hz4,TP10,0.19368040605878215
dmnelf012,GSR_PDA,hz4,POz,0.41826404450363425
dmnelf013,GSR_PDA,hz4,Fp1,0.08908953837819714
dmnelf013,GSR_PDA,hz4,Fp2,0.06794504890207642
dmnelf013,GSR_PDA,hz4,F3,0.11948040400588701
dmnelf013,GSR_PDA,hz4,F4,0.18477775414092512
dmnelf013,GSR_PDA,hz4,C3,0.14878482559765904
dmnelf013,GSR_PDA,hz4,C4,0.14885191204218953
dmnelf013,GSR_PDA,hz4,P3,0.19264700891069572
dmnelf013,GSR_PDA,hz4,P4,0.23528728153986114
dmnelf013,GSR_PDA,hz4,O1,0.2762273157726052
dmnelf013,GSR_PDA,hz4,O2,0.19301873061862249
dmnelf013,GSR_PDA,hz4,F7,0.25197950937652885
dmnelf013,GSR_PDA,hz4,F8,0.22610625056521752
dmnelf013,GSR_PDA,hz4,T7,0.252935097336899
dmnelf013,GSR_PDA,hz4,T8,0.24675679232993233
dmnelf013,GSR_PDA,hz4,P7,0.2585058674415757
dmnelf013,GSR_PDA,hz4,P8,0.17152853436653687
dmnelf013,GSR_PDA,hz4,Fz,0.1367315180050331
dmnelf013,GSR_PDA,hz4,Cz,0.22160942929465346
dmnelf013,GSR_PDA,hz4,Pz,-0.0017021617348713625
dmnelf013,GSR_PDA,hz4,Oz,0.20217053324444656
dmnelf013,GSR_PDA,hz4,FC1,0.22349716558040728
dmnelf013,GSR_PDA,hz4,FC2,0.10116988350618442
dmnelf013,GSR_PDA,hz4,CP1,0.08636133380074877
dmnelf013,GSR_PDA,hz4,CP2,0.2874581308610338
dmnelf013,GSR_PDA,hz4,FC5,0.32343057677927184
dmnelf013,GSR_PDA,hz4,FC6,0.2508508499232438
dmnelf013,GSR_PDA,hz4,CP5,0.1997164664712456
dmnelf013,GSR_PDA,hz4,CP6,0.16153212483585058
dmnelf013,GSR_PDA,hz4,TP9,0.27396826694310383
dmnelf013,GSR_PDA,hz4,TP10,0.27583654914581274
dmnelf013,GSR_PDA,hz4,POz,0.32981688028373335
dmnelf014,GSR_PDA,hz4,Fp1,0.012465768180668725
dmnelf014,GSR_PDA,hz4,Fp2,0.018052101063227476
dmnelf014,GSR_PDA,hz4,F3,-0.05743066176841715
dmnelf014,GSR_PDA,hz4,F4,0.06244999765315098
dmnelf014,GSR_PDA,hz4,C3,-0.07398045902306251
dmnelf014,GSR_PDA,hz4,C4,-0.027518048301873335
dmnelf014,GSR_PDA,hz4,P3,0.11070521253568054
dmnelf014,GSR_PDA,hz4,P4,0.03348161240147867
dmnelf014,GSR_PDA,hz4,O1,0.1431873849828755
dmnelf014,GSR_PDA,hz4,O2,0.08862303955391189
dmnelf014,GSR_PDA,hz4,F7,-0.11874936168416964
dmnelf014,GSR_PDA,hz4,F8,0.1307822797708091
dmnelf014,GSR_PDA,hz4,T7,-0.044342800434843996
dmnelf014,GSR_PDA,hz4,T8,-0.11242245677473624
dmnelf014,GSR_PDA,hz4,P7,-0.03911526916406254
dmnelf014,GSR_PDA,hz4,P8,0.025023712207146474
dmnelf014,GSR_PDA,hz4,Fz,-0.006619322031119635
dmnelf014,GSR_PDA,hz4,Cz,0.0524659999084242
dmnelf014,GSR_PDA,hz4,Pz,-0.08969804992429846
dmnelf014,GSR_PDA,hz4,Oz,-0.06294019871953359
dmnelf014,GSR_PDA,hz4,FC1,-0.06705749751378981
dmnelf014,GSR_PDA,hz4,FC2,0.05667030020796169
dmnelf014,GSR_PDA,hz4,CP1,0.1429553466293503
dmnelf014,GSR_PDA,hz4,CP2,0.13029141593723
dmnelf014,GSR_PDA,hz4,FC5,0.015761368722515812
dmnelf014,GSR_PDA,hz4,FC6,0.017209319055728926
dmnelf014,GSR_PDA,hz4,CP5,0.01738354829203026
dmnelf014,GSR_PDA,hz4,CP6,-0.12083832693028847
dmnelf014,GSR_PDA,hz4,TP9,0.12217027145707712
dmnelf014,GSR_PDA,hz4,TP10,-0.1686795375140667
dmnelf014,GSR_PDA,hz4,POz,0.054551661208478826
dmnelf015,GSR_PDA,hz4,Fp1,0.39444413899045844
dmnelf015,GSR_PDA,hz4,Fp2,0.33525945379483885
dmnelf015,GSR_PDA,hz4,F3,0.301616250533378
dmnelf015,GSR_PDA,hz4,F4,0.42256163929318125
dmnelf015,GSR_PDA,hz4,C3,0.30919631804235687
dmnelf015,GSR_PDA,hz4,C4,-0.02302442930231578
dmnelf015,GSR_PDA,hz4,P3,0.45007795859602073
dmnelf015,GSR_PDA,hz4,P4,0.4076583353067671
dmnelf015,GSR_PDA,hz4,O1,0.5361349317535296
dmnelf015,GSR_PDA,hz4,O2,0.5068968520294898
dmnelf015,GSR_PDA,hz4,F7,0.391658732398155
dmnelf015,GSR_PDA,hz4,F8,0.4715219188514244
dmnelf015,GSR_PDA,hz4,T7,0.37110933438438565
dmnelf015,GSR_PDA,hz4,T8,0.34476280537031395
dmnelf015,GSR_PDA,hz4,P7,0.5284244100053795
dmnelf015,GSR_PDA,hz4,P8,0.46189090767961455
dmnelf015,GSR_PDA,hz4,Fz,0.3768820628284609
dmnelf015,GSR_PDA,hz4,Cz,0.4754650341635527
dmnelf015,GSR_PDA,hz4,Pz,0.45777731139141903
dmnelf015,GSR_PDA,hz4,Oz,0.5397762140597295
dmnelf015,GSR_PDA,hz4,FC1,0.47612802015776845
dmnelf015,GSR_PDA,hz4,FC2,0.3817269018046163
dmnelf015,GSR_PDA,hz4,CP1,0.3731996958859306
dmnelf015,GSR_PDA,hz4,CP2,0.4532854472403447
dmnelf015,GSR_PDA,hz4,FC5,0.3616132050480455
dmnelf015,GSR_PDA,hz4,FC6,0.3796937166841274
dmnelf015,GSR_PDA,hz4,CP5,0.2609352360194723
dmnelf015,GSR_PDA,hz4,CP6,0.4739073954543979
dmnelf015,GSR_PDA,hz4,TP9,0.4063823160988906
dmnelf015,GSR_PDA,hz4,TP10,0.3928258010871998
dmnelf015,GSR_PDA,hz4,POz,0.441917826571691
dmnelf016,GSR_PDA,hz4,Fp1,0.029467094981329846
dmnelf016,GSR_PDA,hz4,Fp2,-0.060147560324095725
dmnelf016,GSR_PDA,hz4,F3,-0.0805247592084771
dmnelf016,GSR_PDA,hz4,F4,-0.038944667043782716
dmnelf016,GSR_PDA,hz4,C3,-0.06646246975416495
dmnelf016,GSR_PDA,hz4,C4,0.041917919721378906
dmnelf016,GSR_PDA,hz4,P3,-0.19109299181263129
dmnelf016,GSR_PDA,hz4,P4,0.11789115268653157
dmnelf016,GSR_PDA,hz4,O1,-0.09607301413972054
dmnelf016,GSR_PDA,hz4,O2,0.09763249286881921
dmnelf016,GSR_PDA,hz4,F7,0.036273628290421425
dmnelf016,GSR_PDA,hz4,F8,0.19813812517312795
dmnelf016,GSR_PDA,hz4,T7,-0.13502261749584787
dmnelf016,GSR_PDA,hz4,T8,0.11507393076411929
dmnelf016,GSR_PDA,hz4,P7,0.07482870451254785
dmnelf016,GSR_PDA,hz4,P8,0.06209912998590335
dmnelf016,GSR_PDA,hz4,Fz,0.016702755073421494
dmnelf016,GSR_PDA,hz4,Cz,0.0986026983164444
dmnelf016,GSR_PDA,hz4,Pz,0.011307833351611157
dmnelf016,GSR_PDA,hz4,Oz,0.12518219435734998
dmnelf016,GSR_PDA,hz4,FC1,-0.1539531412058203
dmnelf016,GSR_PDA,hz4,FC2,-0.07957007072263737
dmnelf016,GSR_PDA,hz4,CP1,-0.048140785605457884
dmnelf016,GSR_PDA,hz4,CP2,-0.015079237030881855
dmnelf016,GSR_PDA,hz4,FC5,0.15559417834900544
dmnelf016,GSR_PDA,hz4,FC6,0.036712802062367274
dmnelf016,GSR_PDA,hz4,CP5,-0.007616948770913258
dmnelf016,GSR_PDA,hz4,CP6,-0.10726074562805382
dmnelf016,GSR_PDA,hz4,TP9,-0.05752251360381817
dmnelf016,GSR_PDA,hz4,TP10,-0.03806566467392193
dmnelf016,GSR_PDA,hz4,POz,-0.004384504981531046
dmnelf1001,GSR_PDA,hz4,Fp1,0.06485901681105431
dmnelf1001,GSR_PDA,hz4,Fp2,-0.0955962798611322
dmnelf1001,GSR_PDA,hz4,F3,0.09199704546969972
dmnelf1001,GSR_PDA,hz4,F4,0.01786127726148215
dmnelf1001,GSR_PDA,hz4,C3,-0.021874409678410218
dmnelf1001,GSR_PDA,hz4,C4,0.03581423426664317
dmnelf1001,GSR_PDA,hz4,P3,-0.006154800751465791
dmnelf1001,GSR_PDA,hz4,P4,-0.04568616548071759
dmnelf1001,GSR_PDA,hz4,O1,0.006313328302897938
dmnelf1001,GSR_PDA,hz4,O2,0.061512525599351095
dmnelf1001,GSR_PDA,hz4,F7,0.03584009767895837
dmnelf1001,GSR_PDA,hz4,F8,0.03816726810660455
dmnelf1001,GSR_PDA,hz4,T7,0.1583078636859846
dmnelf1001,GSR_PDA,hz4,T8,-0.1351391897342783
dmnelf1001,GSR_PDA,hz4,P7,-0.042704781374839115
dmnelf1001,GSR_PDA,hz4,P8,-0.059869098124711875
dmnelf1001,GSR_PDA,hz4,Fz,0.09449613987870144
dmnelf1001,GSR_PDA,hz4,Cz,-0.028301235016341346
dmnelf1001,GSR_PDA,hz4,Pz,0.28209894091894705
dmnelf1001,GSR_PDA,hz4,Oz,0.01571889475015089
dmnelf1001,GSR_PDA,hz4,FC1,0.030708941845192718
dmnelf1001,GSR_PDA,hz4,FC2,0.0937228657603143
dmnelf1001,GSR_PDA,hz4,CP1,0.00913531867602194
dmnelf1001,GSR_PDA,hz4,CP2,0.11447325998972022
dmnelf1001,GSR_PDA,hz4,FC5,0.07416766032625975
dmnelf1001,GSR_PDA,hz4,FC6,0.11855920339712742
dmnelf1001,GSR_PDA,hz4,CP5,0.06316417022955906
dmnelf1001,GSR_PDA,hz4,CP6,-0.04382815120203498
dmnelf1001,GSR_PDA,hz4,TP9,0.03244878459363379
dmnelf1001,GSR_PDA,hz4,TP10,-0.01885990327750004
dmnelf1001,GSR_PDA,hz4,POz,-0.07414835078027646
dmnelf1002,GSR_PDA,hz4,Fp1,0.10002879584698973
dmnelf1002,GSR_PDA,hz4,Fp2,0.15284220392932654
dmnelf1002,GSR_PDA,hz4,F3,0.06492046842543872
dmnelf1002,GSR_PDA,hz4,F4,0.019981932409646273
dmnelf1002,GSR_PDA,hz4,C3,0.17518583623333303
dmnelf1002,GSR_PDA,hz4,C4,0.21959742873357577
dmnelf1002,GSR_PDA,hz4,P3,0.09410407168050919
dmnelf1002,GSR_PDA,hz4,P4,0.1295368704844442
dmnelf1002,GSR_PDA,hz4,O1,0.10663907900468943
dmnelf1002,GSR_PDA,hz4,O2,0.0833883134159651
dmnelf1002,GSR_PDA,hz4,F7,0.26354387888447683
dmnelf1002,GSR_PDA,hz4,F8,0.16140253153113543
dmnelf1002,GSR_PDA,hz4,T7,0.0971817714864094
dmnelf1002,GSR_PDA,hz4,T8,0.05254048133748707
dmnelf1002,GSR_PDA,hz4,P7,0.04059394637001509
dmnelf1002,GSR_PDA,hz4,P8,0.006961192658309543
dmnelf1002,GSR_PDA,hz4,Fz,0.19588975283787735
dmnelf1002,GSR_PDA,hz4,Cz,0.1688210937114277
dmnelf1002,GSR_PDA,hz4,Pz,-0.01472702960397717
dmnelf1002,GSR_PDA,hz4,Oz,0.08677684925876483
dmnelf1002,GSR_PDA,hz4,FC1,0.20741466514485676
dmnelf1002,GSR_PDA,hz4,FC2,0.034325473207345074
dmnelf1002,GSR_PDA,hz4,CP1,0.18973290934309506
dmnelf1002,GSR_PDA,hz4,CP2,0.1460534390984566
dmnelf1002,GSR_PDA,hz4,FC5,0.31287214409555264
dmnelf1002,GSR_PDA,hz4,FC6,0.09574559899232012
dmnelf1002,GSR_PDA,hz4,CP5,0.10423514651880551
dmnelf1002,GSR_PDA,hz4,CP6,0.21302901409056033
dmnelf1002,GSR_PDA,hz4,TP9,-0.030187683374345634
dmnelf1002,GSR_PDA,hz4,TP10,0.05368216578461826
dmnelf1002,GSR_PDA,hz4,POz,0.11320480621561711
dmnelf1003,GSR_PDA,hz4,Fp1,0.11558345425669939
dmnelf1003,GSR_PDA,hz4,Fp2,0.18603614910154423
dmnelf1003,GSR_PDA,hz4,F3,0.05024477887738745
dmnelf1003,GSR_PDA,hz4,F4,-0.041165704170524876
dmnelf1003,GSR_PDA,hz4,C3,0.19452456706550583
dmnelf1003,GSR_PDA,hz4,C4,-0.08481586135545731
dmnelf1003,GSR_PDA,hz4,P3,0.17789762970293416
dmnelf1003,GSR_PDA,hz4,P4,-0.05804168675802235
dmnelf1003,GSR_PDA,hz4,O1,0.014073802685470933
dmnelf1003,GSR_PDA,hz4,O2,-0.03412661749631804
dmnelf1003,GSR_PDA,hz4,F7,-0.027343266976715713
dmnelf1003,GSR_PDA,hz4,F8,0.03962827227269355
dmnelf1003,GSR_PDA,hz4,T7,-0.023775269552692005
dmnelf1003,GSR_PDA,hz4,T8,0.0033508316312570036
dmnelf1003,GSR_PDA,hz4,P7,0.22120576798608144
dmnelf1003,GSR_PDA,hz4,P8,0.02192636464056461
dmnelf1003,GSR_PDA,hz4,Fz,-0.1182518753704027
dmnelf1003,GSR_PDA,hz4,Cz,0.11582642638760239
dmnelf1003,GSR_PDA,hz4,Pz,0.15747271281266512
dmnelf1003,GSR_PDA,hz4,Oz,-0.038838386118770496
dmnelf1003,GSR_PDA,hz4,FC1,0.12156910651417319
dmnelf1003,GSR_PDA,hz4,FC2,-0.11381790730105869
dmnelf1003,GSR_PDA,hz4,CP1,0.23116325798581638
dmnelf1003,GSR_PDA,hz4,CP2,0.05399426299350946
dmnelf1003,GSR_PDA,hz4,FC5,0.021202968403810113
dmnelf1003,GSR_PDA,hz4,FC6,0.0482387328477016
dmnelf1003,GSR_PDA,hz4,CP5,0.13689647862745827
dmnelf1003,GSR_PDA,hz4,CP6,-0.09537746445630547
dmnelf1003,GSR_PDA,hz4,TP9,-0.09437030552238738
dmnelf1003,GSR_PDA,hz4,TP10,-0.17060613196597607
dmnelf1003,GSR_PDA,hz4,POz,-0.08528867244999361
dmnelf001,VIS,hz4,Fp1,0.12025343283839855
dmnelf001,VIS,hz4,Fp2,0.19028644548175708
dmnelf001,VIS,hz4,F3,0.18726032057698958
dmnelf001,VIS,hz4,F4,0.2404934485676181
dmnelf001,VIS,hz4,C3,0.21242023595778894
dmnelf001,VIS,hz4,C4,0.149064957709677
dmnelf001,VIS,hz4,P3,0.29449648771331016
dmnelf001,VIS,hz4,P4,0.0717625516909153
dmnelf001,VIS,hz4,O1,0.2582397955874418
dmnelf001,VIS,hz4,O2,0.2901825056804042
dmnelf001,VIS,hz4,F7,0.16872743073089846
dmnelf001,VIS,hz4,F8,0.15302596616671651
dmnelf001,VIS,hz4,T7,0.17192764264401258
dmnelf001,VIS,hz4,T8,0.21107164756716967
dmnelf001,VIS,hz4,P7,0.25481327708226403
dmnelf001,VIS,hz4,P8,0.19079764858332107
dmnelf001,VIS,hz4,Fz,0.07968213094444666
dmnelf001,VIS,hz4,Cz,0.1432679249460989
dmnelf001,VIS,hz4,Pz,0.22971285260206065
dmnelf001,VIS,hz4,Oz,0.294474424537434
dmnelf001,VIS,hz4,FC1,0.18240516251883834
dmnelf001,VIS,hz4,FC2,0.20215526898730468
dmnelf001,VIS,hz4,CP1,0.2553986807067157
dmnelf001,VIS,hz4,CP2,0.29324073828513303
dmnelf001,VIS,hz4,FC5,0.17892225632467046
dmnelf001,VIS,hz4,FC6,0.22189520446332686
dmnelf001,VIS,hz4,CP5,0.18776137117195454
dmnelf001,VIS,hz4,CP6,0.19437033102463894
dmnelf001,VIS,hz4,TP9,0.13117845306198583
dmnelf001,VIS,hz4,TP10,0.1610444183357751
dmnelf001,VIS,hz4,POz,0.17533070289795472
dmnelf002,VIS,hz4,Fp1,0.19392698703626665
dmnelf002,VIS,hz4,Fp2,0.14372474803891103
dmnelf002,VIS,hz4,F3,0.17261613094595582
dmnelf002,VIS,hz4,F4,0.18071169196627712
dmnelf002,VIS,hz4,C3,0.1483008460803932
dmnelf002,VIS,hz4,C4,0.14340499811045015
dmnelf002,VIS,hz4,P3,0.08636649065734091
dmnelf002,VIS,hz4,P4,0.14883504736800468
dmnelf002,VIS,hz4,O1,0.05217513364582673
dmnelf002,VIS,hz4,O2,0.10373828503318536
dmnelf002,VIS,hz4,F7,0.22461596246740176
dmnelf002,VIS,hz4,F8,0.15154649139355028
dmnelf002,VIS,hz4,T7,0.1308829391898136
dmnelf002,VIS,hz4,T8,0.12151879777732866
dmnelf002,VIS,hz4,P7,0.11173410281562944
dmnelf002,VIS,hz4,P8,0.08347082439752591
dmnelf002,VIS,hz4,Fz,0.11661861666283924
dmnelf002,VIS,hz4,Cz,-0.008858855297538819
dmnelf002,VIS,hz4,Pz,0.18067114767124182
dmnelf002,VIS,hz4,Oz,0.11488776947641867
dmnelf002,VIS,hz4,FC1,0.031004527044212398
dmnelf002,VIS,hz4,FC2,0.12818935348579755
dmnelf002,VIS,hz4,CP1,0.04167505110414483
dmnelf002,VIS,hz4,CP2,-0.027822146303297615
dmnelf002,VIS,hz4,FC5,0.21142715956582533
dmnelf002,VIS,hz4,FC6,0.15989228687599366
dmnelf002,VIS,hz4,CP5,0.18252377640043077
dmnelf002,VIS,hz4,CP6,0.16995428131943324
dmnelf002,VIS,hz4,TP9,0.10100863112217817
dmnelf002,VIS,hz4,TP10,0.12259116241089978
dmnelf002,VIS,hz4,POz,-9.705288626982594e-06
dmnelf003,VIS,hz4,Fp1,0.07424772487321171
dmnelf003,VIS,hz4,Fp2,0.15644015402774553
dmnelf003,VIS,hz4,F3,0.019283206249234446
dmnelf003,VIS,hz4,F4,0.12685199390444296
dmnelf003,VIS,hz4,C3,0.07358470191924847
dmnelf003,VIS,hz4,C4,0.052427603041464765
dmnelf003,VIS,hz4,P3,0.11828275658252042
dmnelf003,VIS,hz4,P4,0.06076384342068012
dmnelf003,VIS,hz4,O1,0.15204020447874297
dmnelf003,VIS,hz4,O2,0.182420795218502
dmnelf003,VIS,hz4,F7,0.11755415705200017
dmnelf003,VIS,hz4,F8,0.021199272483722748
dmnelf003,VIS,hz4,T7,0.08084002136121529
dmnelf003,VIS,hz4,T8,-0.057228139599828705
dmnelf003,VIS,hz4,P7,0.11954575894309243
dmnelf003,VIS,hz4,P8,0.09870261398973529
dmnelf003,VIS,hz4,Fz,0.09948084408702555
dmnelf003,VIS,hz4,Cz,0.11722707562341855
dmnelf003,VIS,hz4,Pz,0.0800265580984201
dmnelf003,VIS,hz4,Oz,0.18171650011364368
dmnelf003,VIS,hz4,FC1,0.04755213201462426
dmnelf003,VIS,hz4,FC2,0.15901132125359307
dmnelf003,VIS,hz4,CP1,0.01701878828276685
dmnelf003,VIS,hz4,CP2,0.126889451797556
dmnelf003,VIS,hz4,FC5,0.10727712339783302
dmnelf003,VIS,hz4,FC6,0.08309959260694368
dmnelf003,VIS,hz4,CP5,0.09475988591525103
dmnelf003,VIS,hz4,CP6,0.03244495240294839
dmnelf003,VIS,hz4,TP9,0.10088787851001263
dmnelf003,VIS,hz4,TP10,0.11075040554791767
dmnelf003,VIS,hz4,POz,0.14433183155015278
dmnelf004,VIS,hz4,Fp1,0.19191060052137912
dmnelf004,VIS,hz4,Fp2,0.1934782355862884
dmnelf004,VIS,hz4,F3,0.15116669579908634
dmnelf004,VIS,hz4,F4,0.19150032066915149
dmnelf004,VIS,hz4,C3,0.24164887103465862
dmnelf004,VIS,hz4,C4,0.17597593600682443
dmnelf004,VIS,hz4,P3,0.21438268172801497
dmnelf004,VIS,hz4,P4,0.19747289190423847
dmnelf004,VIS,hz4,O1,0.23749459963086883
dmnelf004,VIS,hz4,O2,0.2382198682072333
dmnelf004,VIS,hz4,F7,0.16512312972375243
dmnelf004,VIS,hz4,F8,0.172992042459124
dmnelf004,VIS,hz4,T7,0.16096131546957276
dmnelf004,VIS,hz4,T8,0.13424163057834082
dmnelf004,VIS,hz4,P7,0.22634138627336678
dmnelf004,VIS,hz4,P8,0.1944935583783822
dmnelf004,VIS,hz4,Fz,0.2198514484489609
dmnelf004,VIS,hz4,Cz,0.09584091103378585
dmnelf004,VIS,hz4,Pz,0.13417675736311901
dmnelf004,VIS,hz4,Oz,0.21991704100244405
dmnelf004,VIS,hz4,FC1,0.2740352097853998
dmnelf004,VIS,hz4,FC2,0.2717753095927147
dmnelf004,VIS,hz4,CP1,0.17556639027027204
dmnelf004,VIS,hz4,CP2,0.22563684502782205
dmnelf004,VIS,hz4,FC5,0.14521525331187338
dmnelf004,VIS,hz4,FC6,0.1578095690384166
dmnelf004,VIS,hz4,CP5,0.13474061382505398
dmnelf004,VIS,hz4,CP6,0.23071785043231777
dmnelf004,VIS,hz4,TP9,0.231604079087455
dmnelf004,VIS,hz4,TP10,0.1963876047056406
dmnelf004,VIS,hz4,POz,0.10200665436460685
dmnelf005,VIS,hz4,Fp1,0.24833556246886307
dmnelf005,VIS,hz4,Fp2,0.24483950341196914
dmnelf005,VIS,hz4,F3,0.11823084298758531
dmnelf005,VIS,hz4,F4,0.1387490546963147
dmnelf005,VIS,hz4,C3,0.07178062442841679
dmnelf005,VIS,hz4,C4,0.1252983852402607
dmnelf005,VIS,hz4,P3,0.06252034110069953
dmnelf005,VIS,hz4,P4,0.1091382760464687
dmnelf005,VIS,hz4,O1,0.06762078203201219
dmnelf005,VIS,hz4,O2,0.09457312799503377
dmnelf005,VIS,hz4,F7,0.20930987984537253
dmnelf005,VIS,hz4,F8,0.20182052214967003
dmnelf005,VIS,hz4,T7,0.21961931510545932
dmnelf005,VIS,hz4,T8,0.10546102671551892
dmnelf005,VIS,hz4,P7,0.11208535008878313
dmnelf005,VIS,hz4,P8,0.05594883290618882
dmnelf005,VIS,hz4,Fz,0.04429334566865437
dmnelf005,VIS,hz4,Cz,0.23728422820294787
dmnelf005,VIS,hz4,Pz,0.1723768112696706
dmnelf005,VIS,hz4,Oz,0.1852627037200885
dmnelf005,VIS,hz4,FC1,0.1818775604802464
dmnelf005,VIS,hz4,FC2,0.22132186769255818
dmnelf005,VIS,hz4,CP1,0.16854638633033345
dmnelf005,VIS,hz4,CP2,0.19205941165675414
dmnelf005,VIS,hz4,FC5,0.18088464811398253
dmnelf005,VIS,hz4,FC6,0.20331101945026692
dmnelf005,VIS,hz4,CP5,0.13736136724155848
dmnelf005,VIS,hz4,CP6,0.025862626196089412
dmnelf005,VIS,hz4,TP9,0.1168267697850116
dmnelf005,VIS,hz4,TP10,-0.015029904756803701
dmnelf005,VIS,hz4,POz,0.19147619598316604
dmnelf006,VIS,hz4,Fp1,-0.029673589238007475
dmnelf006,VIS,hz4,Fp2,0.04878221977339134
dmnelf006,VIS,hz4,F3,0.08486076313751469
dmnelf006,VIS,hz4,F4,0.08766318375043453
dmnelf006,VIS,hz4,C3,0.08190247785975763
dmnelf006,VIS,hz4,C4,0.1147526929830232
dmnelf006,VIS,hz4,P3,0.07753323139375852
dmnelf006,VIS,hz4,P4,0.16293450037181345
dmnelf006,VIS,hz4,O1,-0.04695347555045036
dmnelf006,VIS,hz4,O2,0.010965884710154347
dmnelf006,VIS,hz4,F7,-0.09318090968490599
dmnelf006,VIS,hz4,F8,-0.07875680772921813
dmnelf006,VIS,hz4,T7,-0.0809588643974092
dmnelf006,VIS,hz4,T8,-0.023619707969563523
dmnelf006,VIS,hz4,P7,0.036045374289932305
dmnelf006,VIS,hz4,P8,-0.05459319959511196
dmnelf006,VIS,hz4,Fz,0.09691991001879235
dmnelf006,VIS,hz4,Cz,0.2015690550869592
dmnelf006,VIS,hz4,Pz,0.17164291228285636
dmnelf006,VIS,hz4,Oz,-0.012957955899125354
dmnelf006,VIS,hz4,FC1,0.09169403715407914
dmnelf006,VIS,hz4,FC2,0.062045795096267696
dmnelf006,VIS,hz4,CP1,0.14673419559206893
dmnelf006,VIS,hz4,CP2,-0.02087195211903179
dmnelf006,VIS,hz4,FC5,-0.1462343203886515
dmnelf006,VIS,hz4,FC6,-0.12410627411158001
dmnelf006,VIS,hz4,CP5,0.20742430598770362
dmnelf006,VIS,hz4,CP6,0.08310919678850852
dmnelf006,VIS,hz4,TP9,0.0025281774664304615
dmnelf006,VIS,hz4,TP10,-0.003944400519408213
dmnelf006,VIS,hz4,POz,0.17354174004702827
dmnelf007,VIS,hz4,Fp1,0.03335722284290014
dmnelf007,VIS,hz4,Fp2,0.08085427005552387
dmnelf007,VIS,hz4,F3,0.20764088057063118
dmnelf007,VIS,hz4,F4,0.1541336936488696
dmnelf007,VIS,hz4,C3,0.2323731103080805
dmnelf007,VIS,hz4,C4,0.07216365210804913
dmnelf007,VIS,hz4,P3,0.06376623897025419
dmnelf007,VIS,hz4,P4,0.24519566166177098
dmnelf007,VIS,hz4,O1,0.24241753046094536
dmnelf007,VIS,hz4,O2,0.25779079229579727
dmnelf007,VIS,hz4,F7,-0.013520494344277144
dmnelf007,VIS,hz4,F8,0.12232921351912328
dmnelf007,VIS,hz4,T7,0.107656868876753
dmnelf007,VIS,hz4,T8,0.058570659950710396
dmnelf007,VIS,hz4,P7,0.2003077620575632
dmnelf007,VIS,hz4,P8,0.17074596615146492
dmnelf007,VIS,hz4,Fz,0.16056744119282215
dmnelf007,VIS,hz4,Cz,0.20086149782139656
dmnelf007,VIS,hz4,Pz,0.2428927200678151
dmnelf007,VIS,hz4,Oz,0.2958507054033682
dmnelf007,VIS,hz4,FC1,0.05726834467792856
dmnelf007,VIS,hz4,FC2,0.24613334104283946
dmnelf007,VIS,hz4,CP1,0.13138563159424596
dmnelf007,VIS,hz4,CP2,0.2813294550181576
dmnelf007,VIS,hz4,FC5,0.15916052893520058
dmnelf007,VIS,hz4,FC6,0.13596391663282328
dmnelf007,VIS,hz4,CP5,0.06482116047579531
dmnelf007,VIS,hz4,CP6,0.24824377238694598
dmnelf007,VIS,hz4,TP9,0.023637250410381765
dmnelf007,VIS,hz4,TP10,0.04371910933771011
dmnelf007,VIS,hz4,POz,0.24479447196503423
dmnelf008,VIS,hz4,Fp1,0.1176106266554334
dmnelf008,VIS,hz4,Fp2,0.15253717433549438
dmnelf008,VIS,hz4,F3,0.15915803246120414
dmnelf008,VIS,hz4,F4,0.20488464597758513
dmnelf008,VIS,hz4,C3,0.11008583839346169
dmnelf008,VIS,hz4,C4,0.14829960535181197
dmnelf008,VIS,hz4,P3,0.20776327058196276
dmnelf008,VIS,hz4,P4,0.10971816661533391
dmnelf008,VIS,hz4,O1,0.13066464209797513
dmnelf008,VIS,hz4,O2,0.10555301097087985
dmnelf008,VIS,hz4,F7,0.18424319564882985
dmnelf008,VIS,hz4,F8,0.16476295128285104
dmnelf008,VIS,hz4,T7,0.12124077922603588
dmnelf008,VIS,hz4,T8,0.16690151509145035
dmnelf008,VIS,hz4,P7,0.10958017176984448
dmnelf008,VIS,hz4,P8,0.11571813946546008
dmnelf008,VIS,hz4,Fz,0.1695635960055454
dmnelf008,VIS,hz4,Cz,0.12776885437915123
dmnelf008,VIS,hz4,Pz,0.13160128798759269
dmnelf008,VIS,hz4,Oz,0.09521156566770637
dmnelf008,VIS,hz4,FC1,0.09017178512013604
dmnelf008,VIS,hz4,FC2,0.12547242672259784
dmnelf008,VIS,hz4,CP1,0.07467826589143473
dmnelf008,VIS,hz4,CP2,0.15314088353439476
dmnelf008,VIS,hz4,FC5,0.17905144850599633
dmnelf008,VIS,hz4,FC6,0.1635923695960557
dmnelf008,VIS,hz4,CP5,0.21662998831222366
dmnelf008,VIS,hz4,CP6,0.134069072165604
dmnelf008,VIS,hz4,TP9,0.15504876288414635
dmnelf008,VIS,hz4,TP10,0.13610514346748376
dmnelf008,VIS,hz4,POz,0.09948492257173118
dmnelf009,VIS,hz4,Fp1,0.23027815407286228
dmnelf009,VIS,hz4,Fp2,0.31526547270633404
dmnelf009,VIS,hz4,F3,0.20033302851738602
dmnelf009,VIS,hz4,F4,0.17093937350642033
dmnelf009,VIS,hz4,C3,0.231173943588323
dmnelf009,VIS,hz4,C4,0.16836654310449226
dmnelf009,VIS,hz4,P3,0.22469912227307431
dmnelf009,VIS,hz4,P4,0.22487876702850074
dmnelf009,VIS,hz4,O1,0.250194750250513
dmnelf009,VIS,hz4,O2,0.2773071114506241
dmnelf009,VIS,hz4,F7,0.22343162565220154
dmnelf009,VIS,hz4,F8,0.17248340215652738
dmnelf009,VIS,hz4,T7,0.1504938917018627
dmnelf009,VIS,hz4,T8,0.16517736230186525
dmnelf009,VIS,hz4,P7,0.1738938831463922
dmnelf009,VIS,hz4,P8,0.19865614762716408
dmnelf009,VIS,hz4,Fz,0.11156867471274681
dmnelf009,VIS,hz4,Cz,0.18549753651275494
dmnelf009,VIS,hz4,Pz,0.18040743354291355
dmnelf009,VIS,hz4,Oz,0.23870799244102717
dmnelf009,VIS,hz4,FC1,0.299406686879618
dmnelf009,VIS,hz4,FC2,0.15193111503270507
dmnelf009,VIS,hz4,CP1,0.22360644812817096
dmnelf009,VIS,hz4,CP2,0.08885747514316386
dmnelf009,VIS,hz4,FC5,0.24772804300893111
dmnelf009,VIS,hz4,FC6,0.23990791776506915
dmnelf009,VIS,hz4,CP5,0.1946511807680699
dmnelf009,VIS,hz4,CP6,0.22770409012315468
dmnelf009,VIS,hz4,TP9,0.18548153542526088
dmnelf009,VIS,hz4,TP10,0.07529069424834876
dmnelf009,VIS,hz4,POz,0.299041102727903
dmnelf010,VIS,hz4,Fp1,0.10962052292549467
dmnelf010,VIS,hz4,Fp2,0.15253060585764663
dmnelf010,VIS,hz4,F3,0.08971960335793167
dmnelf010,VIS,hz4,F4,0.08914587967625504
dmnelf010,VIS,hz4,C3,0.21256516830743807
dmnelf010,VIS,hz4,C4,0.15537795819248884
dmnelf010,VIS,hz4,P3,0.0903251509841071
dmnelf010,VIS,hz4,P4,-0.027359019673084253
dmnelf010,VIS,hz4,O1,0.1828439518709839
dmnelf010,VIS,hz4,O2,0.20288123076284442
dmnelf010,VIS,hz4,F7,0.20612243490068624
dmnelf010,VIS,hz4,F8,0.15827408319830674
dmnelf010,VIS,hz4,T7,0.2125532937409568
dmnelf010,VIS,hz4,T8,0.20008784643837532
dmnelf010,VIS,hz4,P7,0.20745186598217458
dmnelf010,VIS,hz4,P8,0.15230656448736205
dmnelf010,VIS,hz4,Fz,0.1570586388529895
dmnelf010,VIS,hz4,Cz,0.20281186653787417
dmnelf010,VIS,hz4,Pz,0.030738296465755398
dmnelf010,VIS,hz4,Oz,0.25039119524680203
dmnelf010,VIS,hz4,FC1,0.22985946379169414
dmnelf010,VIS,hz4,FC2,0.20688348911830493
dmnelf010,VIS,hz4,CP1,0.23490789631348016
dmnelf010,VIS,hz4,CP2,-0.02961960468125291
dmnelf010,VIS,hz4,FC5,0.21173453346194712
dmnelf010,VIS,hz4,FC6,0.103935343590296
dmnelf010,VIS,hz4,CP5,0.23007811674509474
dmnelf010,VIS,hz4,CP6,0.16568105581329318
dmnelf010,VIS,hz4,TP9,0.15895802486841742
dmnelf010,VIS,hz4,TP10,0.18284499141205166
dmnelf010,VIS,hz4,POz,-0.004193224225363245
dmnelf011,VIS,hz4,Fp1,-0.14290251778105642
dmnelf011,VIS,hz4,Fp2,-0.19666935082572565
dmnelf011,VIS,hz4,F3,-0.1619950273016377
dmnelf011,VIS,hz4,F4,-0.05142589512587831
dmnelf011,VIS,hz4,C3,-0.2079743445843001
dmnelf011,VIS,hz4,C4,0.05071225201153377
dmnelf011,VIS,hz4,P3,-0.14278949757763346
dmnelf011,VIS,hz4,P4,-0.014126859255247435
dmnelf011,VIS,hz4,O1,-0.07365435410721957
dmnelf011,VIS,hz4,O2,-0.06559170438583796
dmnelf011,VIS,hz4,F7,-0.11700043852070098
dmnelf011,VIS,hz4,F8,-0.07544048084194309
dmnelf011,VIS,hz4,T7,0.021379864260900466
dmnelf011,VIS,hz4,T8,-0.2655290284738718
dmnelf011,VIS,hz4,P7,-0.05981104855809821
dmnelf011,VIS,hz4,P8,-0.17944204307164233
dmnelf011,VIS,hz4,Fz,-0.10404035008956705
dmnelf011,VIS,hz4,Cz,-0.0153270662720419
dmnelf011,VIS,hz4,Pz,0.038808358945562615
dmnelf011,VIS,hz4,Oz,-0.08693239943944145
dmnelf011,VIS,hz4,FC1,-0.12275597770372379
dmnelf011,VIS,hz4,FC2,-0.014699803941170887
dmnelf011,VIS,hz4,CP1,-0.11015862538340104
dmnelf011,VIS,hz4,CP2,0.014359401086616973
dmnelf011,VIS,hz4,FC5,-0.2299994695064741
dmnelf011,VIS,hz4,FC6,-0.11799353498379492
dmnelf011,VIS,hz4,CP5,-0.039919681916809814
dmnelf011,VIS,hz4,CP6,-0.17122320744309333
dmnelf011,VIS,hz4,TP9,-0.07927546370937591
dmnelf011,VIS,hz4,TP10,-0.2203386253329823
dmnelf011,VIS,hz4,POz,-0.08966977181377968
dmnelf012,VIS,hz4,Fp1,0.2109094023019207
dmnelf012,VIS,hz4,Fp2,0.031783722079312994
dmnelf012,VIS,hz4,F3,0.13765444624767997
dmnelf012,VIS,hz4,F4,0.1678390664080471
dmnelf012,VIS,hz4,C3,0.16500493348623957
dmnelf012,VIS,hz4,C4,0.19293030468856745
dmnelf012,VIS,hz4,P3,0.2765897072826933
dmnelf012,VIS,hz4,P4,0.20060042895900398
dmnelf012,VIS,hz4,O1,0.07510509308822264
dmnelf012,VIS,hz4,O2,0.12805103235722085
dmnelf012,VIS,hz4,F7,0.21721735496184477
dmnelf012,VIS,hz4,F8,0.19759729284216196
dmnelf012,VIS,hz4,T7,0.13741987766702748
dmnelf012,VIS,hz4,T8,0.19101976221704195
dmnelf012,VIS,hz4,P7,0.06547292188120149
dmnelf012,VIS,hz4,P8,0.2251446714727807
dmnelf012,VIS,hz4,Fz,0.0972317616270048
dmnelf012,VIS,hz4,Cz,0.05892413367057932
dmnelf012,VIS,hz4,Pz,0.15655221194911043
dmnelf012,VIS,hz4,Oz,0.020257860634018618
dmnelf012,VIS,hz4,FC1,0.09292304954770929
dmnelf012,VIS,hz4,FC2,0.1133137054723942
dmnelf012,VIS,hz4,CP1,0.13360581591173065
dmnelf012,VIS,hz4,CP2,0.1430455470194174
dmnelf012,VIS,hz4,FC5,0.2012621071446601
dmnelf012,VIS,hz4,FC6,0.1273610637761663
dmnelf012,VIS,hz4,CP5,0.13422271453804524
dmnelf012,VIS,hz4,CP6,0.2058511978553156
dmnelf012,VIS,hz4,TP9,0.11401886713587402
dmnelf012,VIS,hz4,TP10,0.2148314011969178
dmnelf012,VIS,hz4,POz,0.17295947451459895
dmnelf013,VIS,hz4,Fp1,-0.10379868335393873
dmnelf013,VIS,hz4,Fp2,-0.013623483586984265
dmnelf013,VIS,hz4,F3,-0.07517354008985977
dmnelf013,VIS,hz4,F4,-0.03544530048004418
dmnelf013,VIS,hz4,C3,-0.1843883922203738
dmnelf013,VIS,hz4,C4,0.008555840171787175
dmnelf013,VIS,hz4,P3,-0.11146689011617562
dmnelf013,VIS,hz4,P4,-0.15421409895986782
dmnelf013,VIS,hz4,O1,-0.027721074151762035
dmnelf013,VIS,hz4,O2,-0.16269704331072002
dmnelf013,VIS,hz4,F7,-0.05661413846258275
dmnelf013,VIS,hz4,F8,-0.014013784815941507
dmnelf013,VIS,hz4,T7,-0.05714193610849248
dmnelf013,VIS,hz4,T8,0.10827521721671216
dmnelf013,VIS,hz4,P7,-0.14724612051248426
dmnelf013,VIS,hz4,P8,-0.05721031622102216
dmnelf013,VIS,hz4,Fz,-0.06655647762025059
dmnelf013,VIS,hz4,Cz,-0.0009602322074986808
dmnelf013,VIS,hz4,Pz,-0.005568496700105715
dmnelf013,VIS,hz4,Oz,-0.1886104725075282
dmnelf013,VIS,hz4,FC1,-0.11598718621533835
dmnelf013,VIS,hz4,FC2,0.02131330948402469
dmnelf013,VIS,hz4,CP1,-0.0501697643850985
dmnelf013,VIS,hz4,CP2,-0.03659278140924989
dmnelf013,VIS,hz4,FC5,-0.07430091974682279
dmnelf013,VIS,hz4,FC6,0.021572745872586542
dmnelf013,VIS,hz4,CP5,-0.08260015334388635
dmnelf013,VIS,hz4,CP6,-0.09627454978433689
dmnelf013,VIS,hz4,TP9,-0.06003862635733952
dmnelf013,VIS,hz4,TP10,-0.04366600548519142
dmnelf013,VIS,hz4,POz,-0.08963875304760203
dmnelf014,VIS,hz4,Fp1,-0.09828731283138618
dmnelf014,VIS,hz4,Fp2,-0.08846496493640914
dmnelf014,VIS,hz4,F3,-0.05638091720039348
dmnelf014,VIS,hz4,F4,-0.005276135479856192
dmnelf014,VIS,hz4,C3,-0.028734590326549077
dmnelf014,VIS,hz4,C4,0.03578901687072775
dmnelf014,VIS,hz4,P3,-0.07928080729177751
dmnelf014,VIS,hz4,P4,-0.10454541466416975
dmnelf014,VIS,hz4,O1,0.06424693149613796
dmnelf014,VIS,hz4,O2,-0.06580691865133413
dmnelf014,VIS,hz4,F7,-0.0860415536950935
dmnelf014,VIS,hz4,F8,-0.057779988772589955
dmnelf014,VIS,hz4,T7,0.008587966375307336
dmnelf014,VIS,hz4,T8,-0.0033249529488043614
dmnelf014,VIS,hz4,P7,-0.04338194270538932
dmnelf014,VIS,hz4,P8,-0.09128771838537073
dmnelf014,VIS,hz4,Fz,-0.00153218516556822
dmnelf014,VIS,hz4,Cz,0.15745683395463375
dmnelf014,VIS,hz4,Pz,-0.04255605974217505
dmnelf014,VIS,hz4,Oz,-0.028679440685107457
dmnelf014,VIS,hz4,FC1,-0.09270422233301048
dmnelf014,VIS,hz4,FC2,0.11692705439561159
dmnelf014,VIS,hz4,CP1,-0.054178328415179874
dmnelf014,VIS,hz4,CP2,-0.13799560085181667
dmnelf014,VIS,hz4,FC5,-0.13613960507870645
dmnelf014,VIS,hz4,FC6,-0.10590135383560745
dmnelf014,VIS,hz4,CP5,-0.035067891785357956
dmnelf014,VIS,hz4,CP6,-0.014906148501119942
dmnelf014,VIS,hz4,TP9,-0.03520602501019144
dmnelf014,VIS,hz4,TP10,-0.03833095441541967
dmnelf014,VIS,hz4,POz,0.13997013983210174
dmnelf015,VIS,hz4,Fp1,0.14597224357850727
dmnelf015,VIS,hz4,Fp2,-0.1563986276911116
dmnelf015,VIS,hz4,F3,-0.16238696466759525
dmnelf015,VIS,hz4,F4,-0.07546390882517832
dmnelf015,VIS,hz4,C3,-0.002628180442272341
dmnelf015,VIS,hz4,C4,0.008022456566109571
dmnelf015,VIS,hz4,P3,-0.05682512975918685
dmnelf015,VIS,hz4,P4,-0.1606860889165175
dmnelf015,VIS,hz4,O1,-0.04013480602063355
dmnelf015,VIS,hz4,O2,0.06209586193959599
dmnelf015,VIS,hz4,F7,0.007291093444314261
dmnelf015,VIS,hz4,F8,-0.0369567167539757
dmnelf015,VIS,hz4,T7,0.05523763509548687
dmnelf015,VIS,hz4,T8,0.15961471125782917
dmnelf015,VIS,hz4,P7,0.021560015484701763
dmnelf015,VIS,hz4,P8,0.0610065196832468
dmnelf015,VIS,hz4,Fz,-0.11529922883862434
dmnelf015,VIS,hz4,Cz,0.0026603251205054687
dmnelf015,VIS,hz4,Pz,-0.008470230969876234
dmnelf015,VIS,hz4,Oz,-0.15533684108084936
dmnelf015,VIS,hz4,FC1,-0.1285699322421248
dmnelf015,VIS,hz4,FC2,-0.19777400941780884
dmnelf015,VIS,hz4,CP1,-0.028233135794091358
dmnelf015,VIS,hz4,CP2,-0.031096915535182054
dmnelf015,VIS,hz4,FC5,0.019393853461453045
dmnelf015,VIS,hz4,FC6,-0.04039848945785752
dmnelf015,VIS,hz4,CP5,-0.0751073751428819
dmnelf015,VIS,hz4,CP6,-0.031624898135449823
dmnelf015,VIS,hz4,TP9,-0.02165578913926106
dmnelf015,VIS,hz4,TP10,0.05179186153503205
dmnelf015,VIS,hz4,POz,-0.10283067842750197
dmnelf016,VIS,hz4,Fp1,0.049318834496524896
dmnelf016,VIS,hz4,Fp2,0.0030838496532505314
dmnelf016,VIS,hz4,F3,0.02294718191952815
dmnelf016,VIS,hz4,F4,-0.07879142704758786
dmnelf016,VIS,hz4,C3,-0.0814411079097796
dmnelf016,VIS,hz4,C4,-0.09992283042908642
dmnelf016,VIS,hz4,P3,0.088473614475348
dmnelf016,VIS,hz4,P4,-0.005376611790486717
dmnelf016,VIS,hz4,O1,0.018585821438189338
dmnelf016,VIS,hz4,O2,-0.04563919318009812
dmnelf016,VIS,hz4,F7,0.12662980547123323
dmnelf016,VIS,hz4,F8,0.12844974740158951
dmnelf016,VIS,hz4,T7,0.04976445808283831
dmnelf016,VIS,hz4,T8,0.15880476197128507
dmnelf016,VIS,hz4,P7,-0.003506339353892149
dmnelf016,VIS,hz4,P8,0.01346787540965026
dmnelf016,VIS,hz4,Fz,-0.10473821682781163
dmnelf016,VIS,hz4,Cz,-0.03217960205940027
dmnelf016,VIS,hz4,Pz,0.17217431401371702
dmnelf016,VIS,hz4,Oz,0.15301756865129226
dmnelf016,VIS,hz4,FC1,-0.0022730699180674952
dmnelf016,VIS,hz4,FC2,-0.03714818819692668
dmnelf016,VIS,hz4,CP1,-0.09069618847375294
dmnelf016,VIS,hz4,CP2,-0.061821536296821376
dmnelf016,VIS,hz4,FC5,0.10669725145897037
dmnelf016,VIS,hz4,FC6,0.09225062781726961
dmnelf016,VIS,hz4,CP5,-0.07912824687800533
dmnelf016,VIS,hz4,CP6,-0.030101892671344724
dmnelf016,VIS,hz4,TP9,-0.08452451610798635
dmnelf016,VIS,hz4,TP10,0.020845778263637572
dmnelf016,VIS,hz4,POz,-0.059505414627937084
dmnelf1001,VIS,hz4,Fp1,0.10411743658494703
dmnelf1001,VIS,hz4,Fp2,-0.008400851103943853
dmnelf1001,VIS,hz4,F3,0.11402655022701606
dmnelf1001,VIS,hz4,F4,0.03699338618823359
dmnelf1001,VIS,hz4,C3,-0.09334225046109448
dmnelf1001,VIS,hz4,C4,0.016224156546539394
dmnelf1001,VIS,hz4,P3,0.054677035860466225
dmnelf1001,VIS,hz4,P4,0.16549622639067132
dmnelf1001,VIS,hz4,O1,0.1180763916392168
dmnelf1001,VIS,hz4,O2,0.08543104306798995
dmnelf1001,VIS,hz4,F7,0.042817363425452046
dmnelf1001,VIS,hz4,F8,-0.06976711499302113
dmnelf1001,VIS,hz4,T7,-0.15412808292442814
dmnelf1001,VIS,hz4,T8,0.06321963114648589
dmnelf1001,VIS,hz4,P7,-0.02374094056355879
dmnelf1001,VIS,hz4,P8,-0.05164051319037093
dmnelf1001,VIS,hz4,Fz,0.16458388678550892
dmnelf1001,VIS,hz4,Cz,-0.12246128651915475
dmnelf1001,VIS,hz4,Pz,0.01035007675340002
dmnelf1001,VIS,hz4,Oz,0.0896338562083098
dmnelf1001,VIS,hz4,FC1,0.04412200126649287
dmnelf1001,VIS,hz4,FC2,-0.10912074622898231
dmnelf1001,VIS,hz4,CP1,0.05450059935036626
dmnelf1001,VIS,hz4,CP2,-0.09848200351959968
dmnelf1001,VIS,hz4,FC5,-0.0666019803959893
dmnelf1001,VIS,hz4,FC6,-0.047439171469076065
dmnelf1001,VIS,hz4,CP5,-0.05041811479013202
dmnelf1001,VIS,hz4,CP6,-0.0428073824712471
dmnelf1001,VIS,hz4,TP9,-0.009092548899400433
dmnelf1001,VIS,hz4,TP10,-0.11849398180481407
dmnelf1001,VIS,hz4,POz,0.05523913681655184
dmnelf1002,VIS,hz4,Fp1,0.16279125915804352
dmnelf1002,VIS,hz4,Fp2,0.18536939418077747
dmnelf1002,VIS,hz4,F3,0.13196343386423676
dmnelf1002,VIS,hz4,F4,0.269766773431935
dmnelf1002,VIS,hz4,C3,0.15030073881300388
dmnelf1002,VIS,hz4,C4,0.13646515667623382
dmnelf1002,VIS,hz4,P3,0.27300947989371405
dmnelf1002,VIS,hz4,P4,0.20724520863869042
dmnelf1002,VIS,hz4,O1,0.17376132657434373
dmnelf1002,VIS,hz4,O2,0.12612508860390154
dmnelf1002,VIS,hz4,F7,0.27140180127069086
dmnelf1002,VIS,hz4,F8,0.2526116761601712
dmnelf1002,VIS,hz4,T7,0.21251550722484563
dmnelf1002,VIS,hz4,T8,0.23998653997413538
dmnelf1002,VIS,hz4,P7,0.2719396808775974
dmnelf1002,VIS,hz4,P8,0.1652303226999148
dmnelf1002,VIS,hz4,Fz,0.23654346123582626
dmnelf1002,VIS,hz4,Cz,0.11658642956958694
dmnelf1002,VIS,hz4,Pz,0.18481854215169954
dmnelf1002,VIS,hz4,Oz,0.2077802434212758
dmnelf1002,VIS,hz4,FC1,0.07421652484172336
dmnelf1002,VIS,hz4,FC2,0.2948697021434984
dmnelf1002,VIS,hz4,CP1,0.1759448735952958
dmnelf1002,VIS,hz4,CP2,0.10456219390579016
dmnelf1002,VIS,hz4,FC5,0.2712977492056395
dmnelf1002,VIS,hz4,FC6,0.23840587657841314
dmnelf1002,VIS,hz4,CP5,0.25680142582041576
dmnelf1002,VIS,hz4,CP6,0.1622984147498412
dmnelf1002,VIS,hz4,TP9,0.2466445242711747
dmnelf1002,VIS,hz4,TP10,0.14576530568372265
dmnelf1002,VIS,hz4,POz,0.13570485347330546
dmnelf1003,VIS,hz4,Fp1,0.11220467037633985
dmnelf1003,VIS,hz4,Fp2,-0.10043940532101873
dmnelf1003,VIS,hz4,F3,-0.03079921423711211
dmnelf1003,VIS,hz4,F4,-0.07337529707351281
dmnelf1003,VIS,hz4,C3,0.02771353257862574
dmnelf1003,VIS,hz4,C4,0.013044079341076969
dmnelf1003,VIS,hz4,P3,0.15397525624978847
dmnelf1003,VIS,hz4,P4,0.2524283677004128
dmnelf1003,VIS,hz4,O1,0.02819898603103041
dmnelf1003,VIS,hz4,O2,0.15734216677181675
dmnelf1003,VIS,hz4,F7,-0.09505154768454341
dmnelf1003,VIS,hz4,F8,-0.21711914380810657
dmnelf1003,VIS,hz4,T7,-0.08720843908299888
dmnelf1003,VIS,hz4,T8,-0.009436452035025166
dmnelf1003,VIS,hz4,P7,-0.08179382415334881
dmnelf1003,VIS,hz4,P8,0.08439278934552727
dmnelf1003,VIS,hz4,Fz,0.11134268695364037
dmnelf1003,VIS,hz4,Cz,0.12059532314388721
dmnelf1003,VIS,hz4,Pz,0.13695744700722595
dmnelf1003,VIS,hz4,Oz,0.26518016059213284
dmnelf1003,VIS,hz4,FC1,-0.1456860610498014
dmnelf1003,VIS,hz4,FC2,0.06227371883719214
dmnelf1003,VIS,hz4,CP1,0.10346385629636466
dmnelf1003,VIS,hz4,CP2,-0.11666342445820703
dmnelf1003,VIS,hz4,FC5,0.00810565663993073
dmnelf1003,VIS,hz4,FC6,-0.1989077926403804
dmnelf1003,VIS,hz4,CP5,0.15107648754494007
dmnelf1003,VIS,hz4,CP6,0.047931864445263116
dmnelf1003,VIS,hz4,TP9,-0.12167777658027247
dmnelf1003,VIS,hz4,TP10,0.10849907535735817
dmnelf1003,VIS,hz4,POz,0.26465348698212676
