subject,target,resolution,electrode,r
dmnelf001,DMN,tr,Fp1,0.12801977430690606
dmnelf001,DMN,tr,Fp2,0.07073901516598011
dmnelf001,DMN,tr,F3,0.0693752684582322
dmnelf001,DMN,tr,F4,0.17903001940568863
dmnelf001,DMN,tr,C3,0.23059977816610946
dmnelf001,DMN,tr,C4,0.11918160162468575
dmnelf001,DMN,tr,P3,0.3137192385034333
dmnelf001,DMN,tr,P4,0.27188103790595963
dmnelf001,DMN,tr,O1,0.3512072293681476
dmnelf001,DMN,tr,O2,0.33649679260905396
dmnelf001,DMN,tr,F7,0.12330135106841811
dmnelf001,DMN,tr,F8,0.061835557128029434
dmnelf001,DMN,tr,T7,0.11046487816504373
dmnelf001,DMN,tr,T8,0.11098536101086731
dmnelf001,DMN,tr,P7,0.2624558973277597
dmnelf001,DMN,tr,P8,0.13729507286137593
dmnelf001,DMN,tr,Fz,0.14620407180532086
dmnelf001,DMN,tr,Cz,0.24971765378968988
dmnelf001,DMN,tr,Pz,0.36520902188563775
dmnelf001,DMN,tr,Oz,0.27016150049128845
dmnelf001,DMN,tr,FC1,0.20772398082012258
dmnelf001,DMN,tr,FC2,0.27390792186041224
dmnelf001,DMN,tr,CP1,0.29551319982393265
dmnelf001,DMN,tr,CP2,0.24421176882286086
dmnelf001,DMN,tr,FC5,0.08784991996077171
dmnelf001,DMN,tr,FC6,0.08480699416204099
dmnelf001,DMN,tr,CP5,0.1957587104267594
dmnelf001,DMN,tr,CP6,0.11363338724473326
dmnelf001,DMN,tr,TP9,0.19777788422357478
dmnelf001,DMN,tr,TP10,0.07652171199924211
dmnelf001,DMN,tr,POz,0.18679075229146141
dmnelf004,DMN,tr,Fp1,-0.0965273524032631
dmnelf004,DMN,tr,Fp2,-0.18502260062570058
dmnelf004,DMN,tr,F3,-0.0027937638999076947
dmnelf004,DMN,tr,F4,0.035944855745553596
dmnelf004,DMN,tr,C3,0.018538890417155087
dmnelf004,DMN,tr,C4,0.28146223473727683
dmnelf004,DMN,tr,P3,-0.09794518265337879
dmnelf004,DMN,tr,P4,0.12949893614393673
dmnelf004,DMN,tr,O1,0.07891020505569274
dmnelf004,DMN,tr,O2,0.0142841370657159
dmnelf004,DMN,tr,F7,0.006099624469542812
dmnelf004,DMN,tr,F8,-0.0474711797385797
dmnelf004,DMN,tr,T7,-0.015376952050464403
dmnelf004,DMN,tr,T8,0.07469885901804406
dmnelf004,DMN,tr,P7,-0.08723721613284392
dmnelf004,DMN,tr,P8,0.06116032128198588
dmnelf004,DMN,tr,Fz,0.1251502185707591
dmnelf004,DMN,tr,Cz,0.3426137246810994
dmnelf004,DMN,tr,Pz,0.17861574404661923
dmnelf004,DMN,tr,Oz,0.2150578274738948
dmnelf004,DMN,tr,FC1,0.1280801218769375
dmnelf004,DMN,tr,FC2,0.23606839718370926
dmnelf004,DMN,tr,CP1,0.003997441733109827
dmnelf004,DMN,tr,CP2,0.1955237136475852
dmnelf004,DMN,tr,FC5,0.2560349064449314
dmnelf004,DMN,tr,FC6,-0.09034730431845435
dmnelf004,DMN,tr,CP5,0.12669682058065154
dmnelf004,DMN,tr,CP6,0.004478293855618895
dmnelf004,DMN,tr,TP9,-0.04581915940907458
dmnelf004,DMN,tr,TP10,0.11946240205219211
dmnelf004,DMN,tr,POz,-0.04046330079267313
dmnelf005,DMN,tr,Fp1,-0.009921885603615292
dmnelf005,DMN,tr,Fp2,0.07751241483365798
dmnelf005,DMN,tr,F3,0.07112875672278629
dmnelf005,DMN,tr,F4,0.13092145007912748
dmnelf005,DMN,tr,C3,0.09008101677453642
dmnelf005,DMN,tr,C4,-0.0072485672778994995
dmnelf005,DMN,tr,P3,0.16982728226169663
dmnelf005,DMN,tr,P4,0.1872020776279198
dmnelf005,DMN,tr,O1,0.12260043238632543
dmnelf005,DMN,tr,O2,0.04576563139657713
dmnelf005,DMN,tr,F7,0.1690473583208889
dmnelf005,DMN,tr,F8,0.13194979306743845
dmnelf005,DMN,tr,T7,0.05380438474245426
dmnelf005,DMN,tr,T8,0.1232891501859486
dmnelf005,DMN,tr,P7,0.1805637333374207
dmnelf005,DMN,tr,P8,0.19032536470017564
dmnelf005,DMN,tr,Fz,0.21533897624973428
dmnelf005,DMN,tr,Cz,0.05478534309084558
dmnelf005,DMN,tr,Pz,0.043687582719703
dmnelf005,DMN,tr,Oz,0.07907856847058574
dmnelf005,DMN,tr,FC1,0.16618616662167268
dmnelf005,DMN,tr,FC2,0.13134150619110915
dmnelf005,DMN,tr,CP1,0.018788955969467773
dmnelf005,DMN,tr,CP2,0.05557504035843512
dmnelf005,DMN,tr,FC5,0.11033825921611916
dmnelf005,DMN,tr,FC6,0.12438119285272632
dmnelf005,DMN,tr,CP5,0.1486459859452177
dmnelf005,DMN,tr,CP6,0.1626844053560921
dmnelf005,DMN,tr,TP9,0.1278789667125173
dmnelf005,DMN,tr,TP10,0.1373970291444454
dmnelf005,DMN,tr,POz,0.153575854983502
dmnelf006,DMN,tr,Fp1,0.06337606089130013
dmnelf006,DMN,tr,Fp2,0.23327411990734906
dmnelf006,DMN,tr,F3,0.07141182286969956
dmnelf006,DMN,tr,F4,0.18068030838565982
dmnelf006,DMN,tr,C3,0.00804473124562119
dmnelf006,DMN,tr,C4,0.1862756139266345
dmnelf006,DMN,tr,P3,0.20967864274901113
dmnelf006,DMN,tr,P4,0.272764105468067
dmnelf006,DMN,tr,O1,0.43825899249628986
dmnelf006,DMN,tr,O2,0.28115508758991337
dmnelf006,DMN,tr,F7,0.06639309727575843
dmnelf006,DMN,tr,F8,0.17335593272352603
dmnelf006,DMN,tr,T7,0.040963465967664335
dmnelf006,DMN,tr,T8,0.29398795766047725
dmnelf006,DMN,tr,P7,0.13550390428054732
dmnelf006,DMN,tr,P8,0.22386434789031676
dmnelf006,DMN,tr,Fz,0.1374939186817647
dmnelf006,DMN,tr,Cz,0.20373510739810802
dmnelf006,DMN,tr,Pz,0.20957721030386206
dmnelf006,DMN,tr,Oz,0.36801520520666575
dmnelf006,DMN,tr,FC1,0.17473246153607813
dmnelf006,DMN,tr,FC2,-0.06679091583877104
dmnelf006,DMN,tr,CP1,0.18271331124818502
dmnelf006,DMN,tr,CP2,-0.01888751119093557
dmnelf006,DMN,tr,FC5,0.010084292006778323
dmnelf006,DMN,tr,FC6,0.1522767373951746
dmnelf006,DMN,tr,CP5,0.3352120127637005
dmnelf006,DMN,tr,CP6,0.20142206238474744
dmnelf006,DMN,tr,TP9,0.004332973034630004
dmnelf006,DMN,tr,TP10,0.07097056302207044
dmnelf006,DMN,tr,POz,0.15307947200948577
dmnelf007,DMN,tr,Fp1,0.2545321966424062
dmnelf007,DMN,tr,Fp2,0.31068818364145645
dmnelf007,DMN,tr,F3,0.23165195167019142
dmnelf007,DMN,tr,F4,0.08670237255091566
dmnelf007,DMN,tr,C3,-0.007912728347709147
dmnelf007,DMN,tr,C4,-0.10655245560579123
dmnelf007,DMN,tr,P3,-0.12594326062623337
dmnelf007,DMN,tr,P4,0.14973494571309665
dmnelf007,DMN,tr,O1,0.1510273916756763
dmnelf007,DMN,tr,O2,0.32461722230957335
dmnelf007,DMN,tr,F7,-0.1366843971654604
dmnelf007,DMN,tr,F8,0.15397635865070394
dmnelf007,DMN,tr,T7,0.1289371857133952
dmnelf007,DMN,tr,T8,-0.11072445198738619
dmnelf007,DMN,tr,P7,0.0459507089067617
dmnelf007,DMN,tr,P8,0.2260939662115249
dmnelf007,DMN,tr,Fz,0.09038888262722129
dmnelf007,DMN,tr,Cz,-0.20446839718271784
dmnelf007,DMN,tr,Pz,0.07351924688651917
dmnelf007,DMN,tr,Oz,0.26806274043381384
dmnelf007,DMN,tr,FC1,0.17844837778267517
dmnelf007,DMN,tr,FC2,-0.042567329298235604
dmnelf007,DMN,tr,CP1,-0.10345210191289884
dmnelf007,DMN,tr,CP2,-0.04863914819402393
dmnelf007,DMN,tr,FC5,0.07886949313753336
dmnelf007,DMN,tr,FC6,-0.0464772247631004
dmnelf007,DMN,tr,CP5,-0.04216044590074538
dmnelf007,DMN,tr,CP6,0.22839690145077773
dmnelf007,DMN,tr,TP9,0.14251279533163969
dmnelf007,DMN,tr,TP10,0.10518714897289541
dmnelf007,DMN,tr,POz,0.05317811588675868
dmnelf008,DMN,tr,Fp1,0.1798868105016837
dmnelf008,DMN,tr,Fp2,0.19276573822235643
dmnelf008,DMN,tr,F3,0.08725101208431488
dmnelf008,DMN,tr,F4,0.09517631269451418
dmnelf008,DMN,tr,C3,0.08503425250209781
dmnelf008,DMN,tr,C4,0.1101816202996536
dmnelf008,DMN,tr,P3,0.0659477458995363
dmnelf008,DMN,tr,P4,0.1706769135530068
dmnelf008,DMN,tr,O1,0.1430004878793479
dmnelf008,DMN,tr,O2,0.23988592579390333
dmnelf008,DMN,tr,F7,0.1394548735675994
dmnelf008,DMN,tr,F8,0.13518170437796384
dmnelf008,DMN,tr,T7,0.16179830844309967
dmnelf008,DMN,tr,T8,0.16662105928712487
dmnelf008,DMN,tr,P7,0.09859397550493759
dmnelf008,DMN,tr,P8,0.13219288455484712
dmnelf008,DMN,tr,Fz,0.0886840468653901
dmnelf008,DMN,tr,Cz,0.08838833872003479
dmnelf008,DMN,tr,Pz,0.24500269160479837
dmnelf008,DMN,tr,Oz,0.23773056064065756
dmnelf008,DMN,tr,FC1,0.09854307363609205
dmnelf008,DMN,tr,FC2,0.03398578657367239
dmnelf008,DMN,tr,CP1,0.06732208694549768
dmnelf008,DMN,tr,CP2,0.08273427094050509
dmnelf008,DMN,tr,FC5,0.13183405563959363
dmnelf008,DMN,tr,FC6,0.1118668797409668
dmnelf008,DMN,tr,CP5,0.15660197231601342
dmnelf008,DMN,tr,CP6,0.10228925456734839
dmnelf008,DMN,tr,TP9,0.12666093027288394
dmnelf008,DMN,tr,TP10,0.17212883087352704
dmnelf008,DMN,tr,POz,0.1593227929563933
dmnelf009,DMN,tr,Fp1,0.2645681586171081
dmnelf009,DMN,tr,Fp2,0.006222505060086002
dmnelf009,DMN,tr,F3,0.1878838477178048
dmnelf009,DMN,tr,F4,-0.04155678868211347
dmnelf009,DMN,tr,C3,0.08256940573370106
dmnelf009,DMN,tr,C4,0.15951728256802428
dmnelf009,DMN,tr,P3,0.016347548081810652
dmnelf009,DMN,tr,P4,0.30033126685594563
dmnelf009,DMN,tr,O1,0.15977071732821396
dmnelf009,DMN,tr,O2,0.2377691668648348
dmnelf009,DMN,tr,F7,0.4914658094427504
dmnelf009,DMN,tr,F8,0.1295281101296917
dmnelf009,DMN,tr,T7,0.3423080557991838
dmnelf009,DMN,tr,T8,0.31244624437532115
dmnelf009,DMN,tr,P7,0.1458894437648817
dmnelf009,DMN,tr,P8,0.33616807158055967
dmnelf009,DMN,tr,Fz,-0.0031878341257598405
dmnelf009,DMN,tr,Cz,0.14508316021002113
dmnelf009,DMN,tr,Pz,0.01833973787982022
dmnelf009,DMN,tr,Oz,0.19020188547890915
dmnelf009,DMN,tr,FC1,0.11079184431442235
dmnelf009,DMN,tr,FC2,0.04370780358398028
dmnelf009,DMN,tr,CP1,0.05108082319055733
dmnelf009,DMN,tr,CP2,0.10614034693962252
dmnelf009,DMN,tr,FC5,0.2606847194573463
dmnelf009,DMN,tr,FC6,0.06395736996184616
dmnelf009,DMN,tr,CP5,0.13563323328998478
dmnelf009,DMN,tr,CP6,0.2675953344514319
dmnelf009,DMN,tr,TP9,0.25536784066659496
dmnelf009,DMN,tr,TP10,0.22139452369765505
dmnelf009,DMN,tr,POz,0.06588581411411545
dmnelf010,DMN,tr,Fp1,0.2519949113380697
dmnelf010,DMN,tr,Fp2,0.2023985613732644
dmnelf010,DMN,tr,F3,0.22971138175388636
dmnelf010,DMN,tr,F4,0.38673174531629295
dmnelf010,DMN,tr,C3,0.3045505815686552
dmnelf010,DMN,tr,C4,0.32047261856790427
dmnelf010,DMN,tr,P3,0.263575334626195
dmnelf010,DMN,tr,P4,0.11902111591347234
dmnelf010,DMN,tr,O1,0.3310076264186824
dmnelf010,DMN,tr,O2,0.23254798693921513
dmnelf010,DMN,tr,F7,0.20270914343245988
dmnelf010,DMN,tr,F8,0.34069910365771694
dmnelf010,DMN,tr,T7,0.0974686629476447
dmnelf010,DMN,tr,T8,0.10605156143427194
dmnelf010,DMN,tr,P7,0.3098495991528476
dmnelf010,DMN,tr,P8,0.2582911012273448
dmnelf010,DMN,tr,Fz,0.20090336503224493
dmnelf010,DMN,tr,Cz,0.12791953915102122
dmnelf010,DMN,tr,Pz,0.15898527081616076
dmnelf010,DMN,tr,Oz,0.3525472451762198
dmnelf010,DMN,tr,FC1,0.3987943223677414
dmnelf010,DMN,tr,FC2,0.2771569918978888
dmnelf010,DMN,tr,CP1,0.40395802704905703
dmnelf010,DMN,tr,CP2,0.016554819983873436
dmnelf010,DMN,tr,FC5,0.3165980104241405
dmnelf010,DMN,tr,FC6,0.31450880248263174
dmnelf010,DMN,tr,CP5,0.21632732282783837
dmnelf010,DMN,tr,CP6,0.2726156276956724
dmnelf010,DMN,tr,TP9,0.11746614308355685
dmnelf010,DMN,tr,TP10,0.2944491565815072
dmnelf010,DMN,tr,POz,0.1072510250842155
dmnelf011,DMN,tr,Fp1,0.08877965024681692
dmnelf011,DMN,tr,Fp2,0.15799932689961702
dmnelf011,DMN,tr,F3,0.09515889210090048
dmnelf011,DMN,tr,F4,0.14697695704750283
dmnelf011,DMN,tr,C3,0.21968012908283907
dmnelf011,DMN,tr,C4,0.2521276097268164
dmnelf011,DMN,tr,P3,0.07584980696253943
dmnelf011,DMN,tr,P4,0.2098355186950668
dmnelf011,DMN,tr,O1,0.16935050668595453
dmnelf011,DMN,tr,O2,0.22095794116556586
dmnelf011,DMN,tr,F7,0.19156199297401647
dmnelf011,DMN,tr,F8,0.2218010525948982
dmnelf011,DMN,tr,T7,0.17387411727774557
dmnelf011,DMN,tr,T8,0.23576545038430224
dmnelf011,DMN,tr,P7,0.11803264665943984
dmnelf011,DMN,tr,P8,0.17852142265260984
dmnelf011,DMN,tr,Fz,0.2544940007306308
dmnelf011,DMN,tr,Cz,0.10778628403487292
dmnelf011,DMN,tr,Pz,0.13889004096517651
dmnelf011,DMN,tr,Oz,0.24901957784669024
dmnelf011,DMN,tr,FC1,0.08361151753482042
dmnelf011,DMN,tr,FC2,0.1056608188795985
dmnelf011,DMN,tr,CP1,0.20084215495978686
dmnelf011,DMN,tr,CP2,0.09762352174366315
dmnelf011,DMN,tr,FC5,0.21713914940801218
dmnelf011,DMN,tr,FC6,0.14916546411343928
dmnelf011,DMN,tr,CP5,0.16165478838448655
dmnelf011,DMN,tr,CP6,0.27786643354176616
dmnelf011,DMN,tr,TP9,0.1040322866671533
dmnelf011,DMN,tr,TP10,0.17079282593226577
dmnelf011,DMN,tr,POz,0.17392256280593338
dmnelf012,DMN,tr,Fp1,-0.03874625964784867
dmnelf012,DMN,tr,Fp2,0.022687877108881274
dmnelf012,DMN,tr,F3,0.1695147903405414
dmnelf012,DMN,tr,F4,0.026999832449972727
dmnelf012,DMN,tr,C3,0.06896523071958882
dmnelf012,DMN,tr,C4,0.1639060006165564
dmnelf012,DMN,tr,P3,0.09684617688025352
dmnelf012,DMN,tr,P4,-0.0935920826643906
dmnelf012,DMN,tr,O1,0.08070442600184327
dmnelf012,DMN,tr,O2,-0.16315612736302063
dmnelf012,DMN,tr,F7,0.02938444924367401
dmnelf012,DMN,tr,F8,0.17539267530894717
dmnelf012,DMN,tr,T7,0.09947088782095485
dmnelf012,DMN,tr,T8,0.22017834004529957
dmnelf012,DMN,tr,P7,0.19561852772041335
dmnelf012,DMN,tr,P8,0.0854466677594562
dmnelf012,DMN,tr,Fz,0.0648671415896105
dmnelf012,DMN,tr,Cz,0.1094324341632737
dmnelf012,DMN,tr,Pz,-0.13485961660244505
dmnelf012,DMN,tr,Oz,-0.10434607774719867
dmnelf012,DMN,tr,FC1,-0.07240423940835408
dmnelf012,DMN,tr,FC2,0.08151739042984184
dmnelf012,DMN,tr,CP1,0.0498358704009841
dmnelf012,DMN,tr,CP2,-0.16510798170042182
dmnelf012,DMN,tr,FC5,0.1127581779714987
dmnelf012,DMN,tr,FC6,0.16299898016791156
dmnelf012,DMN,tr,CP5,0.10832949168144125
dmnelf012,DMN,tr,CP6,0.09430463732207343
dmnelf012,DMN,tr,TP9,0.19386957898334295
dmnelf012,DMN,tr,TP10,0.15038970799731785
dmnelf012,DMN,tr,POz,-0.23649586196289935
dmnelf013,DMN,tr,Fp1,0.17195095664267918
dmnelf013,DMN,tr,Fp2,0.15401140362324167
dmnelf013,DMN,tr,F3,-0.06592750369613602
dmnelf013,DMN,tr,F4,0.1148346993229109
dmnelf013,DMN,tr,C3,0.18179834889456992
dmnelf013,DMN,tr,C4,0.030544085001143924
dmnelf013,DMN,tr,P3,0.10581031473855795
dmnelf013,DMN,tr,P4,0.05076980732351316
dmnelf013,DMN,tr,O1,0.3021716517400826
dmnelf013,DMN,tr,O2,0.15273592287243062
dmnelf013,DMN,tr,F7,0.08678441568366618
dmnelf013,DMN,tr,F8,0.09230287144685004
dmnelf013,DMN,tr,T7,0.17406844827549706
dmnelf013,DMN,tr,T8,0.12861851549162215
dmnelf013,DMN,tr,P7,0.20205356849904318
dmnelf013,DMN,tr,P8,0.16626855623417958
dmnelf013,DMN,tr,Fz,0.1391125234511854
dmnelf013,DMN,tr,Cz,0.23697892380280738
dmnelf013,DMN,tr,Pz,0.07125474347871874
dmnelf013,DMN,tr,Oz,0.1625162811056775
dmnelf013,DMN,tr,FC1,0.23388998642295644
dmnelf013,DMN,tr,FC2,0.16556552373817934
dmnelf013,DMN,tr,CP1,0.10015216325991824
dmnelf013,DMN,tr,CP2,0.16716426851517954
dmnelf013,DMN,tr,FC5,0.047929491803896794
dmnelf013,DMN,tr,FC6,0.08878380800532308
dmnelf013,DMN,tr,CP5,0.19335468210877615
dmnelf013,DMN,tr,CP6,0.09709914390927005
dmnelf013,DMN,tr,TP9,0.2466984443047569
dmnelf013,DMN,tr,TP10,0.16424777875420662
dmnelf013,DMN,tr,POz,0.19319040908815482
dmnelf014,DMN,tr,Fp1,0.18291859073880404
dmnelf014,DMN,tr,Fp2,0.16800969406286667
dmnelf014,DMN,tr,F3,0.05959887552000581
dmnelf014,DMN,tr,F4,0.14229758786887314
dmnelf014,DMN,tr,C3,-0.0022899780009743922
dmnelf014,DMN,tr,C4,-0.0847592729885705
dmnelf014,DMN,tr,P3,0.22144313524911935
dmnelf014,DMN,tr,P4,0.2996823724585116
dmnelf014,DMN,tr,O1,0.18649472160911254
dmnelf014,DMN,tr,O2,0.20356537380497153
dmnelf014,DMN,tr,F7,0.14293363328614828
dmnelf014,DMN,tr,F8,0.17674698412281403
dmnelf014,DMN,tr,T7,0.1603912260615022
dmnelf014,DMN,tr,T8,0.2371264521429696
dmnelf014,DMN,tr,P7,0.1498151707353588
dmnelf014,DMN,tr,P8,0.28402201750292166
dmnelf014,DMN,tr,Fz,0.1378767449145425
dmnelf014,DMN,tr,Cz,0.2080203788079819
dmnelf014,DMN,tr,Pz,-0.004329285653194029
dmnelf014,DMN,tr,Oz,0.16940333501890886
dmnelf014,DMN,tr,FC1,0.18027601492570847
dmnelf014,DMN,tr,FC2,0.12503538432802494
dmnelf014,DMN,tr,CP1,0.23243087657614636
dmnelf014,DMN,tr,CP2,0.22947174391998698
dmnelf014,DMN,tr,FC5,0.3146190532263062
dmnelf014,DMN,tr,FC6,0.23181761409186225
dmnelf014,DMN,tr,CP5,0.007606910625898036
dmnelf014,DMN,tr,CP6,0.12511891476158818
dmnelf014,DMN,tr,TP9,0.19522628695173994
dmnelf014,DMN,tr,TP10,0.1232253357840768
dmnelf014,DMN,tr,POz,0.1299702920564073
dmnelf015,DMN,tr,Fp1,-0.016220953972365657
dmnelf015,DMN,tr,Fp2,-0.06464123671771581
dmnelf015,DMN,tr,F3,-0.18443032169704035
dmnelf015,DMN,tr,F4,0.08621010797188604
dmnelf015,DMN,tr,C3,-0.21499410900213015
dmnelf015,DMN,tr,C4,-0.02026595567160088
dmnelf015,DMN,tr,P3,-0.011670535189682217
dmnelf015,DMN,tr,P4,-0.0480317058184557
dmnelf015,DMN,tr,O1,0.02170170925532932
dmnelf015,DMN,tr,O2,0.209004329161215
dmnelf015,DMN,tr,F7,-0.0029478756152406926
dmnelf015,DMN,tr,F8,0.0060333470650826004
dmnelf015,DMN,tr,T7,0.08292321182012462
dmnelf015,DMN,tr,T8,-0.048874537620353174
dmnelf015,DMN,tr,P7,0.2107329904144856
dmnelf015,DMN,tr,P8,-0.14651576402062744
dmnelf015,DMN,tr,Fz,0.10034154178042207
dmnelf015,DMN,tr,Cz,-0.10118773251189005
dmnelf015,DMN,tr,Pz,0.09996402199344857
dmnelf015,DMN,tr,Oz,0.022540208931577425
dmnelf015,DMN,tr,FC1,-0.0954084343023491
dmnelf015,DMN,tr,FC2,0.07789996994000464
dmnelf015,DMN,tr,CP1,-0.08181709033339131
dmnelf015,DMN,tr,CP2,0.0839084927857841
dmnelf015,DMN,tr,FC5,0.021546143906564494
dmnelf015,DMN,tr,FC6,0.1284155828057822
dmnelf015,DMN,tr,CP5,0.023740748817901794
dmnelf015,DMN,tr,CP6,-0.16424620916379748
dmnelf015,DMN,tr,TP9,0.10184199751689114
dmnelf015,DMN,tr,TP10,0.1290831884431099
dmnelf015,DMN,tr,POz,0.009145105534689266
dmnelf1001,DMN,tr,Fp1,-0.13328992844750948
dmnelf1001,DMN,tr,Fp2,-0.1819809610349254
dmnelf1001,DMN,tr,F3,-0.03604210395409682
dmnelf1001,DMN,tr,F4,-0.10473759894301123
dmnelf1001,DMN,tr,C3,0.11980198649798231
dmnelf1001,DMN,tr,C4,-0.05770286775242772
dmnelf1001,DMN,tr,P3,0.04352397174001695
dmnelf1001,DMN,tr,P4,0.005445746045651434
dmnelf1001,DMN,tr,O1,0.10580014595733632
dmnelf1001,DMN,tr,O2,-0.009272671958063658
dmnelf1001,DMN,tr,F7,0.001678949334536807
dmnelf1001,DMN,tr,F8,-0.1279275158597441
dmnelf1001,DMN,tr,T7,-0.14471993285765705
dmnelf1001,DMN,tr,T8,0.00433158140182858
dmnelf1001,DMN,tr,P7,-0.23920912933668537
dmnelf1001,DMN,tr,P8,-0.017110003755651505
dmnelf1001,DMN,tr,Fz,-0.09322389624849645
dmnelf1001,DMN,tr,Cz,-0.08193256951110797
dmnelf1001,DMN,tr,Pz,-0.1843677184357254
dmnelf1001,DMN,tr,Oz,0.03211065898745063
dmnelf1001,DMN,tr,FC1,-0.08019900994028979
dmnelf1001,DMN,tr,FC2,-0.04914237666911274
dmnelf1001,DMN,tr,CP1,-0.017795414975299816
dmnelf1001,DMN,tr,CP2,0.13815748285712176
dmnelf1001,DMN,tr,FC5,-0.005125462944605212
dmnelf1001,DMN,tr,FC6,-0.14751814009750364
dmnelf1001,DMN,tr,CP5,-0.22915106690361808
dmnelf1001,DMN,tr,CP6,0.03769486199708406
dmnelf1001,DMN,tr,TP9,0.01812194984503496
dmnelf1001,DMN,tr,TP10,-0.09057698728370987
dmnelf1001,DMN,tr,POz,0.053064001669696194
dmnelf1002,DMN,tr,Fp1,0.12187784223671969
dmnelf1002,DMN,tr,Fp2,0.25119317171020594
dmnelf1002,DMN,tr,F3,0.1260470372988713
dmnelf1002,DMN,tr,F4,0.360239815921358
dmnelf1002,DMN,tr,C3,0.10140921662758487
dmnelf1002,DMN,tr,C4,0.137994513350139
dmnelf1002,DMN,tr,P3,0.1689523849254876
dmnelf1002,DMN,tr,P4,0.07514231980545474
dmnelf1002,DMN,tr,O1,0.1983672835894702
dmnelf1002,DMN,tr,O2,0.22348777586985505
dmnelf1002,DMN,tr,F7,0.07912413441472513
dmnelf1002,DMN,tr,F8,0.3984428140744235
dmnelf1002,DMN,tr,T7,0.1292001858784811
dmnelf1002,DMN,tr,T8,0.23646190466211234
dmnelf1002,DMN,tr,P7,0.3544672091919051
dmnelf1002,DMN,tr,P8,0.18757711103413713
dmnelf1002,DMN,tr,Fz,0.15618348146944183
dmnelf1002,DMN,tr,Cz,0.2014853265480142
dmnelf1002,DMN,tr,Pz,0.14163550345023634
dmnelf1002,DMN,tr,Oz,0.14818611869511764
dmnelf1002,DMN,tr,FC1,0.13628502913554436
dmnelf1002,DMN,tr,FC2,0.32273909526411054
dmnelf1002,DMN,tr,CP1,0.15860528939948768
dmnelf1002,DMN,tr,CP2,0.10164355663656041
dmnelf1002,DMN,tr,FC5,0.23011675175673113
dmnelf1002,DMN,tr,FC6,0.21893275238687332
dmnelf1002,DMN,tr,CP5,0.28396646970945966
dmnelf1002,DMN,tr,CP6,0.09448038174864615
dmnelf1002,DMN,tr,TP9,0.31290100556106515
dmnelf1002,DMN,tr,TP10,0.11957948750484443
dmnelf1002,DMN,tr,POz,0.17417430018959296
dmnelf1003,DMN,tr,Fp1,-0.14192668813747644
dmnelf1003,DMN,tr,Fp2,-0.15096122478958154
dmnelf1003,DMN,tr,F3,-0.1465083570865103
dmnelf1003,DMN,tr,F4,-0.1136408886744471
dmnelf1003,DMN,tr,C3,-0.16135452963567393
dmnelf1003,DMN,tr,C4,-0.08937492653016718
dmnelf1003,DMN,tr,P3,-0.23271610012324964
dmnelf1003,DMN,tr,P4,-0.09064107558369416
dmnelf1003,DMN,tr,O1,-0.12088677725408098
dmnelf1003,DMN,tr,O2,-0.1401329465147491
dmnelf1003,DMN,tr,F7,-0.09219530095280726
dmnelf1003,DMN,tr,F8,-0.11469891784069666
dmnelf1003,DMN,tr,T7,-0.2784967653397812
dmnelf1003,DMN,tr,T8,-0.1834475148360807
dmnelf1003,DMN,tr,P7,-0.26492999874585865
dmnelf1003,DMN,tr,P8,-0.22451356226049032
dmnelf1003,DMN,tr,Fz,-0.08099344818497536
dmnelf1003,DMN,tr,Cz,-0.08385207620704045
dmnelf1003,DMN,tr,Pz,-0.3002380194871339
dmnelf1003,DMN,tr,Oz,-0.05483816006009827
dmnelf1003,DMN,tr,FC1,-0.07465736535442138
dmnelf1003,DMN,tr,FC2,-0.047939715535322114
dmnelf1003,DMN,tr,CP1,-0.26049999961712605
dmnelf1003,DMN,tr,CP2,-0.22487186491419137
dmnelf1003,DMN,tr,FC5,-0.1400343188523216
dmnelf1003,DMN,tr,FC6,-0.12708926954965027
dmnelf1003,DMN,tr,CP5,-0.22493287191155387
dmnelf1003,DMN,tr,CP6,-0.06211267665805234
dmnelf1003,DMN,tr,TP9,-0.2242525121659253
dmnelf1003,DMN,tr,TP10,-0.20775438084343695
dmnelf1003,DMN,tr,POz,-0.19401551446882104
dmnelf001,CEN,tr,Fp1,0.12458965215906898
dmnelf001,CEN,tr,Fp2,-0.11996014403719556
dmnelf001,CEN,tr,F3,0.22274322310769873
dmnelf001,CEN,tr,F4,0.19274755114841996
dmnelf001,CEN,tr,C3,0.3378571759961344
dmnelf001,CEN,tr,C4,-0.00788864010450032
dmnelf001,CEN,tr,P3,0.24890677202908396
dmnelf001,CEN,tr,P4,0.2669647471447785
dmnelf001,CEN,tr,O1,0.18669443410235878
dmnelf001,CEN,tr,O2,0.2231518275974709
dmnelf001,CEN,tr,F7,0.18126731993204617
dmnelf001,CEN,tr,F8,0.09708473514656737
dmnelf001,CEN,tr,T7,0.11969084434422009
dmnelf001,CEN,tr,T8,0.21394816430632269
dmnelf001,CEN,tr,P7,0.17352937834961574
dmnelf001,CEN,tr,P8,0.33299978058305185
dmnelf001,CEN,tr,Fz,0.00789331091902484
dmnelf001,CEN,tr,Cz,0.13495823267349316
dmnelf001,CEN,tr,Pz,0.011019348873074881
dmnelf001,CEN,tr,Oz,0.146964372967845
dmnelf001,CEN,tr,FC1,0.4259786239557738
dmnelf001,CEN,tr,FC2,0.22830636030530774
dmnelf001,CEN,tr,CP1,0.15656615274272595
dmnelf001,CEN,tr,CP2,0.2156394896352994
dmnelf001,CEN,tr,FC5,0.15364922599280484
dmnelf001,CEN,tr,FC6,0.17419316835272478
dmnelf001,CEN,tr,CP5,0.2835138602212056
dmnelf001,CEN,tr,CP6,0.25153123932426064
dmnelf001,CEN,tr,TP9,0.25193343844983473
dmnelf001,CEN,tr,TP10,0.21241179908762584
dmnelf001,CEN,tr,POz,0.047211466342094624
dmnelf004,CEN,tr,Fp1,-0.043952065086096
dmnelf004,CEN,tr,Fp2,0.09355078588573323
dmnelf004,CEN,tr,F3,-0.01140672933255963
dmnelf004,CEN,tr,F4,-0.02422917329385207
dmnelf004,CEN,tr,C3,-0.003018048706371704
dmnelf004,CEN,tr,C4,-0.024315393484266548
dmnelf004,CEN,tr,P3,0.027854790692959278
dmnelf004,CEN,tr,P4,0.007869644883496875
dmnelf004,CEN,tr,O1,-0.03642675141647937
dmnelf004,CEN,tr,O2,-0.1281046353325882
dmnelf004,CEN,tr,F7,-0.035694955286183404
dmnelf004,CEN,tr,F8,-0.048634307411139395
dmnelf004,CEN,tr,T7,-0.08628512238075181
dmnelf004,CEN,tr,T8,-0.04382903346789023
dmnelf004,CEN,tr,P7,-0.04551778111881101
dmnelf004,CEN,tr,P8,-0.07347151985201356
dmnelf004,CEN,tr,Fz,0.09059402539675741
dmnelf004,CEN,tr,Cz,0.09804696251026158
dmnelf004,CEN,tr,Pz,0.22533440019312057
dmnelf004,CEN,tr,Oz,0.0028730199781655495
dmnelf004,CEN,tr,FC1,-0.011646645350753215
dmnelf004,CEN,tr,FC2,0.04797652651948319
dmnelf004,CEN,tr,CP1,0.026361881144275533
dmnelf004,CEN,tr,CP2,0.024892790510516502
dmnelf004,CEN,tr,FC5,-0.0754415765176177
dmnelf004,CEN,tr,FC6,-0.1450679984137249
dmnelf004,CEN,tr,CP5,-0.035888291921254846
dmnelf004,CEN,tr,CP6,-0.06260492878776427
dmnelf004,CEN,tr,TP9,0.005240594323065603
dmnelf004,CEN,tr,TP10,-0.0020546271010390485
dmnelf004,CEN,tr,POz,0.03568869034641013
dmnelf005,CEN,tr,Fp1,0.2389401372799328
dmnelf005,CEN,tr,Fp2,0.2544118087819908
dmnelf005,CEN,tr,F3,0.376641236007662
dmnelf005,CEN,tr,F4,0.4305474453762823
dmnelf005,CEN,tr,C3,0.31609030474703337
dmnelf005,CEN,tr,C4,0.3061310816536663
dmnelf005,CEN,tr,P3,0.4342813522053272
dmnelf005,CEN,tr,P4,0.4259517324755632
dmnelf005,CEN,tr,O1,0.3420249901777847
dmnelf005,CEN,tr,O2,0.23070253940249194
dmnelf005,CEN,tr,F7,0.2964840970231124
dmnelf005,CEN,tr,F8,0.30627634941770643
dmnelf005,CEN,tr,T7,0.33285098707806615
dmnelf005,CEN,tr,T8,0.46053336616532004
dmnelf005,CEN,tr,P7,0.4248261135566814
dmnelf005,CEN,tr,P8,0.4461613556152857
dmnelf005,CEN,tr,Fz,0.5610560160417638
dmnelf005,CEN,tr,Cz,0.27043653282416485
dmnelf005,CEN,tr,Pz,0.19103655377205528
dmnelf005,CEN,tr,Oz,0.2507631660717205
dmnelf005,CEN,tr,FC1,0.37905688956062894
dmnelf005,CEN,tr,FC2,0.326110164756097
dmnelf005,CEN,tr,CP1,0.2905613145188066
dmnelf005,CEN,tr,CP2,0.3000313109644434
dmnelf005,CEN,tr,FC5,0.300660284664241
dmnelf005,CEN,tr,FC6,0.36526120391838707
dmnelf005,CEN,tr,CP5,0.4386849289363728
dmnelf005,CEN,tr,CP6,0.48963256105731395
dmnelf005,CEN,tr,TP9,0.2911454875074748
dmnelf005,CEN,tr,TP10,0.3638470435597786
dmnelf005,CEN,tr,POz,0.39584599540112375
dmnelf006,CEN,tr,Fp1,-0.25910195470896663
dmnelf006,CEN,tr,Fp2,-0.31065288016124776
dmnelf006,CEN,tr,F3,-0.17074645286455786
dmnelf006,CEN,tr,F4,-0.15102362786443618
dmnelf006,CEN,tr,C3,0.16356787385151844
dmnelf006,CEN,tr,C4,0.029134414332704254
dmnelf006,CEN,tr,P3,-0.09381382540293598
dmnelf006,CEN,tr,P4,-0.048137209678843246
dmnelf006,CEN,tr,O1,-0.20313121423759606
dmnelf006,CEN,tr,O2,-0.16866906207193072
dmnelf006,CEN,tr,F7,-0.17007514049932268
dmnelf006,CEN,tr,F8,-0.061238571238598404
dmnelf006,CEN,tr,T7,-0.1445533186615795
dmnelf006,CEN,tr,T8,-0.22586696217762248
dmnelf006,CEN,tr,P7,-0.2590113130342475
dmnelf006,CEN,tr,P8,0.06701161142042766
dmnelf006,CEN,tr,Fz,-0.07575807149781892
dmnelf006,CEN,tr,Cz,0.003076426721197262
dmnelf006,CEN,tr,Pz,-0.11580611512685039
dmnelf006,CEN,tr,Oz,-0.19884060041271917
dmnelf006,CEN,tr,FC1,-0.03676525549230951
dmnelf006,CEN,tr,FC2,-0.2830710221802496
dmnelf006,CEN,tr,CP1,0.07457845724107685
dmnelf006,CEN,tr,CP2,-0.09360893739092979
dmnelf006,CEN,tr,FC5,-0.02257591171700859
dmnelf006,CEN,tr,FC6,-0.13583048620938357
dmnelf006,CEN,tr,CP5,0.0664557956335264
dmnelf006,CEN,tr,CP6,-0.024916892671268107
dmnelf006,CEN,tr,TP9,-0.20903713403159935
dmnelf006,CEN,tr,TP10,0.16959775434944585
dmnelf006,CEN,tr,POz,-0.22168032631250512
dmnelf007,CEN,tr,Fp1,0.40831306180188526
dmnelf007,CEN,tr,Fp2,0.3544429823327021
dmnelf007,CEN,tr,F3,0.31609434651883905
dmnelf007,CEN,tr,F4,0.14927716984532735
dmnelf007,CEN,tr,C3,0.3653438425806673
dmnelf007,CEN,tr,C4,0.2614510502178238
dmnelf007,CEN,tr,P3,0.11346609199693565
dmnelf007,CEN,tr,P4,0.2794252530591222
dmnelf007,CEN,tr,O1,0.25565554679448915
dmnelf007,CEN,tr,O2,0.42285897384974624
dmnelf007,CEN,tr,F7,0.09943535392180623
dmnelf007,CEN,tr,F8,0.22580554087770088
dmnelf007,CEN,tr,T7,0.39752565757998953
dmnelf007,CEN,tr,T8,0.22503732436753365
dmnelf007,CEN,tr,P7,0.2078526872898327
dmnelf007,CEN,tr,P8,0.3322312593996707
dmnelf007,CEN,tr,Fz,0.11760533388007141
dmnelf007,CEN,tr,Cz,0.24798281646424047
dmnelf007,CEN,tr,Pz,0.35229758194549265
dmnelf007,CEN,tr,Oz,0.31813779338844705
dmnelf007,CEN,tr,FC1,0.28603447110904506
dmnelf007,CEN,tr,FC2,0.14529011163194971
dmnelf007,CEN,tr,CP1,0.10998394926369293
dmnelf007,CEN,tr,CP2,0.46135673011890166
dmnelf007,CEN,tr,FC5,0.18669690247168652
dmnelf007,CEN,tr,FC6,0.23094522145054722
dmnelf007,CEN,tr,CP5,0.1336217289678188
dmnelf007,CEN,tr,CP6,0.46477187577384016
dmnelf007,CEN,tr,TP9,0.23015069796847654
dmnelf007,CEN,tr,TP10,0.11954573145138317
dmnelf007,CEN,tr,POz,0.12813394916861243
dmnelf008,CEN,tr,Fp1,0.32900893225915273
dmnelf008,CEN,tr,Fp2,0.4943070395997251
dmnelf008,CEN,tr,F3,0.4183501219536182
dmnelf008,CEN,tr,F4,0.21899019122042157
dmnelf008,CEN,tr,C3,0.07252810127375543
dmnelf008,CEN,tr,C4,0.07409763058938884
dmnelf008,CEN,tr,P3,0.10478254596326893
dmnelf008,CEN,tr,P4,0.20605904122892404
dmnelf008,CEN,tr,O1,0.18365010165442686
dmnelf008,CEN,tr,O2,0.2605367382710598
dmnelf008,CEN,tr,F7,0.49109654029121186
dmnelf008,CEN,tr,F8,0.2887597939538922
dmnelf008,CEN,tr,T7,0.42598302524442366
dmnelf008,CEN,tr,T8,0.37548884259400483
dmnelf008,CEN,tr,P7,0.2332288410422496
dmnelf008,CEN,tr,P8,0.21026915594970397
dmnelf008,CEN,tr,Fz,0.16656271757320784
dmnelf008,CEN,tr,Cz,0.20143747222020195
dmnelf008,CEN,tr,Pz,0.27147772781206553
dmnelf008,CEN,tr,Oz,0.22358610059537845
dmnelf008,CEN,tr,FC1,0.16176035907701208
dmnelf008,CEN,tr,FC2,0.08044188506874567
dmnelf008,CEN,tr,CP1,0.10234141821928877
dmnelf008,CEN,tr,CP2,0.1655677393216834
dmnelf008,CEN,tr,FC5,0.38152413916309313
dmnelf008,CEN,tr,FC6,0.18831566892670681
dmnelf008,CEN,tr,CP5,0.35055711548259694
dmnelf008,CEN,tr,CP6,0.1985799276054374
dmnelf008,CEN,tr,TP9,0.40872677938264446
dmnelf008,CEN,tr,TP10,0.3911805051086667
dmnelf008,CEN,tr,POz,0.28993455607048435
dmnelf009,CEN,tr,Fp1,0.16669800614870034
dmnelf009,CEN,tr,Fp2,0.24935426584512815
dmnelf009,CEN,tr,F3,0.12816165446443983
dmnelf009,CEN,tr,F4,0.1251771208729889
dmnelf009,CEN,tr,C3,0.133569501542744
dmnelf009,CEN,tr,C4,0.12474986547992548
dmnelf009,CEN,tr,P3,0.17752125600950375
dmnelf009,CEN,tr,P4,0.21524374187674372
dmnelf009,CEN,tr,O1,0.25995741256346483
dmnelf009,CEN,tr,O2,0.16771232002953684
dmnelf009,CEN,tr,F7,0.20366499807696722
dmnelf009,CEN,tr,F8,0.0751350057175521
dmnelf009,CEN,tr,T7,0.1710782636022516
dmnelf009,CEN,tr,T8,0.1505445867578125
dmnelf009,CEN,tr,P7,0.06815317134441434
dmnelf009,CEN,tr,P8,0.18498604655037765
dmnelf009,CEN,tr,Fz,0.055960302453882574
dmnelf009,CEN,tr,Cz,0.028890008472763636
dmnelf009,CEN,tr,Pz,0.16933630155442886
dmnelf009,CEN,tr,Oz,0.1688959667185271
dmnelf009,CEN,tr,FC1,0.1497849921043969
dmnelf009,CEN,tr,FC2,0.14196438311952303
dmnelf009,CEN,tr,CP1,0.2040463305286317
dmnelf009,CEN,tr,CP2,0.10118163969629251
dmnelf009,CEN,tr,FC5,0.1969047106663675
dmnelf009,CEN,tr,FC6,0.07794770941609716
dmnelf009,CEN,tr,CP5,0.11468085999869007
dmnelf009,CEN,tr,CP6,0.2858046739693926
dmnelf009,CEN,tr,TP9,0.13550845174899184
dmnelf009,CEN,tr,TP10,0.07652580637459476
dmnelf009,CEN,tr,POz,0.159380111030215
dmnelf010,CEN,tr,Fp1,0.12352833382780444
dmnelf010,CEN,tr,Fp2,-0.06927604092159853
dmnelf010,CEN,tr,F3,0.1535162810415698
dmnelf010,CEN,tr,F4,0.09296023103714185
dmnelf010,CEN,tr,C3,0.26880897413125515
dmnelf010,CEN,tr,C4,0.20259206647752442
dmnelf010,CEN,tr,P3,0.042187302999305336
dmnelf010,CEN,tr,P4,0.0854434998772268
dmnelf010,CEN,tr,O1,0.11814179189788757
dmnelf010,CEN,tr,O2,0.21675531918785626
dmnelf010,CEN,tr,F7,0.1254325136161511
dmnelf010,CEN,tr,F8,0.21835912237781063
dmnelf010,CEN,tr,T7,0.12240444199521788
dmnelf010,CEN,tr,T8,0.26311829578593277
dmnelf010,CEN,tr,P7,0.154012718011779
dmnelf010,CEN,tr,P8,0.21553952502773077
dmnelf010,CEN,tr,Fz,-0.02019007931698195
dmnelf010,CEN,tr,Cz,0.0894465065147997
dmnelf010,CEN,tr,Pz,-0.026600775498532563
dmnelf010,CEN,tr,Oz,0.16059050449340778
dmnelf010,CEN,tr,FC1,0.20530404679895914
dmnelf010,CEN,tr,FC2,0.029730920241575393
dmnelf010,CEN,tr,CP1,0.12125956877794268
dmnelf010,CEN,tr,CP2,-0.004995344587585323
dmnelf010,CEN,tr,FC5,0.1789781571455723
dmnelf010,CEN,tr,FC6,0.20180328137582668
dmnelf010,CEN,tr,CP5,0.24528558319727956
dmnelf010,CEN,tr,CP6,0.25422960793624977
dmnelf010,CEN,tr,TP9,0.1505916369550918
dmnelf010,CEN,tr,TP10,0.17808869937821814
dmnelf010,CEN,tr,POz,-0.03797091355422104
dmnelf011,CEN,tr,Fp1,-0.0803901128430782
dmnelf011,CEN,tr,Fp2,0.1532186748980081
dmnelf011,CEN,tr,F3,0.0398364177828172
dmnelf011,CEN,tr,F4,0.13761832058265422
dmnelf011,CEN,tr,C3,0.1973207299153738
dmnelf011,CEN,tr,C4,0.31904827470957886
dmnelf011,CEN,tr,P3,0.10781662599713038
dmnelf011,CEN,tr,P4,0.09298377361330157
dmnelf011,CEN,tr,O1,0.1504768566387038
dmnelf011,CEN,tr,O2,0.04046413157635613
dmnelf011,CEN,tr,F7,-0.035547294524233414
dmnelf011,CEN,tr,F8,0.20877550272405726
dmnelf011,CEN,tr,T7,0.13760105972449782
dmnelf011,CEN,tr,T8,0.14415040541588608
dmnelf011,CEN,tr,P7,0.11387465340701733
dmnelf011,CEN,tr,P8,-0.09415308996659012
dmnelf011,CEN,tr,Fz,0.3154579824588582
dmnelf011,CEN,tr,Cz,0.12854741784795543
dmnelf011,CEN,tr,Pz,0.18910292449665292
dmnelf011,CEN,tr,Oz,0.12171844630168797
dmnelf011,CEN,tr,FC1,-0.06809635843398992
dmnelf011,CEN,tr,FC2,0.254174807823598
dmnelf011,CEN,tr,CP1,0.10059727211037742
dmnelf011,CEN,tr,CP2,0.1993879221260299
dmnelf011,CEN,tr,FC5,0.09124593548872936
dmnelf011,CEN,tr,FC6,0.07583235634309721
dmnelf011,CEN,tr,CP5,0.0994064487507088
dmnelf011,CEN,tr,CP6,0.18668831610383696
dmnelf011,CEN,tr,TP9,0.12799277700452016
dmnelf011,CEN,tr,TP10,-0.029059129264729786
dmnelf011,CEN,tr,POz,0.11926480441678981
dmnelf012,CEN,tr,Fp1,0.2524761160869669
dmnelf012,CEN,tr,Fp2,0.053945394323013
dmnelf012,CEN,tr,F3,0.14880938471019758
dmnelf012,CEN,tr,F4,0.09029403695202279
dmnelf012,CEN,tr,C3,0.044847515959281534
dmnelf012,CEN,tr,C4,0.30913922792369053
dmnelf012,CEN,tr,P3,0.2999184038707017
dmnelf012,CEN,tr,P4,0.21127490047924263
dmnelf012,CEN,tr,O1,0.3224957032512974
dmnelf012,CEN,tr,O2,0.12188705691267789
dmnelf012,CEN,tr,F7,0.09341400989970301
dmnelf012,CEN,tr,F8,0.1759433540497733
dmnelf012,CEN,tr,T7,0.051668449685083384
dmnelf012,CEN,tr,T8,0.12396511910064047
dmnelf012,CEN,tr,P7,0.09056733770749903
dmnelf012,CEN,tr,P8,0.09771296494981656
dmnelf012,CEN,tr,Fz,0.23238701457957067
dmnelf012,CEN,tr,Cz,0.36418435155011963
dmnelf012,CEN,tr,Pz,0.397816064333171
dmnelf012,CEN,tr,Oz,0.2140478248540076
dmnelf012,CEN,tr,FC1,0.10005499545136853
dmnelf012,CEN,tr,FC2,0.07385485928025695
dmnelf012,CEN,tr,CP1,0.1586561779010693
dmnelf012,CEN,tr,CP2,0.10997140040107536
dmnelf012,CEN,tr,FC5,0.10275279479373353
dmnelf012,CEN,tr,FC6,0.024266122326851953
dmnelf012,CEN,tr,CP5,0.09041404307576799
dmnelf012,CEN,tr,CP6,0.06501084501796392
dmnelf012,CEN,tr,TP9,0.09024036645262015
dmnelf012,CEN,tr,TP10,0.17074437709372453
dmnelf012,CEN,tr,POz,0.4881837431046913
dmnelf013,CEN,tr,Fp1,0.33144524819559107
dmnelf013,CEN,tr,Fp2,0.18441594849819903
dmnelf013,CEN,tr,F3,0.18521108864234037
dmnelf013,CEN,tr,F4,0.2610421961602184
dmnelf013,CEN,tr,C3,0.3059477177134903
dmnelf013,CEN,tr,C4,0.15796583435467296
dmnelf013,CEN,tr,P3,0.17082297208172104
dmnelf013,CEN,tr,P4,0.19695599792714702
dmnelf013,CEN,tr,O1,0.3409310114003349
dmnelf013,CEN,tr,O2,0.34512575503699594
dmnelf013,CEN,tr,F7,0.19672939170685028
dmnelf013,CEN,tr,F8,0.17955808027763442
dmnelf013,CEN,tr,T7,0.21016652809406972
dmnelf013,CEN,tr,T8,0.20114884928867063
dmnelf013,CEN,tr,P7,0.27249759354455827
dmnelf013,CEN,tr,P8,0.26404368039726644
dmnelf013,CEN,tr,Fz,0.3010509165508905
dmnelf013,CEN,tr,Cz,0.3475616051237387
dmnelf013,CEN,tr,Pz,0.22089117997037253
dmnelf013,CEN,tr,Oz,0.3595670836716091
dmnelf013,CEN,tr,FC1,0.32268105076325676
dmnelf013,CEN,tr,FC2,0.40486973832234674
dmnelf013,CEN,tr,CP1,0.17688345338752723
dmnelf013,CEN,tr,CP2,0.32613501068748973
dmnelf013,CEN,tr,FC5,0.0843571884396094
dmnelf013,CEN,tr,FC6,0.14755513013266647
dmnelf013,CEN,tr,CP5,0.2941833214601469
dmnelf013,CEN,tr,CP6,0.22725437437980342
dmnelf013,CEN,tr,TP9,0.2903506404325787
dmnelf013,CEN,tr,TP10,0.24325340657543945
dmnelf013,CEN,tr,POz,0.27888421530855106
dmnelf014,CEN,tr,Fp1,-0.14481264045879044
dmnelf014,CEN,tr,Fp2,0.05081759701443073
dmnelf014,CEN,tr,F3,-0.11062315589302132
dmnelf014,CEN,tr,F4,-0.1586656559344222
dmnelf014,CEN,tr,C3,-0.16194967089837897
dmnelf014,CEN,tr,C4,-0.1630022331754215
dmnelf014,CEN,tr,P3,-0.035135284567701965
dmnelf014,CEN,tr,P4,-0.13234890748108413
dmnelf014,CEN,tr,O1,-0.0730674828870013
dmnelf014,CEN,tr,O2,-0.050281156945038985
dmnelf014,CEN,tr,F7,-0.035801358430115615
dmnelf014,CEN,tr,F8,-0.16445563251970904
dmnelf014,CEN,tr,T7,-0.06357363965513174
dmnelf014,CEN,tr,T8,0.024630827200700825
dmnelf014,CEN,tr,P7,-0.0324061782444178
dmnelf014,CEN,tr,P8,-0.08890282055297338
dmnelf014,CEN,tr,Fz,-0.1233153317031672
dmnelf014,CEN,tr,Cz,0.05708588040617911
dmnelf014,CEN,tr,Pz,-0.21847628424430507
dmnelf014,CEN,tr,Oz,-0.11656083048876402
dmnelf014,CEN,tr,FC1,-0.18933656657998427
dmnelf014,CEN,tr,FC2,-0.024313828374292905
dmnelf014,CEN,tr,CP1,-0.12746601484401132
dmnelf014,CEN,tr,CP2,-0.09066639170224215
dmnelf014,CEN,tr,FC5,-0.15243390116851852
dmnelf014,CEN,tr,FC6,-0.11404823224968794
dmnelf014,CEN,tr,CP5,-0.14183430669196506
dmnelf014,CEN,tr,CP6,-0.002249952446681589
dmnelf014,CEN,tr,TP9,-0.04898848889476767
dmnelf014,CEN,tr,TP10,-0.05912306603714272
dmnelf014,CEN,tr,POz,-0.17575431589018806
dmnelf015,CEN,tr,Fp1,0.32203382647016654
dmnelf015,CEN,tr,Fp2,0.4091470638641632
dmnelf015,CEN,tr,F3,0.37379021569947996
dmnelf015,CEN,tr,F4,0.3672361260056951
dmnelf015,CEN,tr,C3,0.38512981341112446
dmnelf015,CEN,tr,C4,-0.0513923087420331
dmnelf015,CEN,tr,P3,0.3507642520795997
dmnelf015,CEN,tr,P4,0.4093158027409259
dmnelf015,CEN,tr,O1,0.4498102260907897
dmnelf015,CEN,tr,O2,0.5338742925746587
dmnelf015,CEN,tr,F7,0.4812428354375038
dmnelf015,CEN,tr,F8,0.38281812767930307
dmnelf015,CEN,tr,T7,0.4007503692821331
dmnelf015,CEN,tr,T8,0.3423201072641558
dmnelf015,CEN,tr,P7,0.4757482197147248
dmnelf015,CEN,tr,P8,0.5081578216315666
dmnelf015,CEN,tr,Fz,0.4381304023495592
dmnelf015,CEN,tr,Cz,0.504031012513647
dmnelf015,CEN,tr,Pz,0.41311449303998315
dmnelf015,CEN,tr,Oz,0.4680227594388422
dmnelf015,CEN,tr,FC1,0.39502558036883195
dmnelf015,CEN,tr,FC2,0.46800793550862557
dmnelf015,CEN,tr,CP1,0.44723863996736457
dmnelf015,CEN,tr,CP2,0.4895412659303862
dmnelf015,CEN,tr,FC5,0.46429736567216295
dmnelf015,CEN,tr,FC6,0.31016912334050833
dmnelf015,CEN,tr,CP5,0.3063403799636863
dmnelf015,CEN,tr,CP6,0.3747174427584972
dmnelf015,CEN,tr,TP9,0.46035045128686314
dmnelf015,CEN,tr,TP10,0.3633308767185767
dmnelf015,CEN,tr,POz,0.39456322771323116
dmnelf1001,CEN,tr,Fp1,-0.0013101412148420755
dmnelf1001,CEN,tr,Fp2,-0.09016626397246653
dmnelf1001,CEN,tr,F3,0.065954692414019
dmnelf1001,CEN,tr,F4,-0.042912212372779895
dmnelf1001,CEN,tr,C3,0.004259877722674266
dmnelf1001,CEN,tr,C4,0.08142082373942688
dmnelf1001,CEN,tr,P3,-0.04156328674058653
dmnelf1001,CEN,tr,P4,-0.011663043398215167
dmnelf1001,CEN,tr,O1,0.16873882984713123
dmnelf1001,CEN,tr,O2,0.3145373784951307
dmnelf1001,CEN,tr,F7,-0.08335213833681471
dmnelf1001,CEN,tr,F8,-0.005410279055491962
dmnelf1001,CEN,tr,T7,0.14206138262941692
dmnelf1001,CEN,tr,T8,-0.05517811418002089
dmnelf1001,CEN,tr,P7,-0.09582383040755833
dmnelf1001,CEN,tr,P8,0.10105501995284082
dmnelf1001,CEN,tr,Fz,0.05947206129507037
dmnelf1001,CEN,tr,Cz,0.020395178069992075
dmnelf1001,CEN,tr,Pz,0.1844074634707528
dmnelf1001,CEN,tr,Oz,0.24061063970912228
dmnelf1001,CEN,tr,FC1,-0.03791567794670093
dmnelf1001,CEN,tr,FC2,0.12294552114171306
dmnelf1001,CEN,tr,CP1,0.009248852144717802
dmnelf1001,CEN,tr,CP2,0.039615928665864136
dmnelf1001,CEN,tr,FC5,0.040443262895837336
dmnelf1001,CEN,tr,FC6,0.04506601753121532
dmnelf1001,CEN,tr,CP5,-0.07044321970190645
dmnelf1001,CEN,tr,CP6,-0.02662096524532249
dmnelf1001,CEN,tr,TP9,0.20047132445123786
dmnelf1001,CEN,tr,TP10,0.12435872094409893
dmnelf1001,CEN,tr,POz,0.23865482616654055
dmnelf1002,CEN,tr,Fp1,0.10990404092822542
dmnelf1002,CEN,tr,Fp2,0.2666844536212442
dmnelf1002,CEN,tr,F3,0.05228516241928014
dmnelf1002,CEN,tr,F4,0.23669879406037356
dmnelf1002,CEN,tr,C3,0.18129964061291742
dmnelf1002,CEN,tr,C4,0.25324248638095676
dmnelf1002,CEN,tr,P3,0.21395911070248574
dmnelf1002,CEN,tr,P4,0.1296752827377125
dmnelf1002,CEN,tr,O1,0.10672708018861209
dmnelf1002,CEN,tr,O2,0.01972144526220582
dmnelf1002,CEN,tr,F7,0.2126064101643909
dmnelf1002,CEN,tr,F8,0.3698423518036178
dmnelf1002,CEN,tr,T7,0.20962768723515016
dmnelf1002,CEN,tr,T8,0.24443528082598426
dmnelf1002,CEN,tr,P7,0.31798434348633897
dmnelf1002,CEN,tr,P8,0.1682206649025267
dmnelf1002,CEN,tr,Fz,0.06283912163932141
dmnelf1002,CEN,tr,Cz,0.12423520936197469
dmnelf1002,CEN,tr,Pz,0.11398060152745744
dmnelf1002,CEN,tr,Oz,0.010183717992327049
dmnelf1002,CEN,tr,FC1,0.08132867091542087
dmnelf1002,CEN,tr,FC2,0.15981490712252516
dmnelf1002,CEN,tr,CP1,0.19486810742586302
dmnelf1002,CEN,tr,CP2,0.010424524197940307
dmnelf1002,CEN,tr,FC5,0.2850065852430661
dmnelf1002,CEN,tr,FC6,0.2634456878623946
dmnelf1002,CEN,tr,CP5,0.27511653008032066
dmnelf1002,CEN,tr,CP6,0.14428150833262376
dmnelf1002,CEN,tr,TP9,0.21322490225483084
dmnelf1002,CEN,tr,TP10,0.08912927428809964
dmnelf1002,CEN,tr,POz,0.1126097594311591
dmnelf1003,CEN,tr,Fp1,-0.21344960204129193
dmnelf1003,CEN,tr,Fp2,-0.2440145448540581
dmnelf1003,CEN,tr,F3,-0.3094250967476716
dmnelf1003,CEN,tr,F4,-0.18453103546801458
dmnelf1003,CEN,tr,C3,-0.21688304272024417
dmnelf1003,CEN,tr,C4,0.005531175485259155
dmnelf1003,CEN,tr,P3,-0.17588173052932554
dmnelf1003,CEN,tr,P4,-0.2778075711685463
dmnelf1003,CEN,tr,O1,-0.11567981257964377
dmnelf1003,CEN,tr,O2,-0.14216861923795604
dmnelf1003,CEN,tr,F7,-0.293795400651637
dmnelf1003,CEN,tr,F8,-0.32149282827799763
dmnelf1003,CEN,tr,T7,-0.2860439218474694
dmnelf1003,CEN,tr,T8,-0.2029402386473541
dmnelf1003,CEN,tr,P7,-0.13895750526128048
dmnelf1003,CEN,tr,P8,0.07582208692490314
dmnelf1003,CEN,tr,Fz,-0.045271899049656214
dmnelf1003,CEN,tr,Cz,0.26436611919278813
dmnelf1003,CEN,tr,Pz,-0.19098390918960384
dmnelf1003,CEN,tr,Oz,-0.16909205776255623
dmnelf1003,CEN,tr,FC1,-0.3658604806559438
dmnelf1003,CEN,tr,FC2,-0.18614502189224713
dmnelf1003,CEN,tr,CP1,-0.24183719967299544
dmnelf1003,CEN,tr,CP2,-0.006340220518549912
dmnelf1003,CEN,tr,FC5,-0.27861101604372646
dmnelf1003,CEN,tr,FC6,-0.36561299748514275
dmnelf1003,CEN,tr,CP5,-0.11032533806061562
dmnelf1003,CEN,tr,CP6,-0.032793630527421784
dmnelf1003,CEN,tr,TP9,-0.3263312107903382
dmnelf1003,CEN,tr,TP10,-0.15917258847206306
dmnelf1003,CEN,tr,POz,-0.21564110202322184
dmnelf001,PDA,tr,Fp1,-0.02112043113799313
dmnelf001,PDA,tr,Fp2,0.011294384935047891
dmnelf001,PDA,tr,F3,-0.11181783044407817
dmnelf001,PDA,tr,F4,-0.0012285782912222834
dmnelf001,PDA,tr,C3,-0.11770913766789759
dmnelf001,PDA,tr,C4,-0.0698348210215278
dmnelf001,PDA,tr,P3,-0.12121126717630964
dmnelf001,PDA,tr,P4,-0.047500020756129205
dmnelf001,PDA,tr,O1,0.09098811959775621
dmnelf001,PDA,tr,O2,-0.03874638939050379
dmnelf001,PDA,tr,F7,-0.10684713191782247
dmnelf001,PDA,tr,F8,-0.010245153319032824
dmnelf001,PDA,tr,T7,0.01988327758353283
dmnelf001,PDA,tr,T8,-0.1914731431625693
dmnelf001,PDA,tr,P7,0.09550288820216098
dmnelf001,PDA,tr,P8,-0.156932300236152
dmnelf001,PDA,tr,Fz,0.0053640640062407735
dmnelf001,PDA,tr,Cz,0.123025578360756
dmnelf001,PDA,tr,Pz,0.1302791878253364
dmnelf001,PDA,tr,Oz,0.055692535924181705
dmnelf001,PDA,tr,FC1,-0.06069603647787057
dmnelf001,PDA,tr,FC2,0.10989803629958592
dmnelf001,PDA,tr,CP1,-0.056535227543558664
dmnelf001,PDA,tr,CP2,0.1436212681939097
dmnelf001,PDA,tr,FC5,-0.14554713721800192
dmnelf001,PDA,tr,FC6,-0.15609198482078288
dmnelf001,PDA,tr,CP5,-0.04189977561036088
dmnelf001,PDA,tr,CP6,-0.2701454830979787
dmnelf001,PDA,tr,TP9,0.05768103413262301
dmnelf001,PDA,tr,TP10,0.018706119492812423
dmnelf001,PDA,tr,POz,0.07918003500209808
dmnelf004,PDA,tr,Fp1,0.08673505358514297
dmnelf004,PDA,tr,Fp2,0.12302929911142152
dmnelf004,PDA,tr,F3,0.05001800705624945
dmnelf004,PDA,tr,F4,0.10083061239160718
dmnelf004,PDA,tr,C3,0.07717362095790412
dmnelf004,PDA,tr,C4,0.3155189674254718
dmnelf004,PDA,tr,P3,0.15473836320304019
dmnelf004,PDA,tr,P4,0.2368608124301081
dmnelf004,PDA,tr,O1,0.27039660304989344
dmnelf004,PDA,tr,O2,0.1759116226672162
dmnelf004,PDA,tr,F7,0.02076843655876353
dmnelf004,PDA,tr,F8,0.03676946509254818
dmnelf004,PDA,tr,T7,-0.0328222680143052
dmnelf004,PDA,tr,T8,0.08490722299424491
dmnelf004,PDA,tr,P7,0.15057640060663136
dmnelf004,PDA,tr,P8,0.14934787270658162
dmnelf004,PDA,tr,Fz,0.31094425707555073
dmnelf004,PDA,tr,Cz,0.45199158405182244
dmnelf004,PDA,tr,Pz,0.24532116833881126
dmnelf004,PDA,tr,Oz,0.38545340804537775
dmnelf004,PDA,tr,FC1,0.3362104680039327
dmnelf004,PDA,tr,FC2,0.31827836557018824
dmnelf004,PDA,tr,CP1,0.256349625754824
dmnelf004,PDA,tr,CP2,0.1599618613764674
dmnelf004,PDA,tr,FC5,0.09992247831875363
dmnelf004,PDA,tr,FC6,0.12394461415702018
dmnelf004,PDA,tr,CP5,0.2638719021810906
dmnelf004,PDA,tr,CP6,0.06082175008621854
dmnelf004,PDA,tr,TP9,0.03940350508880203
dmnelf004,PDA,tr,TP10,0.15476891664386713
dmnelf004,PDA,tr,POz,0.17869555851703706
dmnelf005,PDA,tr,Fp1,0.15912229601829972
dmnelf005,PDA,tr,Fp2,0.27792126529656264
dmnelf005,PDA,tr,F3,0.38622569351386093
dmnelf005,PDA,tr,F4,0.3932085451176537
dmnelf005,PDA,tr,C3,0.293284934575076
dmnelf005,PDA,tr,C4,0.24024034805282793
dmnelf005,PDA,tr,P3,0.26104154723898376
dmnelf005,PDA,tr,P4,0.42010038227722274
dmnelf005,PDA,tr,O1,0.23416958847474278
dmnelf005,PDA,tr,O2,0.1563801425189258
dmnelf005,PDA,tr,F7,0.272916781359268
dmnelf005,PDA,tr,F8,0.2437316125187446
dmnelf005,PDA,tr,T7,0.32832375394076174
dmnelf005,PDA,tr,T8,0.32871246114639857
dmnelf005,PDA,tr,P7,0.21455129856279959
dmnelf005,PDA,tr,P8,0.4012702691396723
dmnelf005,PDA,tr,Fz,0.4369707472000415
dmnelf005,PDA,tr,Cz,0.2381065354278714
dmnelf005,PDA,tr,Pz,0.28593095517425193
dmnelf005,PDA,tr,Oz,0.2036723049444162
dmnelf005,PDA,tr,FC1,0.3877913841117192
dmnelf005,PDA,tr,FC2,0.31741992964210475
dmnelf005,PDA,tr,CP1,0.25312468504361707
dmnelf005,PDA,tr,CP2,0.21761355088911732
dmnelf005,PDA,tr,FC5,0.280519126293456
dmnelf005,PDA,tr,FC6,0.19567746720170365
dmnelf005,PDA,tr,CP5,0.33464108239987106
dmnelf005,PDA,tr,CP6,0.4479828181335763
dmnelf005,PDA,tr,TP9,0.0792678163308807
dmnelf005,PDA,tr,TP10,0.2597781718719232
dmnelf005,PDA,tr,POz,0.4127214724870819
dmnelf006,PDA,tr,Fp1,0.20569344430735453
dmnelf006,PDA,tr,Fp2,0.307619023878063
dmnelf006,PDA,tr,F3,0.037599478769001674
dmnelf006,PDA,tr,F4,0.1371418932963812
dmnelf006,PDA,tr,C3,-0.011175357065839081
dmnelf006,PDA,tr,C4,0.02489053673329334
dmnelf006,PDA,tr,P3,0.30354141454088734
dmnelf006,PDA,tr,P4,0.25642006255600086
dmnelf006,PDA,tr,O1,0.3435292651803634
dmnelf006,PDA,tr,O2,0.3014683317575981
dmnelf006,PDA,tr,F7,0.06465777035188101
dmnelf006,PDA,tr,F8,0.015516200155914733
dmnelf006,PDA,tr,T7,0.035586878565594386
dmnelf006,PDA,tr,T8,0.11078911264361466
dmnelf006,PDA,tr,P7,0.23501091655554573
dmnelf006,PDA,tr,P8,0.12322837401007372
dmnelf006,PDA,tr,Fz,0.13740749301733984
dmnelf006,PDA,tr,Cz,0.08390919788285921
dmnelf006,PDA,tr,Pz,0.251275509841022
dmnelf006,PDA,tr,Oz,0.3435689427412554
dmnelf006,PDA,tr,FC1,0.06880525611477208
dmnelf006,PDA,tr,FC2,0.15104499223334805
dmnelf006,PDA,tr,CP1,0.20934149304323485
dmnelf006,PDA,tr,CP2,0.03147969125536322
dmnelf006,PDA,tr,FC5,-0.018152824995100254
dmnelf006,PDA,tr,FC6,0.13366426733760048
dmnelf006,PDA,tr,CP5,0.18373914317899043
dmnelf006,PDA,tr,CP6,0.019220977757485325
dmnelf006,PDA,tr,TP9,0.03355586171303636
dmnelf006,PDA,tr,TP10,0.07163156744474555
dmnelf006,PDA,tr,POz,0.10816229279937667
dmnelf007,PDA,tr,Fp1,0.09557714373313428
dmnelf007,PDA,tr,Fp2,0.06538361624314729
dmnelf007,PDA,tr,F3,-0.17429392739873747
dmnelf007,PDA,tr,F4,-0.05727520511412306
dmnelf007,PDA,tr,C3,0.24814087172726515
dmnelf007,PDA,tr,C4,-0.034815487630937295
dmnelf007,PDA,tr,P3,0.03730330959662927
dmnelf007,PDA,tr,P4,0.11234847203405152
dmnelf007,PDA,tr,O1,0.3508331961406804
dmnelf007,PDA,tr,O2,0.04854476981767494
dmnelf007,PDA,tr,F7,-0.01807425896410922
dmnelf007,PDA,tr,F8,0.1852875177715043
dmnelf007,PDA,tr,T7,-0.06704692552255959
dmnelf007,PDA,tr,T8,-0.104369220876319
dmnelf007,PDA,tr,P7,0.3347264079955127
dmnelf007,PDA,tr,P8,-0.08473239405033825
dmnelf007,PDA,tr,Fz,0.19509314288071455
dmnelf007,PDA,tr,Cz,0.253037907170741
dmnelf007,PDA,tr,Pz,0.19323541176222653
dmnelf007,PDA,tr,Oz,0.0939588062898652
dmnelf007,PDA,tr,FC1,-0.06273172872424942
dmnelf007,PDA,tr,FC2,0.12046259137026202
dmnelf007,PDA,tr,CP1,0.32641638247577065
dmnelf007,PDA,tr,CP2,0.09753984201762753
dmnelf007,PDA,tr,FC5,-0.16525241479857597
dmnelf007,PDA,tr,FC6,-0.050874356093006154
dmnelf007,PDA,tr,CP5,-0.06624437401771918
dmnelf007,PDA,tr,CP6,-0.030808882278176825
dmnelf007,PDA,tr,TP9,0.17153775337419036
dmnelf007,PDA,tr,TP10,-0.018854779459960874
dmnelf007,PDA,tr,POz,0.1745335177918172
dmnelf008,PDA,tr,Fp1,0.15803019984627475
dmnelf008,PDA,tr,Fp2,0.3293595002235293
dmnelf008,PDA,tr,F3,0.39916445274027856
dmnelf008,PDA,tr,F4,0.22285455837565799
dmnelf008,PDA,tr,C3,0.006782472808513788
dmnelf008,PDA,tr,C4,0.01644196980650882
dmnelf008,PDA,tr,P3,0.09796023739688917
dmnelf008,PDA,tr,P4,0.16033541140850996
dmnelf008,PDA,tr,O1,0.17318201580382037
dmnelf008,PDA,tr,O2,0.1816133464649086
dmnelf008,PDA,tr,F7,0.39692204186749125
dmnelf008,PDA,tr,F8,0.19369535513861133
dmnelf008,PDA,tr,T7,0.2469410918681604
dmnelf008,PDA,tr,T8,0.29310695316668334
dmnelf008,PDA,tr,P7,0.1295653562510773
dmnelf008,PDA,tr,P8,0.09610043331213378
dmnelf008,PDA,tr,Fz,0.13829840037817268
dmnelf008,PDA,tr,Cz,0.1284707541786163
dmnelf008,PDA,tr,Pz,0.18360094724674333
dmnelf008,PDA,tr,Oz,0.1496625365553622
dmnelf008,PDA,tr,FC1,0.15402115275786168
dmnelf008,PDA,tr,FC2,0.06685873622650587
dmnelf008,PDA,tr,CP1,0.12984746895704924
dmnelf008,PDA,tr,CP2,0.17913811978043837
dmnelf008,PDA,tr,FC5,0.32582820722410616
dmnelf008,PDA,tr,FC6,0.06655778334644705
dmnelf008,PDA,tr,CP5,0.2479642150743892
dmnelf008,PDA,tr,CP6,0.17507168534496637
dmnelf008,PDA,tr,TP9,0.3744855434367298
dmnelf008,PDA,tr,TP10,0.14637712910058212
dmnelf008,PDA,tr,POz,0.17834114916768062
dmnelf009,PDA,tr,Fp1,-0.027527629555550236
dmnelf009,PDA,tr,Fp2,-0.20736323410558768
dmnelf009,PDA,tr,F3,0.05212912870590864
dmnelf009,PDA,tr,F4,-0.16516297469489136
dmnelf009,PDA,tr,C3,0.015968842132340996
dmnelf009,PDA,tr,C4,0.025821221633635913
dmnelf009,PDA,tr,P3,0.11819457567529633
dmnelf009,PDA,tr,P4,0.3168365348930965
dmnelf009,PDA,tr,O1,-0.04046719556260735
dmnelf009,PDA,tr,O2,0.2829355184237095
dmnelf009,PDA,tr,F7,-0.05732168035581552
dmnelf009,PDA,tr,F8,-0.0023675653733604834
dmnelf009,PDA,tr,T7,-0.007878825811244189
dmnelf009,PDA,tr,T8,0.11291735165031479
dmnelf009,PDA,tr,P7,0.07001593631697606
dmnelf009,PDA,tr,P8,0.11092253083877507
dmnelf009,PDA,tr,Fz,-0.030809395974564138
dmnelf009,PDA,tr,Cz,0.2489140459964549
dmnelf009,PDA,tr,Pz,0.38454056314184526
dmnelf009,PDA,tr,Oz,0.10643419505550582
dmnelf009,PDA,tr,FC1,0.11215220161404707
dmnelf009,PDA,tr,FC2,-0.11351377277817919
dmnelf009,PDA,tr,CP1,0.3010597510450964
dmnelf009,PDA,tr,CP2,0.2905800718722882
dmnelf009,PDA,tr,FC5,0.2557881576776099
dmnelf009,PDA,tr,FC6,0.03171611822201707
dmnelf009,PDA,tr,CP5,0.13032760554283843
dmnelf009,PDA,tr,CP6,0.3634902449301325
dmnelf009,PDA,tr,TP9,0.1176773014350456
dmnelf009,PDA,tr,TP10,-0.02925858018931122
dmnelf009,PDA,tr,POz,0.1804269862723794
dmnelf010,PDA,tr,Fp1,0.25281943219368946
dmnelf010,PDA,tr,Fp2,0.15349271842101866
dmnelf010,PDA,tr,F3,0.11326915122450365
dmnelf010,PDA,tr,F4,0.17394015811175526
dmnelf010,PDA,tr,C3,0.13844804831963625
dmnelf010,PDA,tr,C4,0.10728923803838056
dmnelf010,PDA,tr,P3,0.1332880146531884
dmnelf010,PDA,tr,P4,0.15746984307500475
dmnelf010,PDA,tr,O1,0.12348405653434147
dmnelf010,PDA,tr,O2,0.10251079849011313
dmnelf010,PDA,tr,F7,0.16256179045119348
dmnelf010,PDA,tr,F8,0.14710532415679106
dmnelf010,PDA,tr,T7,0.06021364514787758
dmnelf010,PDA,tr,T8,0.06630890012387791
dmnelf010,PDA,tr,P7,0.17122790904626234
dmnelf010,PDA,tr,P8,0.22291748722103388
dmnelf010,PDA,tr,Fz,0.21943879104018876
dmnelf010,PDA,tr,Cz,0.10703314661082959
dmnelf010,PDA,tr,Pz,0.17285208316840614
dmnelf010,PDA,tr,Oz,0.1206211735617009
dmnelf010,PDA,tr,FC1,0.30875132771992975
dmnelf010,PDA,tr,FC2,0.17400058282631747
dmnelf010,PDA,tr,CP1,0.2966709667504347
dmnelf010,PDA,tr,CP2,-0.002777981334338843
dmnelf010,PDA,tr,FC5,0.2209796335838503
dmnelf010,PDA,tr,FC6,0.11584923638969807
dmnelf010,PDA,tr,CP5,0.20091527376913673
dmnelf010,PDA,tr,CP6,0.11144633516568148
dmnelf010,PDA,tr,TP9,0.15865099392225868
dmnelf010,PDA,tr,TP10,0.049202590950803274
dmnelf010,PDA,tr,POz,0.15623921655085127
dmnelf011,PDA,tr,Fp1,-0.05029973682257432
dmnelf011,PDA,tr,Fp2,-0.0693553015635138
dmnelf011,PDA,tr,F3,-0.08839664007377757
dmnelf011,PDA,tr,F4,-0.13059681124843306
dmnelf011,PDA,tr,C3,-0.04534389266334018
dmnelf011,PDA,tr,C4,-0.07663484744497766
dmnelf011,PDA,tr,P3,-0.05674933311563585
dmnelf011,PDA,tr,P4,-0.16917674545745998
dmnelf011,PDA,tr,O1,-0.031534290651700256
dmnelf011,PDA,tr,O2,-0.07930269033144859
dmnelf011,PDA,tr,F7,-0.054387415246346445
dmnelf011,PDA,tr,F8,0.01626017401735077
dmnelf011,PDA,tr,T7,-0.01087195849793832
dmnelf011,PDA,tr,T8,-0.1680616792914029
dmnelf011,PDA,tr,P7,-0.06126793282359863
dmnelf011,PDA,tr,P8,-0.1694497644927443
dmnelf011,PDA,tr,Fz,-0.028021245977529988
dmnelf011,PDA,tr,Cz,-0.0730676078114775
dmnelf011,PDA,tr,Pz,0.1310863678789818
dmnelf011,PDA,tr,Oz,-0.0630072295881608
dmnelf011,PDA,tr,FC1,-0.1266210227076191
dmnelf011,PDA,tr,FC2,-0.04266575921838909
dmnelf011,PDA,tr,CP1,-0.11215932088005678
dmnelf011,PDA,tr,CP2,0.036764032780904975
dmnelf011,PDA,tr,FC5,-0.1569869871589818
dmnelf011,PDA,tr,FC6,-0.1263382151576748
dmnelf011,PDA,tr,CP5,-0.1550051592350424
dmnelf011,PDA,tr,CP6,-0.15032157276663133
dmnelf011,PDA,tr,TP9,-0.021682944531132713
dmnelf011,PDA,tr,TP10,-0.13878626925884227
dmnelf011,PDA,tr,POz,0.02153710323497873
dmnelf012,PDA,tr,Fp1,0.33215177759549214
dmnelf012,PDA,tr,Fp2,0.046598551669888896
dmnelf012,PDA,tr,F3,0.16916787321955448
dmnelf012,PDA,tr,F4,-0.06306697165781336
dmnelf012,PDA,tr,C3,0.11512328672127872
dmnelf012,PDA,tr,C4,0.16709156341148412
dmnelf012,PDA,tr,P3,0.22273168457237214
dmnelf012,PDA,tr,P4,0.29998608354881606
dmnelf012,PDA,tr,O1,0.2581955824548532
dmnelf012,PDA,tr,O2,0.2052444978554844
dmnelf012,PDA,tr,F7,0.2712779909657918
dmnelf012,PDA,tr,F8,0.11844481193898883
dmnelf012,PDA,tr,T7,0.0048930518282671275
dmnelf012,PDA,tr,T8,0.11423320657360729
dmnelf012,PDA,tr,P7,0.08641364807440802
dmnelf012,PDA,tr,P8,0.1801375738231426
dmnelf012,PDA,tr,Fz,0.1276106029661082
dmnelf012,PDA,tr,Cz,0.2307777498674819
dmnelf012,PDA,tr,Pz,0.41222226571322984
dmnelf012,PDA,tr,Oz,0.2709741533759317
dmnelf012,PDA,tr,FC1,0.11162950535369322
dmnelf012,PDA,tr,FC2,0.027801934940208876
dmnelf012,PDA,tr,CP1,0.18329198129969937
dmnelf012,PDA,tr,CP2,0.2045677406150329
dmnelf012,PDA,tr,FC5,0.13444219469359672
dmnelf012,PDA,tr,FC6,-0.0008886781922920334
dmnelf012,PDA,tr,CP5,0.12967275153706787
dmnelf012,PDA,tr,CP6,0.17483354844637394
dmnelf012,PDA,tr,TP9,-0.050535156403305824
dmnelf012,PDA,tr,TP10,0.15396362896078308
dmnelf012,PDA,tr,POz,0.42820473755350225
dmnelf013,PDA,tr,Fp1,0.11959519875555552
dmnelf013,PDA,tr,Fp2,0.1565701577416248
dmnelf013,PDA,tr,F3,0.1917975561342502
dmnelf013,PDA,tr,F4,0.20014071548674783
dmnelf013,PDA,tr,C3,0.1279398070335978
dmnelf013,PDA,tr,C4,0.11195291182531329
dmnelf013,PDA,tr,P3,0.1713450428350938
dmnelf013,PDA,tr,P4,0.15343039720473517
dmnelf013,PDA,tr,O1,0.22656319659716986
dmnelf013,PDA,tr,O2,0.14181619142537533
dmnelf013,PDA,tr,F7,0.21729334485296076
dmnelf013,PDA,tr,F8,0.1515725950941756
dmnelf013,PDA,tr,T7,0.24154228159604468
dmnelf013,PDA,tr,T8,0.23325460503431403
dmnelf013,PDA,tr,P7,0.25043010908010593
dmnelf013,PDA,tr,P8,0.22988299339110285
dmnelf013,PDA,tr,Fz,0.1705677251390043
dmnelf013,PDA,tr,Cz,0.21651031578256857
dmnelf013,PDA,tr,Pz,0.15436863155989397
dmnelf013,PDA,tr,Oz,0.15162397919456208
dmnelf013,PDA,tr,FC1,0.2808631949313413
dmnelf013,PDA,tr,FC2,0.04213944348223888
dmnelf013,PDA,tr,CP1,0.12739188455487938
dmnelf013,PDA,tr,CP2,0.02789128082536637
dmnelf013,PDA,tr,FC5,0.18634511749239838
dmnelf013,PDA,tr,FC6,0.187371098141631
dmnelf013,PDA,tr,CP5,0.27221175766734823
dmnelf013,PDA,tr,CP6,0.14244016438873522
dmnelf013,PDA,tr,TP9,0.2727522073018358
dmnelf013,PDA,tr,TP10,0.2446059492256532
dmnelf013,PDA,tr,POz,0.22205297116215109
dmnelf014,PDA,tr,Fp1,0.026067358191001824
dmnelf014,PDA,tr,Fp2,0.1802086128965758
dmnelf014,PDA,tr,F3,-0.0526193401231895
dmnelf014,PDA,tr,F4,0.08059553850493947
dmnelf014,PDA,tr,C3,-0.12338152635303118
dmnelf014,PDA,tr,C4,0.024677381824597402
dmnelf014,PDA,tr,P3,0.07469443962684624
dmnelf014,PDA,tr,P4,0.0076133137190259464
dmnelf014,PDA,tr,O1,0.17814711139161016
dmnelf014,PDA,tr,O2,0.143104538941508
dmnelf014,PDA,tr,F7,-0.06528148540706119
dmnelf014,PDA,tr,F8,0.1336273950003021
dmnelf014,PDA,tr,T7,-0.0933001293834009
dmnelf014,PDA,tr,T8,-0.04927015972130078
dmnelf014,PDA,tr,P7,-0.06959873529292726
dmnelf014,PDA,tr,P8,0.04397339738687156
dmnelf014,PDA,tr,Fz,0.02237683331847501
dmnelf014,PDA,tr,Cz,0.09420595539633592
dmnelf014,PDA,tr,Pz,-0.0407780033423763
dmnelf014,PDA,tr,Oz,-0.02026251332732082
dmnelf014,PDA,tr,FC1,-0.05362526811155127
dmnelf014,PDA,tr,FC2,0.10488035153789176
dmnelf014,PDA,tr,CP1,0.18198014036505938
dmnelf014,PDA,tr,CP2,0.16717955254483144
dmnelf014,PDA,tr,FC5,0.005910963198166516
dmnelf014,PDA,tr,FC6,-0.09085991071728126
dmnelf014,PDA,tr,CP5,0.11159894155302574
dmnelf014,PDA,tr,CP6,-0.16017151139765146
dmnelf014,PDA,tr,TP9,0.1419232947900181
dmnelf014,PDA,tr,TP10,-0.16915981592677962
dmnelf014,PDA,tr,POz,0.09989645626311419
dmnelf015,PDA,tr,Fp1,0.3670107298623118
dmnelf015,PDA,tr,Fp2,0.30459702485324214
dmnelf015,PDA,tr,F3,0.3185222005285223
dmnelf015,PDA,tr,F4,0.3599935532228032
dmnelf015,PDA,tr,C3,0.31384173767585066
dmnelf015,PDA,tr,C4,0.005775111305113736
dmnelf015,PDA,tr,P3,0.45340675294969435
dmnelf015,PDA,tr,P4,0.43129269061147096
dmnelf015,PDA,tr,O1,0.5588316827535128
dmnelf015,PDA,tr,O2,0.5262704335027832
dmnelf015,PDA,tr,F7,0.40541860179993017
dmnelf015,PDA,tr,F8,0.4173819239726744
dmnelf015,PDA,tr,T7,0.39794793171605886
dmnelf015,PDA,tr,T8,0.2983090204767228
dmnelf015,PDA,tr,P7,0.5044672134845882
dmnelf015,PDA,tr,P8,0.49299178721043496
dmnelf015,PDA,tr,Fz,0.3583628853478272
dmnelf015,PDA,tr,Cz,0.4734965613117604
dmnelf015,PDA,tr,Pz,0.4538352908637526
dmnelf015,PDA,tr,Oz,0.5526959251979735
dmnelf015,PDA,tr,FC1,0.49357122438766005
dmnelf015,PDA,tr,FC2,0.3791578757164654
dmnelf015,PDA,tr,CP1,0.34595210813806193
dmnelf015,PDA,tr,CP2,0.485588939450724
dmnelf015,PDA,tr,FC5,0.41539025279019826
dmnelf015,PDA,tr,FC6,0.36063823862340194
dmnelf015,PDA,tr,CP5,0.23440134036131516
dmnelf015,PDA,tr,CP6,0.5234430035719104
dmnelf015,PDA,tr,TP9,0.4188410517509786
dmnelf015,PDA,tr,TP10,0.38737109198958963
dmnelf015,PDA,tr,POz,0.4487248003664046
dmnelf1001,PDA,tr,Fp1,0.01008198434387891
dmnelf1001,PDA,tr,Fp2,-0.12711578068403281
dmnelf1001,PDA,tr,F3,0.13952002461251242
dmnelf1001,PDA,tr,F4,-0.021755981857964082
dmnelf1001,PDA,tr,C3,-0.02920983266524985
dmnelf1001,PDA,tr,C4,-0.0570615498633245
dmnelf1001,PDA,tr,P3,-0.0729869460710496
dmnelf1001,PDA,tr,P4,-0.0737063213134977
dmnelf1001,PDA,tr,O1,-0.03685802643357401
dmnelf1001,PDA,tr,O2,0.018531173949538085
dmnelf1001,PDA,tr,F7,0.053355204388607295
dmnelf1001,PDA,tr,F8,-0.02597853305596939
dmnelf1001,PDA,tr,T7,0.08563657705781993
dmnelf1001,PDA,tr,T8,-0.1692049742040574
dmnelf1001,PDA,tr,P7,-0.1077343153014928
dmnelf1001,PDA,tr,P8,-0.03668752845500728
dmnelf1001,PDA,tr,Fz,0.052909132871611066
dmnelf1001,PDA,tr,Cz,-0.06602240608854783
dmnelf1001,PDA,tr,Pz,0.2716899055558044
dmnelf1001,PDA,tr,Oz,-0.03847669298175192
dmnelf1001,PDA,tr,FC1,-0.026328276181485734
dmnelf1001,PDA,tr,FC2,0.033049641068279956
dmnelf1001,PDA,tr,CP1,-0.04284471203822733
dmnelf1001,PDA,tr,CP2,0.04020015149742767
dmnelf1001,PDA,tr,FC5,0.07649601914272657
dmnelf1001,PDA,tr,FC6,0.03925678624323631
dmnelf1001,PDA,tr,CP5,-0.01963404451269076
dmnelf1001,PDA,tr,CP6,-0.09041943822804756
dmnelf1001,PDA,tr,TP9,-0.04704455912936753
dmnelf1001,PDA,tr,TP10,-0.01910424765145387
dmnelf1001,PDA,tr,POz,-0.07839818112799068
dmnelf1002,PDA,tr,Fp1,0.025922403908751453
dmnelf1002,PDA,tr,Fp2,0.14060638903108605
dmnelf1002,PDA,tr,F3,-0.03803400617274829
dmnelf1002,PDA,tr,F4,-0.07493457992767236
dmnelf1002,PDA,tr,C3,0.14325640160935943
dmnelf1002,PDA,tr,C4,0.20740764571502715
dmnelf1002,PDA,tr,P3,0.12640585530261833
dmnelf1002,PDA,tr,P4,0.0975457172419998
dmnelf1002,PDA,tr,O1,-0.02233918520448194
dmnelf1002,PDA,tr,O2,-0.056952527291664695
dmnelf1002,PDA,tr,F7,0.1543697321528028
dmnelf1002,PDA,tr,F8,0.11222958487523742
dmnelf1002,PDA,tr,T7,0.0892004720201633
dmnelf1002,PDA,tr,T8,0.034149388116226295
dmnelf1002,PDA,tr,P7,0.041224267885623826
dmnelf1002,PDA,tr,P8,-0.020368532471301957
dmnelf1002,PDA,tr,Fz,0.09000082484480554
dmnelf1002,PDA,tr,Cz,0.03098823978176421
dmnelf1002,PDA,tr,Pz,0.01875698310336876
dmnelf1002,PDA,tr,Oz,-0.05333344882382717
dmnelf1002,PDA,tr,FC1,0.004768059039954555
dmnelf1002,PDA,tr,FC2,-0.08431214939437037
dmnelf1002,PDA,tr,CP1,0.14303591819866412
dmnelf1002,PDA,tr,CP2,0.06092537492797449
dmnelf1002,PDA,tr,FC5,0.1594297112087522
dmnelf1002,PDA,tr,FC6,0.0821341754263193
dmnelf1002,PDA,tr,CP5,0.13846456360957532
dmnelf1002,PDA,tr,CP6,0.15328466613822195
dmnelf1002,PDA,tr,TP9,-0.08356983574442108
dmnelf1002,PDA,tr,TP10,-0.03119731761420591
dmnelf1002,PDA,tr,POz,0.01111687949647901
dmnelf1003,PDA,tr,Fp1,0.006572638122261526
dmnelf1003,PDA,tr,Fp2,0.265039852674634
dmnelf1003,PDA,tr,F3,-0.058804027719659174
dmnelf1003,PDA,tr,F4,-0.032186043163788335
dmnelf1003,PDA,tr,C3,0.2750399066396578
dmnelf1003,PDA,tr,C4,-0.04849250945896057
dmnelf1003,PDA,tr,P3,0.22232390993047574
dmnelf1003,PDA,tr,P4,0.0005543465756215511
dmnelf1003,PDA,tr,O1,-0.045874378241157795
dmnelf1003,PDA,tr,O2,-0.009843526743518443
dmnelf1003,PDA,tr,F7,-0.19122739309904657
dmnelf1003,PDA,tr,F8,-0.059483623893611004
dmnelf1003,PDA,tr,T7,-0.12094900586248582
dmnelf1003,PDA,tr,T8,0.0713282456083782
dmnelf1003,PDA,tr,P7,0.12161355380619669
dmnelf1003,PDA,tr,P8,-0.04763204923303337
dmnelf1003,PDA,tr,Fz,-0.1012202594592628
dmnelf1003,PDA,tr,Cz,0.2506263599577011
dmnelf1003,PDA,tr,Pz,0.13087549817029026
dmnelf1003,PDA,tr,Oz,-0.0304676787864677
dmnelf1003,PDA,tr,FC1,0.18885020747077946
dmnelf1003,PDA,tr,FC2,-0.07729170630990012
dmnelf1003,PDA,tr,CP1,0.30049535400990846
dmnelf1003,PDA,tr,CP2,0.1354046996220746
dmnelf1003,PDA,tr,FC5,-0.04378976671438035
dmnelf1003,PDA,tr,FC6,-0.10129565965709691
dmnelf1003,PDA,tr,CP5,0.19871221338980613
dmnelf1003,PDA,tr,CP6,-0.06031760157835705
dmnelf1003,PDA,tr,TP9,-0.15660224518833082
dmnelf1003,PDA,tr,TP10,-0.18322630666531514
dmnelf1003,PDA,tr,POz,-0.09822590892168737
dmnelf001,GSR_DMN,tr,Fp1,-0.050217802866205224
dmnelf001,GSR_DMN,tr,Fp2,-0.047572420443760415
dmnelf001,GSR_DMN,tr,F3,0.0176649926860932
dmnelf001,GSR_DMN,tr,F4,-0.04862833130392537
dmnelf001,GSR_DMN,tr,C3,0.026892746488880664
dmnelf001,GSR_DMN,tr,C4,-0.053657494562819444
dmnelf001,GSR_DMN,tr,P3,0.19054248506223045
dmnelf001,GSR_DMN,tr,P4,0.03956195204940241
dmnelf001,GSR_DMN,tr,O1,0.2532384515993365
dmnelf001,GSR_DMN,tr,O2,0.24454715602485952
dmnelf001,GSR_DMN,tr,F7,0.02508731635126834
dmnelf001,GSR_DMN,tr,F8,0.012505193391229286
dmnelf001,GSR_DMN,tr,T7,-0.023127227366508574
dmnelf001,GSR_DMN,tr,T8,-0.02263090136512661
dmnelf001,GSR_DMN,tr,P7,0.11953099112132336
dmnelf001,GSR_DMN,tr,P8,-0.07205730658300691
dmnelf001,GSR_DMN,tr,Fz,0.008210832275871122
dmnelf001,GSR_DMN,tr,Cz,0.34745537791716946
dmnelf001,GSR_DMN,tr,Pz,0.372487005794265
dmnelf001,GSR_DMN,tr,Oz,0.12307078260762569
dmnelf001,GSR_DMN,tr,FC1,0.012753368017109374
dmnelf001,GSR_DMN,tr,FC2,0.1432558985056465
dmnelf001,GSR_DMN,tr,CP1,0.13166776522958226
dmnelf001,GSR_DMN,tr,CP2,0.0942031182994594
dmnelf001,GSR_DMN,tr,FC5,0.0221681594248776
dmnelf001,GSR_DMN,tr,FC6,-0.0642935474682008
dmnelf001,GSR_DMN,tr,CP5,-0.12370483742067523
dmnelf001,GSR_DMN,tr,CP6,-0.06283824197218082
dmnelf001,GSR_DMN,tr,TP9,0.02174297335855119
dmnelf001,GSR_DMN,tr,TP10,0.05591120130462761
dmnelf001,GSR_DMN,tr,POz,0.2626163713666396
dmnelf004,GSR_DMN,tr,Fp1,-0.24131308147402916
dmnelf004,GSR_DMN,tr,Fp2,-0.284668405047929
dmnelf004,GSR_DMN,tr,F3,-0.18631487354156512
dmnelf004,GSR_DMN,tr,F4,-0.1277597975291543
dmnelf004,GSR_DMN,tr,C3,-0.21263051486671994
dmnelf004,GSR_DMN,tr,C4,0.1484824172826103
dmnelf004,GSR_DMN,tr,P3,-0.2839829715800023
dmnelf004,GSR_DMN,tr,P4,-0.06383617692345218
dmnelf004,GSR_DMN,tr,O1,-0.07293397588870097
dmnelf004,GSR_DMN,tr,O2,-0.17123496380709333
dmnelf004,GSR_DMN,tr,F7,-0.1650784168029447
dmnelf004,GSR_DMN,tr,F8,-0.30413162900102003
dmnelf004,GSR_DMN,tr,T7,-0.21430970158765178
dmnelf004,GSR_DMN,tr,T8,-0.023036962985542392
dmnelf004,GSR_DMN,tr,P7,-0.1498535181540446
dmnelf004,GSR_DMN,tr,P8,0.006738761272641482
dmnelf004,GSR_DMN,tr,Fz,0.07711739897556699
dmnelf004,GSR_DMN,tr,Cz,0.44089184473520954
dmnelf004,GSR_DMN,tr,Pz,0.07142881548176284
dmnelf004,GSR_DMN,tr,Oz,0.049830928835362776
dmnelf004,GSR_DMN,tr,FC1,0.09551119179186543
dmnelf004,GSR_DMN,tr,FC2,0.12256221533126625
dmnelf004,GSR_DMN,tr,CP1,-0.048430805574526364
dmnelf004,GSR_DMN,tr,CP2,0.11354702966665994
dmnelf004,GSR_DMN,tr,FC5,0.045069441008630015
dmnelf004,GSR_DMN,tr,FC6,-0.0956492931437923
dmnelf004,GSR_DMN,tr,CP5,0.050450770666325376
dmnelf004,GSR_DMN,tr,CP6,-0.07896268526554168
dmnelf004,GSR_DMN,tr,TP9,-0.2859180438996979
dmnelf004,GSR_DMN,tr,TP10,0.11031731504233486
dmnelf004,GSR_DMN,tr,POz,-0.20685040119655868
dmnelf005,GSR_DMN,tr,Fp1,0.150113352230199
dmnelf005,GSR_DMN,tr,Fp2,0.10110679289695676
dmnelf005,GSR_DMN,tr,F3,0.1589369144984693
dmnelf005,GSR_DMN,tr,F4,0.14467336500036665
dmnelf005,GSR_DMN,tr,C3,0.19486662052875323
dmnelf005,GSR_DMN,tr,C4,0.1641080195889713
dmnelf005,GSR_DMN,tr,P3,0.17577612174417898
dmnelf005,GSR_DMN,tr,P4,0.32330400533341996
dmnelf005,GSR_DMN,tr,O1,0.23523597189924153
dmnelf005,GSR_DMN,tr,O2,0.16101162910249525
dmnelf005,GSR_DMN,tr,F7,0.20790586678727258
dmnelf005,GSR_DMN,tr,F8,0.18319747626621666
dmnelf005,GSR_DMN,tr,T7,0.12112860398116543
dmnelf005,GSR_DMN,tr,T8,0.09600465555062423
dmnelf005,GSR_DMN,tr,P7,0.24826971787450824
dmnelf005,GSR_DMN,tr,P8,0.2652011975599142
dmnelf005,GSR_DMN,tr,Fz,0.19419974560473877
dmnelf005,GSR_DMN,tr,Cz,0.11572088483562837
dmnelf005,GSR_DMN,tr,Pz,0.07008629410151289
dmnelf005,GSR_DMN,tr,Oz,0.17375458253692813
dmnelf005,GSR_DMN,tr,FC1,0.21071953713673935
dmnelf005,GSR_DMN,tr,FC2,0.20550665274070695
dmnelf005,GSR_DMN,tr,CP1,0.16627551959690937
dmnelf005,GSR_DMN,tr,CP2,0.09998495383545805
dmnelf005,GSR_DMN,tr,FC5,0.15510232262645152
dmnelf005,GSR_DMN,tr,FC6,0.14735174593108016
dmnelf005,GSR_DMN,tr,CP5,0.16735391547783302
dmnelf005,GSR_DMN,tr,CP6,0.2532100872786496
dmnelf005,GSR_DMN,tr,TP9,0.20591918254118258
dmnelf005,GSR_DMN,tr,TP10,0.20212300408705397
dmnelf005,GSR_DMN,tr,POz,0.2570872708978227
dmnelf006,GSR_DMN,tr,Fp1,-0.012875344729213742
dmnelf006,GSR_DMN,tr,Fp2,0.08787866116283596
dmnelf006,GSR_DMN,tr,F3,-0.0072625944089318994
dmnelf006,GSR_DMN,tr,F4,0.04082974198350103
dmnelf006,GSR_DMN,tr,C3,-0.05876881429801602
dmnelf006,GSR_DMN,tr,C4,-0.10408336334941812
dmnelf006,GSR_DMN,tr,P3,0.05658281100035109
dmnelf006,GSR_DMN,tr,P4,0.09519027507359878
dmnelf006,GSR_DMN,tr,O1,0.3556895655231517
dmnelf006,GSR_DMN,tr,O2,0.2733703444770039
dmnelf006,GSR_DMN,tr,F7,0.1450661981510692
dmnelf006,GSR_DMN,tr,F8,-0.04965571237092704
dmnelf006,GSR_DMN,tr,T7,0.11032403131570762
dmnelf006,GSR_DMN,tr,T8,0.051937039401776325
dmnelf006,GSR_DMN,tr,P7,0.24763593933218353
dmnelf006,GSR_DMN,tr,P8,0.008287854213973538
dmnelf006,GSR_DMN,tr,Fz,0.04226060975807245
dmnelf006,GSR_DMN,tr,Cz,0.044207496936381804
dmnelf006,GSR_DMN,tr,Pz,-0.06892527442232695
dmnelf006,GSR_DMN,tr,Oz,0.23605117966834335
dmnelf006,GSR_DMN,tr,FC1,0.01420034348375325
dmnelf006,GSR_DMN,tr,FC2,-0.0030367605061379383
dmnelf006,GSR_DMN,tr,CP1,-0.012687417846634144
dmnelf006,GSR_DMN,tr,CP2,0.01952747864068337
dmnelf006,GSR_DMN,tr,FC5,-0.0016306135377141331
dmnelf006,GSR_DMN,tr,FC6,0.020967393154261407
dmnelf006,GSR_DMN,tr,CP5,0.06893886264562042
dmnelf006,GSR_DMN,tr,CP6,-0.07955545438441128
dmnelf006,GSR_DMN,tr,TP9,0.20962073663853492
dmnelf006,GSR_DMN,tr,TP10,0.06684793478878508
dmnelf006,GSR_DMN,tr,POz,-0.0913237274923909
dmnelf007,GSR_DMN,tr,Fp1,0.1421440448820952
dmnelf007,GSR_DMN,tr,Fp2,-0.024228949341114164
dmnelf007,GSR_DMN,tr,F3,-0.15311135996566572
dmnelf007,GSR_DMN,tr,F4,-0.05783536886881368
dmnelf007,GSR_DMN,tr,C3,-0.060061750057231855
dmnelf007,GSR_DMN,tr,C4,-0.2580096086359689
dmnelf007,GSR_DMN,tr,P3,-0.025005290938618807
dmnelf007,GSR_DMN,tr,P4,0.07918680016469504
dmnelf007,GSR_DMN,tr,O1,0.03212382065234014
dmnelf007,GSR_DMN,tr,O2,-0.0014127669519777564
dmnelf007,GSR_DMN,tr,F7,-0.13567218980263884
dmnelf007,GSR_DMN,tr,F8,0.11725059515650553
dmnelf007,GSR_DMN,tr,T7,-0.1599294635969489
dmnelf007,GSR_DMN,tr,T8,-0.002331798418624572
dmnelf007,GSR_DMN,tr,P7,-0.08584028273724309
dmnelf007,GSR_DMN,tr,P8,-0.049059228679887795
dmnelf007,GSR_DMN,tr,Fz,0.12860396905192767
dmnelf007,GSR_DMN,tr,Cz,0.03297409165758131
dmnelf007,GSR_DMN,tr,Pz,-0.0737260843317861
dmnelf007,GSR_DMN,tr,Oz,0.07657617393631622
dmnelf007,GSR_DMN,tr,FC1,0.011291089866343515
dmnelf007,GSR_DMN,tr,FC2,0.026651722168551696
dmnelf007,GSR_DMN,tr,CP1,0.08963812598907747
dmnelf007,GSR_DMN,tr,CP2,-0.19947366682434686
dmnelf007,GSR_DMN,tr,FC5,-0.18747661632416485
dmnelf007,GSR_DMN,tr,FC6,-0.05357615262771495
dmnelf007,GSR_DMN,tr,CP5,-0.13276958681160664
dmnelf007,GSR_DMN,tr,CP6,-0.07172498095846183
dmnelf007,GSR_DMN,tr,TP9,-0.06925947688694531
dmnelf007,GSR_DMN,tr,TP10,-0.09750137225732311
dmnelf007,GSR_DMN,tr,POz,0.014455970845074488
dmnelf008,GSR_DMN,tr,Fp1,0.016650322665812907
dmnelf008,GSR_DMN,tr,Fp2,0.01732421941909342
dmnelf008,GSR_DMN,tr,F3,0.22687014429295738
dmnelf008,GSR_DMN,tr,F4,0.0762022919938441
dmnelf008,GSR_DMN,tr,C3,-0.11704856873816562
dmnelf008,GSR_DMN,tr,C4,-0.10512321121070001
dmnelf008,GSR_DMN,tr,P3,0.025069888197953524
dmnelf008,GSR_DMN,tr,P4,0.1561843928549107
dmnelf008,GSR_DMN,tr,O1,0.05565304500008739
dmnelf008,GSR_DMN,tr,O2,0.16272884092432294
dmnelf008,GSR_DMN,tr,F7,0.10077008388787001
dmnelf008,GSR_DMN,tr,F8,-0.16370371016283145
dmnelf008,GSR_DMN,tr,T7,-0.19787136536166605
dmnelf008,GSR_DMN,tr,T8,-0.09577263866680986
dmnelf008,GSR_DMN,tr,P7,-0.14440832681336258
dmnelf008,GSR_DMN,tr,P8,0.11347837643059451
dmnelf008,GSR_DMN,tr,Fz,-0.0004786416297988087
dmnelf008,GSR_DMN,tr,Cz,-0.01005440604795161
dmnelf008,GSR_DMN,tr,Pz,0.04512302112654168
dmnelf008,GSR_DMN,tr,Oz,0.08951208215306221
dmnelf008,GSR_DMN,tr,FC1,-0.0014338840731510996
dmnelf008,GSR_DMN,tr,FC2,0.016559518556138318
dmnelf008,GSR_DMN,tr,CP1,-0.015334502062212915
dmnelf008,GSR_DMN,tr,CP2,-0.022011480107717557
dmnelf008,GSR_DMN,tr,FC5,0.16002524893621
dmnelf008,GSR_DMN,tr,FC6,-0.015370602139784896
dmnelf008,GSR_DMN,tr,CP5,0.00962180463041188
dmnelf008,GSR_DMN,tr,CP6,0.02678693164136971
dmnelf008,GSR_DMN,tr,TP9,0.039050390963984105
dmnelf008,GSR_DMN,tr,TP10,0.041190059836700245
dmnelf008,GSR_DMN,tr,POz,0.06115465542156588
dmnelf009,GSR_DMN,tr,Fp1,-0.04822111125083782
dmnelf009,GSR_DMN,tr,Fp2,-0.20947590945823383
dmnelf009,GSR_DMN,tr,F3,0.0351750086469674
dmnelf009,GSR_DMN,tr,F4,-0.14440409441294438
dmnelf009,GSR_DMN,tr,C3,0.05057267607948506
dmnelf009,GSR_DMN,tr,C4,0.02431283091190272
dmnelf009,GSR_DMN,tr,P3,0.008102939340906501
dmnelf009,GSR_DMN,tr,P4,0.08648168238772587
dmnelf009,GSR_DMN,tr,O1,-0.07384211611245815
dmnelf009,GSR_DMN,tr,O2,0.06649581670990129
dmnelf009,GSR_DMN,tr,F7,0.1370428598791484
dmnelf009,GSR_DMN,tr,F8,5.61734171596745e-05
dmnelf009,GSR_DMN,tr,T7,0.07492032904052318
dmnelf009,GSR_DMN,tr,T8,0.07261286746651083
dmnelf009,GSR_DMN,tr,P7,-0.005019021051645686
dmnelf009,GSR_DMN,tr,P8,0.10070951673415657
dmnelf009,GSR_DMN,tr,Fz,-0.12196808443094154
dmnelf009,GSR_DMN,tr,Cz,0.25760672575149496
dmnelf009,GSR_DMN,tr,Pz,0.05512917348434197
dmnelf009,GSR_DMN,tr,Oz,-0.11081276661880823
dmnelf009,GSR_DMN,tr,FC1,-0.02571172234486241
dmnelf009,GSR_DMN,tr,FC2,-0.06317987262914876
dmnelf009,GSR_DMN,tr,CP1,0.08599449776789223
dmnelf009,GSR_DMN,tr,CP2,0.1487382556117055
dmnelf009,GSR_DMN,tr,FC5,0.1239188561670807
dmnelf009,GSR_DMN,tr,FC6,-0.06372808105572265
dmnelf009,GSR_DMN,tr,CP5,0.06877505699079708
dmnelf009,GSR_DMN,tr,CP6,0.19221800379288764
dmnelf009,GSR_DMN,tr,TP9,0.03732603562308631
dmnelf009,GSR_DMN,tr,TP10,0.10446232334551973
dmnelf009,GSR_DMN,tr,POz,0.023200919801905927
dmnelf010,GSR_DMN,tr,Fp1,0.2185629809367532
dmnelf010,GSR_DMN,tr,Fp2,0.001095381811325992
dmnelf010,GSR_DMN,tr,F3,0.20206520532248337
dmnelf010,GSR_DMN,tr,F4,0.2507317257397691
dmnelf010,GSR_DMN,tr,C3,0.2672015886845256
dmnelf010,GSR_DMN,tr,C4,0.12069422884274462
dmnelf010,GSR_DMN,tr,P3,0.29722319545075654
dmnelf010,GSR_DMN,tr,P4,0.31386096087704796
dmnelf010,GSR_DMN,tr,O1,0.10142733361862355
dmnelf010,GSR_DMN,tr,O2,0.1180939570758407
dmnelf010,GSR_DMN,tr,F7,0.24383826031844513
dmnelf010,GSR_DMN,tr,F8,0.24124668046728676
dmnelf010,GSR_DMN,tr,T7,0.1945739506409329
dmnelf010,GSR_DMN,tr,T8,-0.0483924866335755
dmnelf010,GSR_DMN,tr,P7,0.11938603117860566
dmnelf010,GSR_DMN,tr,P8,0.24798915009289207
dmnelf010,GSR_DMN,tr,Fz,0.18116836924135743
dmnelf010,GSR_DMN,tr,Cz,0.2864582927410665
dmnelf010,GSR_DMN,tr,Pz,0.24068989081040779
dmnelf010,GSR_DMN,tr,Oz,0.15658556696352874
dmnelf010,GSR_DMN,tr,FC1,0.37339705133995155
dmnelf010,GSR_DMN,tr,FC2,0.2062796651409577
dmnelf010,GSR_DMN,tr,CP1,0.3367840462627679
dmnelf010,GSR_DMN,tr,CP2,0.07374142459920982
dmnelf010,GSR_DMN,tr,FC5,0.27235817499869286
dmnelf010,GSR_DMN,tr,FC6,0.12126971837481158
dmnelf010,GSR_DMN,tr,CP5,0.29119702888803645
dmnelf010,GSR_DMN,tr,CP6,0.2770876120825859
dmnelf010,GSR_DMN,tr,TP9,0.20407297689511447
dmnelf010,GSR_DMN,tr,TP10,0.24408956247858649
dmnelf010,GSR_DMN,tr,POz,0.10653396859916958
dmnelf011,GSR_DMN,tr,Fp1,0.12688499135282372
dmnelf011,GSR_DMN,tr,Fp2,0.01402080778923981
dmnelf011,GSR_DMN,tr,F3,-0.008637757210658233
dmnelf011,GSR_DMN,tr,F4,-0.000436597533706333
dmnelf011,GSR_DMN,tr,C3,0.0012501825642541806
dmnelf011,GSR_DMN,tr,C4,0.020510465915808084
dmnelf011,GSR_DMN,tr,P3,0.006424932852035374
dmnelf011,GSR_DMN,tr,P4,0.14827478621305779
dmnelf011,GSR_DMN,tr,O1,0.05921384977060544
dmnelf011,GSR_DMN,tr,O2,0.20618826426433134
dmnelf011,GSR_DMN,tr,F7,0.126597068990893
dmnelf011,GSR_DMN,tr,F8,-0.031150373491536106
dmnelf011,GSR_DMN,tr,T7,-0.0369037608762593
dmnelf011,GSR_DMN,tr,T8,-0.03991972482126131
dmnelf011,GSR_DMN,tr,P7,-0.03240975038748195
dmnelf011,GSR_DMN,tr,P8,0.15213891639374905
dmnelf011,GSR_DMN,tr,Fz,-0.03997623273863792
dmnelf011,GSR_DMN,tr,Cz,0.004876613739132184
dmnelf011,GSR_DMN,tr,Pz,0.0635708086375904
dmnelf011,GSR_DMN,tr,Oz,0.16599770868445995
dmnelf011,GSR_DMN,tr,FC1,0.10141433303459205
dmnelf011,GSR_DMN,tr,FC2,-0.0455413994521086
dmnelf011,GSR_DMN,tr,CP1,0.10782498811697057
dmnelf011,GSR_DMN,tr,CP2,-0.02134324181793544
dmnelf011,GSR_DMN,tr,FC5,0.04722374073178266
dmnelf011,GSR_DMN,tr,FC6,-0.017342430446572923
dmnelf011,GSR_DMN,tr,CP5,0.011119336304841548
dmnelf011,GSR_DMN,tr,CP6,0.15251292839888353
dmnelf011,GSR_DMN,tr,TP9,-0.07829013443436661
dmnelf011,GSR_DMN,tr,TP10,0.06343566625145572
dmnelf011,GSR_DMN,tr,POz,0.22924146284995855
dmnelf012,GSR_DMN,tr,Fp1,0.02683783103215074
dmnelf012,GSR_DMN,tr,Fp2,0.02089863279251536
dmnelf012,GSR_DMN,tr,F3,0.02973324358563502
dmnelf012,GSR_DMN,tr,F4,-0.05307085335643657
dmnelf012,GSR_DMN,tr,C3,0.0014294246828970153
dmnelf012,GSR_DMN,tr,C4,0.06145448584774438
dmnelf012,GSR_DMN,tr,P3,-0.018697921387406526
dmnelf012,GSR_DMN,tr,P4,-0.06693646917509985
dmnelf012,GSR_DMN,tr,O1,0.1807048145018464
dmnelf012,GSR_DMN,tr,O2,0.004672793777784547
dmnelf012,GSR_DMN,tr,F7,-0.0008218535978395183
dmnelf012,GSR_DMN,tr,F8,0.049510341788200365
dmnelf012,GSR_DMN,tr,T7,-0.025624131483973765
dmnelf012,GSR_DMN,tr,T8,0.11462500644538995
dmnelf012,GSR_DMN,tr,P7,0.10634941670820955
dmnelf012,GSR_DMN,tr,P8,-0.0005613873072323125
dmnelf012,GSR_DMN,tr,Fz,0.03851297963411248
dmnelf012,GSR_DMN,tr,Cz,0.11955775798866984
dmnelf012,GSR_DMN,tr,Pz,-0.08941213619862053
dmnelf012,GSR_DMN,tr,Oz,0.019898623100294808
dmnelf012,GSR_DMN,tr,FC1,-0.07423896592037983
dmnelf012,GSR_DMN,tr,FC2,0.13726435224002853
dmnelf012,GSR_DMN,tr,CP1,0.028805768437463124
dmnelf012,GSR_DMN,tr,CP2,-0.12305204007717488
dmnelf012,GSR_DMN,tr,FC5,0.0038492607974806928
dmnelf012,GSR_DMN,tr,FC6,0.016692996141345708
dmnelf012,GSR_DMN,tr,CP5,0.015272238695473898
dmnelf012,GSR_DMN,tr,CP6,-0.01178513437425023
dmnelf012,GSR_DMN,tr,TP9,0.08787589021572387
dmnelf012,GSR_DMN,tr,TP10,0.03019596110618565
dmnelf012,GSR_DMN,tr,POz,-0.1006310170036078
dmnelf013,GSR_DMN,tr,Fp1,-0.15474129511094947
dmnelf013,GSR_DMN,tr,Fp2,-0.13254347380681802
dmnelf013,GSR_DMN,tr,F3,-0.148436607867065
dmnelf013,GSR_DMN,tr,F4,-0.18578701618972204
dmnelf013,GSR_DMN,tr,C3,-0.03444496386463465
dmnelf013,GSR_DMN,tr,C4,-0.2035580635114315
dmnelf013,GSR_DMN,tr,P3,-0.13147975911498327
dmnelf013,GSR_DMN,tr,P4,-0.17524941768635396
dmnelf013,GSR_DMN,tr,O1,-0.011866803593697302
dmnelf013,GSR_DMN,tr,O2,-0.1607030391130218
dmnelf013,GSR_DMN,tr,F7,-0.15308569524998727
dmnelf013,GSR_DMN,tr,F8,-0.16228045624273327
dmnelf013,GSR_DMN,tr,T7,-0.09172340479157316
dmnelf013,GSR_DMN,tr,T8,-0.1285009312469353
dmnelf013,GSR_DMN,tr,P7,-0.08666954824916616
dmnelf013,GSR_DMN,tr,P8,-0.09575473679922991
dmnelf013,GSR_DMN,tr,Fz,-0.14224820617623907
dmnelf013,GSR_DMN,tr,Cz,-0.10285701052861945
dmnelf013,GSR_DMN,tr,Pz,-0.19893071141987512
dmnelf013,GSR_DMN,tr,Oz,-0.1667325626133317
dmnelf013,GSR_DMN,tr,FC1,-0.05277631684384507
dmnelf013,GSR_DMN,tr,FC2,-0.21376974254934333
dmnelf013,GSR_DMN,tr,CP1,-0.14933958708107242
dmnelf013,GSR_DMN,tr,CP2,-0.11793325645609495
dmnelf013,GSR_DMN,tr,FC5,-0.16162876552503327
dmnelf013,GSR_DMN,tr,FC6,-0.12495015466127966
dmnelf013,GSR_DMN,tr,CP5,-0.07706816483163645
dmnelf013,GSR_DMN,tr,CP6,-0.17745964555572813
dmnelf013,GSR_DMN,tr,TP9,-0.07903819822363667
dmnelf013,GSR_DMN,tr,TP10,-0.0767185098716787
dmnelf013,GSR_DMN,tr,POz,-0.06615437257489527
dmnelf014,GSR_DMN,tr,Fp1,0.4505505347486386
dmnelf014,GSR_DMN,tr,Fp2,0.3010339335814767
dmnelf014,GSR_DMN,tr,F3,0.3676683173691901
dmnelf014,GSR_DMN,tr,F4,0.33566241043751815
dmnelf014,GSR_DMN,tr,C3,0.22327649487435453
dmnelf014,GSR_DMN,tr,C4,0.32652542606668367
dmnelf014,GSR_DMN,tr,P3,0.22093321103497132
dmnelf014,GSR_DMN,tr,P4,0.31388925671761647
dmnelf014,GSR_DMN,tr,O1,0.35669351314449704
dmnelf014,GSR_DMN,tr,O2,0.3393204965237091
dmnelf014,GSR_DMN,tr,F7,0.39097804156223337
dmnelf014,GSR_DMN,tr,F8,0.39927988996348013
dmnelf014,GSR_DMN,tr,T7,0.024252402570946102
dmnelf014,GSR_DMN,tr,T8,0.33995734005856415
dmnelf014,GSR_DMN,tr,P7,0.27842591226171953
dmnelf014,GSR_DMN,tr,P8,0.43707936385861523
dmnelf014,GSR_DMN,tr,Fz,0.18327506841327051
dmnelf014,GSR_DMN,tr,Cz,0.2360419113515564
dmnelf014,GSR_DMN,tr,Pz,0.2007022039631412
dmnelf014,GSR_DMN,tr,Oz,0.435942567498927
dmnelf014,GSR_DMN,tr,FC1,0.278565428163203
dmnelf014,GSR_DMN,tr,FC2,0.20652557488231466
dmnelf014,GSR_DMN,tr,CP1,0.39561916819840626
dmnelf014,GSR_DMN,tr,CP2,0.40565392603433625
dmnelf014,GSR_DMN,tr,FC5,0.39747253700025886
dmnelf014,GSR_DMN,tr,FC6,0.26046053551460163
dmnelf014,GSR_DMN,tr,CP5,0.2182736944454549
dmnelf014,GSR_DMN,tr,CP6,0.26609794767494416
dmnelf014,GSR_DMN,tr,TP9,0.4005087079256447
dmnelf014,GSR_DMN,tr,TP10,0.29315287589212996
dmnelf014,GSR_DMN,tr,POz,0.43958005783407006
dmnelf015,GSR_DMN,tr,Fp1,0.17648951578792996
dmnelf015,GSR_DMN,tr,Fp2,0.09605749412375811
dmnelf015,GSR_DMN,tr,F3,0.03625128716340021
dmnelf015,GSR_DMN,tr,F4,0.12797261196047063
dmnelf015,GSR_DMN,tr,C3,-0.07285411901093183
dmnelf015,GSR_DMN,tr,C4,0.00535852371829457
dmnelf015,GSR_DMN,tr,P3,0.18402066065142475
dmnelf015,GSR_DMN,tr,P4,0.28238069449713804
dmnelf015,GSR_DMN,tr,O1,0.2597855559314786
dmnelf015,GSR_DMN,tr,O2,0.2842311193440891
dmnelf015,GSR_DMN,tr,F7,0.1343634350786272
dmnelf015,GSR_DMN,tr,F8,0.22264592791685894
dmnelf015,GSR_DMN,tr,T7,0.1898089375407371
dmnelf015,GSR_DMN,tr,T8,0.18371763013434267
dmnelf015,GSR_DMN,tr,P7,0.36011848092081883
dmnelf015,GSR_DMN,tr,P8,0.15897196270852884
dmnelf015,GSR_DMN,tr,Fz,0.11395166555502467
dmnelf015,GSR_DMN,tr,Cz,0.3322677295508265
dmnelf015,GSR_DMN,tr,Pz,0.3241106344692508
dmnelf015,GSR_DMN,tr,Oz,0.23369841752727838
dmnelf015,GSR_DMN,tr,FC1,0.28980761850756637
dmnelf015,GSR_DMN,tr,FC2,0.18395484753676883
dmnelf015,GSR_DMN,tr,CP1,0.26438473779238636
dmnelf015,GSR_DMN,tr,CP2,0.2800206360514825
dmnelf015,GSR_DMN,tr,FC5,0.2421194109623105
dmnelf015,GSR_DMN,tr,FC6,0.22290871998376338
dmnelf015,GSR_DMN,tr,CP5,0.11940793294717254
dmnelf015,GSR_DMN,tr,CP6,0.2707916225260143
dmnelf015,GSR_DMN,tr,TP9,0.18251878880815053
dmnelf015,GSR_DMN,tr,TP10,0.22673588345757412
dmnelf015,GSR_DMN,tr,POz,0.22527021407720813
dmnelf1001,GSR_DMN,tr,Fp1,-0.15622339580697558
dmnelf1001,GSR_DMN,tr,Fp2,-0.18765050697123953
dmnelf1001,GSR_DMN,tr,F3,0.045279964493514555
dmnelf1001,GSR_DMN,tr,F4,-0.2370680896420783
dmnelf1001,GSR_DMN,tr,C3,0.11394315924681589
dmnelf1001,GSR_DMN,tr,C4,-0.18451865117598884
dmnelf1001,GSR_DMN,tr,P3,-0.11790570114429937
dmnelf1001,GSR_DMN,tr,P4,-0.09446693178485994
dmnelf1001,GSR_DMN,tr,O1,-0.049767548538090484
dmnelf1001,GSR_DMN,tr,O2,-0.10534319615208433
dmnelf1001,GSR_DMN,tr,F7,0.020222710266138567
dmnelf1001,GSR_DMN,tr,F8,-0.18685455988825866
dmnelf1001,GSR_DMN,tr,T7,-0.18705157638820627
dmnelf1001,GSR_DMN,tr,T8,-0.11131678886370099
dmnelf1001,GSR_DMN,tr,P7,-0.24701030439789196
dmnelf1001,GSR_DMN,tr,P8,0.07884215890477697
dmnelf1001,GSR_DMN,tr,Fz,-0.137553139274734
dmnelf1001,GSR_DMN,tr,Cz,-0.09062883288436781
dmnelf1001,GSR_DMN,tr,Pz,-0.044528211954123084
dmnelf1001,GSR_DMN,tr,Oz,-0.06711546088731729
dmnelf1001,GSR_DMN,tr,FC1,-0.09326058488350314
dmnelf1001,GSR_DMN,tr,FC2,-0.14826652858044137
dmnelf1001,GSR_DMN,tr,CP1,-0.0008461973756644162
dmnelf1001,GSR_DMN,tr,CP2,0.09082890409696023
dmnelf1001,GSR_DMN,tr,FC5,0.00188049862153198
dmnelf1001,GSR_DMN,tr,FC6,-0.235564394356295
dmnelf1001,GSR_DMN,tr,CP5,-0.23116765101739245
dmnelf1001,GSR_DMN,tr,CP6,0.014197528448870926
dmnelf1001,GSR_DMN,tr,TP9,-0.029739565580506985
dmnelf1001,GSR_DMN,tr,TP10,-0.12617896466495784
dmnelf1001,GSR_DMN,tr,POz,0.038629093633948806
dmnelf1002,GSR_DMN,tr,Fp1,0.07969297239256602
dmnelf1002,GSR_DMN,tr,Fp2,0.058462901653831736
dmnelf1002,GSR_DMN,tr,F3,0.11199803599724245
dmnelf1002,GSR_DMN,tr,F4,0.24018637781014168
dmnelf1002,GSR_DMN,tr,C3,-0.046601086229105526
dmnelf1002,GSR_DMN,tr,C4,0.1727904524621784
dmnelf1002,GSR_DMN,tr,P3,0.10465883801608729
dmnelf1002,GSR_DMN,tr,P4,0.07176881509343704
dmnelf1002,GSR_DMN,tr,O1,0.05968513800905853
dmnelf1002,GSR_DMN,tr,O2,0.16859524122438174
dmnelf1002,GSR_DMN,tr,F7,-0.051867319971911734
dmnelf1002,GSR_DMN,tr,F8,0.1254357000754507
dmnelf1002,GSR_DMN,tr,T7,0.027155077640749644
dmnelf1002,GSR_DMN,tr,T8,0.09750966475623524
dmnelf1002,GSR_DMN,tr,P7,0.14610809872630204
dmnelf1002,GSR_DMN,tr,P8,0.08918958987175105
dmnelf1002,GSR_DMN,tr,Fz,0.20793442376632182
dmnelf1002,GSR_DMN,tr,Cz,0.11532100324582062
dmnelf1002,GSR_DMN,tr,Pz,0.1401462211644856
dmnelf1002,GSR_DMN,tr,Oz,0.1426251063596044
dmnelf1002,GSR_DMN,tr,FC1,0.01038462005801703
dmnelf1002,GSR_DMN,tr,FC2,0.2870216292671487
dmnelf1002,GSR_DMN,tr,CP1,0.1569978927912026
dmnelf1002,GSR_DMN,tr,CP2,0.28014389420213726
dmnelf1002,GSR_DMN,tr,FC5,0.09332464000372767
dmnelf1002,GSR_DMN,tr,FC6,0.16883220416369255
dmnelf1002,GSR_DMN,tr,CP5,0.23877460177829857
dmnelf1002,GSR_DMN,tr,CP6,0.12889436896140755
dmnelf1002,GSR_DMN,tr,TP9,0.24325071571437515
dmnelf1002,GSR_DMN,tr,TP10,0.14804013484304115
dmnelf1002,GSR_DMN,tr,POz,0.06928541361101359
dmnelf1003,GSR_DMN,tr,Fp1,0.06571194149036617
dmnelf1003,GSR_DMN,tr,Fp2,0.163402343808646
dmnelf1003,GSR_DMN,tr,F3,0.045391830929387256
dmnelf1003,GSR_DMN,tr,F4,0.05281317012479662
dmnelf1003,GSR_DMN,tr,C3,0.10591386310455747
dmnelf1003,GSR_DMN,tr,C4,0.0354907867449344
dmnelf1003,GSR_DMN,tr,P3,-0.15742318898214597
dmnelf1003,GSR_DMN,tr,P4,-0.08695623357843421
dmnelf1003,GSR_DMN,tr,O1,0.10587842616878698
dmnelf1003,GSR_DMN,tr,O2,-0.10490655169885589
dmnelf1003,GSR_DMN,tr,F7,0.1271195215931215
dmnelf1003,GSR_DMN,tr,F8,-0.1305600765286473
dmnelf1003,GSR_DMN,tr,T7,-0.2551175260950931
dmnelf1003,GSR_DMN,tr,T8,0.026899631949738746
dmnelf1003,GSR_DMN,tr,P7,-0.22257879704139089
dmnelf1003,GSR_DMN,tr,P8,-0.39261648216080336
dmnelf1003,GSR_DMN,tr,Fz,-0.19336456832530372
dmnelf1003,GSR_DMN,tr,Cz,-0.004043204046601136
dmnelf1003,GSR_DMN,tr,Pz,0.2102398251556193
dmnelf1003,GSR_DMN,tr,Oz,0.025571017586266204
dmnelf1003,GSR_DMN,tr,FC1,0.2430823113734525
dmnelf1003,GSR_DMN,tr,FC2,0.12831386210708332
dmnelf1003,GSR_DMN,tr,CP1,0.07218360146670133
dmnelf1003,GSR_DMN,tr,CP2,-0.18747136100216572
dmnelf1003,GSR_DMN,tr,FC5,0.1913741360352957
dmnelf1003,GSR_DMN,tr,FC6,-0.10784229488424564
dmnelf1003,GSR_DMN,tr,CP5,-0.2480000225327214
dmnelf1003,GSR_DMN,tr,CP6,-0.15666848137076544
dmnelf1003,GSR_DMN,tr,TP9,-0.3888250069364697
dmnelf1003,GSR_DMN,tr,TP10,-0.3041884316330614
dmnelf1003,GSR_DMN,tr,POz,-0.07085800863800065
dmnelf001,GSR_CEN,tr,Fp1,0.07264019881961246
dmnelf001,GSR_CEN,tr,Fp2,-0.05208763134376351
dmnelf001,GSR_CEN,tr,F3,0.04073711519532072
dmnelf001,GSR_CEN,tr,F4,-0.09879118454645838
dmnelf001,GSR_CEN,tr,C3,0.1040104649356497
dmnelf001,GSR_CEN,tr,C4,-0.005930330547371963
dmnelf001,GSR_CEN,tr,P3,0.1536382716212995
dmnelf001,GSR_CEN,tr,P4,0.1383671380972032
dmnelf001,GSR_CEN,tr,O1,0.17538947808110067
dmnelf001,GSR_CEN,tr,O2,0.22099522398271837
dmnelf001,GSR_CEN,tr,F7,0.036583472639076305
dmnelf001,GSR_CEN,tr,F8,-0.010904693717084243
dmnelf001,GSR_CEN,tr,T7,-0.10890223989795852
dmnelf001,GSR_CEN,tr,T8,0.021468287593373787
dmnelf001,GSR_CEN,tr,P7,0.1004921243243673
dmnelf001,GSR_CEN,tr,P8,0.1644398258450912
dmnelf001,GSR_CEN,tr,Fz,0.06603830195815777
dmnelf001,GSR_CEN,tr,Cz,0.20021820579391117
dmnelf001,GSR_CEN,tr,Pz,0.052085659763152055
dmnelf001,GSR_CEN,tr,Oz,0.07595898838497356
dmnelf001,GSR_CEN,tr,FC1,0.24907050275866355
dmnelf001,GSR_CEN,tr,FC2,0.09482565334295795
dmnelf001,GSR_CEN,tr,CP1,0.014643295250311373
dmnelf001,GSR_CEN,tr,CP2,-0.12981810093589877
dmnelf001,GSR_CEN,tr,FC5,0.04409330526413157
dmnelf001,GSR_CEN,tr,FC6,0.03866543435384897
dmnelf001,GSR_CEN,tr,CP5,0.041743795578094954
dmnelf001,GSR_CEN,tr,CP6,0.022013279522660356
dmnelf001,GSR_CEN,tr,TP9,-0.013718208368612421
dmnelf001,GSR_CEN,tr,TP10,0.08321358857224348
dmnelf001,GSR_CEN,tr,POz,-0.1461641896315874
dmnelf004,GSR_CEN,tr,Fp1,0.17148450182064787
dmnelf004,GSR_CEN,tr,Fp2,0.34809062868519003
dmnelf004,GSR_CEN,tr,F3,0.16926356425726014
dmnelf004,GSR_CEN,tr,F4,0.15687815112794432
dmnelf004,GSR_CEN,tr,C3,0.1498059373913422
dmnelf004,GSR_CEN,tr,C4,0.21286897873558677
dmnelf004,GSR_CEN,tr,P3,0.1764473684273633
dmnelf004,GSR_CEN,tr,P4,0.2972908944885062
dmnelf004,GSR_CEN,tr,O1,0.14618837614776042
dmnelf004,GSR_CEN,tr,O2,0.11141763697898771
dmnelf004,GSR_CEN,tr,F7,0.03614386162600529
dmnelf004,GSR_CEN,tr,F8,0.09683228916199332
dmnelf004,GSR_CEN,tr,T7,-0.03583257489083501
dmnelf004,GSR_CEN,tr,T8,0.04293755130137198
dmnelf004,GSR_CEN,tr,P7,0.09812960045962535
dmnelf004,GSR_CEN,tr,P8,0.08275571608220725
dmnelf004,GSR_CEN,tr,Fz,0.3319094363689555
dmnelf004,GSR_CEN,tr,Cz,0.2800889651847438
dmnelf004,GSR_CEN,tr,Pz,0.3681036757958769
dmnelf004,GSR_CEN,tr,Oz,0.3221585605110795
dmnelf004,GSR_CEN,tr,FC1,0.30295249430470633
dmnelf004,GSR_CEN,tr,FC2,0.28550623779068846
dmnelf004,GSR_CEN,tr,CP1,0.22461805944058796
dmnelf004,GSR_CEN,tr,CP2,0.16456314502867803
dmnelf004,GSR_CEN,tr,FC5,0.1055424969647436
dmnelf004,GSR_CEN,tr,FC6,0.009874501684638375
dmnelf004,GSR_CEN,tr,CP5,0.16018781548118394
dmnelf004,GSR_CEN,tr,CP6,0.0807626140127973
dmnelf004,GSR_CEN,tr,TP9,0.1404467518723957
dmnelf004,GSR_CEN,tr,TP10,0.08178973264971695
dmnelf004,GSR_CEN,tr,POz,0.2416188328737713
dmnelf005,GSR_CEN,tr,Fp1,0.26788361922222886
dmnelf005,GSR_CEN,tr,Fp2,0.3738194584556138
dmnelf005,GSR_CEN,tr,F3,0.46661498550800484
dmnelf005,GSR_CEN,tr,F4,0.5242507830827673
dmnelf005,GSR_CEN,tr,C3,0.30044543773909005
dmnelf005,GSR_CEN,tr,C4,0.36237717912113426
dmnelf005,GSR_CEN,tr,P3,0.4590487349502196
dmnelf005,GSR_CEN,tr,P4,0.5032490949498558
dmnelf005,GSR_CEN,tr,O1,0.3538847117952627
dmnelf005,GSR_CEN,tr,O2,0.30573781971028
dmnelf005,GSR_CEN,tr,F7,0.29884113062514095
dmnelf005,GSR_CEN,tr,F8,0.2731436389236316
dmnelf005,GSR_CEN,tr,T7,0.30175514779204093
dmnelf005,GSR_CEN,tr,T8,0.4670310271322755
dmnelf005,GSR_CEN,tr,P7,0.4135560784779255
dmnelf005,GSR_CEN,tr,P8,0.5372299382168184
dmnelf005,GSR_CEN,tr,Fz,0.6204006618687499
dmnelf005,GSR_CEN,tr,Cz,0.3368980304678736
dmnelf005,GSR_CEN,tr,Pz,0.33184361724085926
dmnelf005,GSR_CEN,tr,Oz,0.3145645253957806
dmnelf005,GSR_CEN,tr,FC1,0.5138332383750026
dmnelf005,GSR_CEN,tr,FC2,0.44202955121972903
dmnelf005,GSR_CEN,tr,CP1,0.3598307997005723
dmnelf005,GSR_CEN,tr,CP2,0.34662392304358797
dmnelf005,GSR_CEN,tr,FC5,0.2846919072758771
dmnelf005,GSR_CEN,tr,FC6,0.3604080534750981
dmnelf005,GSR_CEN,tr,CP5,0.48376221519081164
dmnelf005,GSR_CEN,tr,CP6,0.5198706442285603
dmnelf005,GSR_CEN,tr,TP9,0.2862364879462965
dmnelf005,GSR_CEN,tr,TP10,0.3438376990875409
dmnelf005,GSR_CEN,tr,POz,0.44910456787856956
dmnelf006,GSR_CEN,tr,Fp1,0.0005929400376178534
dmnelf006,GSR_CEN,tr,Fp2,-0.008942487705729772
dmnelf006,GSR_CEN,tr,F3,-0.1213315309177918
dmnelf006,GSR_CEN,tr,F4,0.0015589209031666162
dmnelf006,GSR_CEN,tr,C3,-0.18786740942316527
dmnelf006,GSR_CEN,tr,C4,-0.10501741963885865
dmnelf006,GSR_CEN,tr,P3,0.08650653275509737
dmnelf006,GSR_CEN,tr,P4,0.09607372075097663
dmnelf006,GSR_CEN,tr,O1,0.029100564693273948
dmnelf006,GSR_CEN,tr,O2,0.05415521795869725
dmnelf006,GSR_CEN,tr,F7,-0.12235169461433476
dmnelf006,GSR_CEN,tr,F8,-0.07816104082250977
dmnelf006,GSR_CEN,tr,T7,-0.17483577324677352
dmnelf006,GSR_CEN,tr,T8,-0.22499963691801464
dmnelf006,GSR_CEN,tr,P7,0.010303192294882649
dmnelf006,GSR_CEN,tr,P8,-0.14737905892500333
dmnelf006,GSR_CEN,tr,Fz,-0.09878812413916198
dmnelf006,GSR_CEN,tr,Cz,-0.03281569873630614
dmnelf006,GSR_CEN,tr,Pz,0.030150200773514754
dmnelf006,GSR_CEN,tr,Oz,0.034814301438589726
dmnelf006,GSR_CEN,tr,FC1,-0.09858109124280161
dmnelf006,GSR_CEN,tr,FC2,0.1416128209434288
dmnelf006,GSR_CEN,tr,CP1,0.10653678502737274
dmnelf006,GSR_CEN,tr,CP2,0.08407165531295167
dmnelf006,GSR_CEN,tr,FC5,-0.11996947799434593
dmnelf006,GSR_CEN,tr,FC6,-0.09707993352010556
dmnelf006,GSR_CEN,tr,CP5,-0.2343425306895549
dmnelf006,GSR_CEN,tr,CP6,-0.09967335175858223
dmnelf006,GSR_CEN,tr,TP9,-0.18118984477017966
dmnelf006,GSR_CEN,tr,TP10,-0.16415022273114466
dmnelf006,GSR_CEN,tr,POz,-0.005430378213270068
dmnelf007,GSR_CEN,tr,Fp1,0.21020173381478086
dmnelf007,GSR_CEN,tr,Fp2,0.1714919697941824
dmnelf007,GSR_CEN,tr,F3,-0.09730549605541217
dmnelf007,GSR_CEN,tr,F4,-0.07916410003317166
dmnelf007,GSR_CEN,tr,C3,0.11576268865618866
dmnelf007,GSR_CEN,tr,C4,0.1263758303866822
dmnelf007,GSR_CEN,tr,P3,-0.13719363470438806
dmnelf007,GSR_CEN,tr,P4,0.0829086717875436
dmnelf007,GSR_CEN,tr,O1,0.2168347786824023
dmnelf007,GSR_CEN,tr,O2,0.12180884535155867
dmnelf007,GSR_CEN,tr,F7,0.040902514101694945
dmnelf007,GSR_CEN,tr,F8,0.29882121326427125
dmnelf007,GSR_CEN,tr,T7,0.3592712704264842
dmnelf007,GSR_CEN,tr,T8,0.019249508127644702
dmnelf007,GSR_CEN,tr,P7,0.15032696958404806
dmnelf007,GSR_CEN,tr,P8,-0.026968889710537153
dmnelf007,GSR_CEN,tr,Fz,0.04073873406966487
dmnelf007,GSR_CEN,tr,Cz,0.11559178212004666
dmnelf007,GSR_CEN,tr,Pz,0.29802621114830213
dmnelf007,GSR_CEN,tr,Oz,-0.07174234816892376
dmnelf007,GSR_CEN,tr,FC1,0.05039054748381683
dmnelf007,GSR_CEN,tr,FC2,-0.022941157841191606
dmnelf007,GSR_CEN,tr,CP1,0.04723936388707499
dmnelf007,GSR_CEN,tr,CP2,0.1645343072548156
dmnelf007,GSR_CEN,tr,FC5,-0.06383654072806527
dmnelf007,GSR_CEN,tr,FC6,0.14782703312136952
dmnelf007,GSR_CEN,tr,CP5,-0.023324682142589502
dmnelf007,GSR_CEN,tr,CP6,0.1875179487255994
dmnelf007,GSR_CEN,tr,TP9,0.1006056407024618
dmnelf007,GSR_CEN,tr,TP10,-0.1099352949079523
dmnelf007,GSR_CEN,tr,POz,0.049020804197884474
dmnelf008,GSR_CEN,tr,Fp1,0.3359273182304963
dmnelf008,GSR_CEN,tr,Fp2,0.4788476907155283
dmnelf008,GSR_CEN,tr,F3,0.39824079813944724
dmnelf008,GSR_CEN,tr,F4,0.24132599420142045
dmnelf008,GSR_CEN,tr,C3,0.13446186053956344
dmnelf008,GSR_CEN,tr,C4,0.06970710288771059
dmnelf008,GSR_CEN,tr,P3,0.07608377418986276
dmnelf008,GSR_CEN,tr,P4,0.217231542806029
dmnelf008,GSR_CEN,tr,O1,0.24371350970407954
dmnelf008,GSR_CEN,tr,O2,0.2912674835919782
dmnelf008,GSR_CEN,tr,F7,0.4845078471191057
dmnelf008,GSR_CEN,tr,F8,0.32103649775453375
dmnelf008,GSR_CEN,tr,T7,0.4368209330075367
dmnelf008,GSR_CEN,tr,T8,0.43621670180408784
dmnelf008,GSR_CEN,tr,P7,0.3368899798212349
dmnelf008,GSR_CEN,tr,P8,0.18561767957070432
dmnelf008,GSR_CEN,tr,Fz,0.19978002247436474
dmnelf008,GSR_CEN,tr,Cz,0.278075972868985
dmnelf008,GSR_CEN,tr,Pz,0.25231827565684584
dmnelf008,GSR_CEN,tr,Oz,0.2887637313572826
dmnelf008,GSR_CEN,tr,FC1,0.2645675220038335
dmnelf008,GSR_CEN,tr,FC2,0.10993206942854958
dmnelf008,GSR_CEN,tr,CP1,0.13808028876680006
dmnelf008,GSR_CEN,tr,CP2,0.22113609971083514
dmnelf008,GSR_CEN,tr,FC5,0.38206563745855177
dmnelf008,GSR_CEN,tr,FC6,0.16674743573169787
dmnelf008,GSR_CEN,tr,CP5,0.32096295934274743
dmnelf008,GSR_CEN,tr,CP6,0.23141860553399507
dmnelf008,GSR_CEN,tr,TP9,0.4896064870838872
dmnelf008,GSR_CEN,tr,TP10,0.3536602118818503
dmnelf008,GSR_CEN,tr,POz,0.32167631733800495
dmnelf009,GSR_CEN,tr,Fp1,0.13831647753320553
dmnelf009,GSR_CEN,tr,Fp2,0.24059318530323798
dmnelf009,GSR_CEN,tr,F3,0.10800866407386636
dmnelf009,GSR_CEN,tr,F4,0.12225787534438726
dmnelf009,GSR_CEN,tr,C3,0.02355469613591922
dmnelf009,GSR_CEN,tr,C4,0.07213563379474547
dmnelf009,GSR_CEN,tr,P3,0.1342961320858894
dmnelf009,GSR_CEN,tr,P4,0.18142231179460144
dmnelf009,GSR_CEN,tr,O1,0.20531257885634982
dmnelf009,GSR_CEN,tr,O2,-0.0539649159328366
dmnelf009,GSR_CEN,tr,F7,0.03206289213829969
dmnelf009,GSR_CEN,tr,F8,0.05837253232912934
dmnelf009,GSR_CEN,tr,T7,0.05079779802402866
dmnelf009,GSR_CEN,tr,T8,0.0667281934502103
dmnelf009,GSR_CEN,tr,P7,0.08056980511086953
dmnelf009,GSR_CEN,tr,P8,0.19469878348758557
dmnelf009,GSR_CEN,tr,Fz,0.12882148368653507
dmnelf009,GSR_CEN,tr,Cz,0.01612267748249755
dmnelf009,GSR_CEN,tr,Pz,0.192771689882694
dmnelf009,GSR_CEN,tr,Oz,0.13589996069256266
dmnelf009,GSR_CEN,tr,FC1,0.13265864413555617
dmnelf009,GSR_CEN,tr,FC2,0.12240097916472265
dmnelf009,GSR_CEN,tr,CP1,0.20889754528921398
dmnelf009,GSR_CEN,tr,CP2,0.19352688993148692
dmnelf009,GSR_CEN,tr,FC5,0.15763737860647245
dmnelf009,GSR_CEN,tr,FC6,0.07927181734554974
dmnelf009,GSR_CEN,tr,CP5,0.15106667325310652
dmnelf009,GSR_CEN,tr,CP6,0.27239677266418555
dmnelf009,GSR_CEN,tr,TP9,0.09269605507963775
dmnelf009,GSR_CEN,tr,TP10,-0.15297700533564726
dmnelf009,GSR_CEN,tr,POz,0.13418065287056002
dmnelf010,GSR_CEN,tr,Fp1,-0.0016017946657892884
dmnelf010,GSR_CEN,tr,Fp2,-0.20493591976805575
dmnelf010,GSR_CEN,tr,F3,-0.22337163302238844
dmnelf010,GSR_CEN,tr,F4,-0.17106435174484155
dmnelf010,GSR_CEN,tr,C3,-0.01574374837267287
dmnelf010,GSR_CEN,tr,C4,-0.15146006929722025
dmnelf010,GSR_CEN,tr,P3,-0.2794515864921645
dmnelf010,GSR_CEN,tr,P4,0.021610402995442594
dmnelf010,GSR_CEN,tr,O1,-0.16548171490494323
dmnelf010,GSR_CEN,tr,O2,-0.18595628519417934
dmnelf010,GSR_CEN,tr,F7,0.03699058933589084
dmnelf010,GSR_CEN,tr,F8,-0.2481969143553171
dmnelf010,GSR_CEN,tr,T7,-0.20687584982010404
dmnelf010,GSR_CEN,tr,T8,-0.00898245811968846
dmnelf010,GSR_CEN,tr,P7,-0.14371810509354394
dmnelf010,GSR_CEN,tr,P8,-0.0866565375794096
dmnelf010,GSR_CEN,tr,Fz,-0.13269691125630834
dmnelf010,GSR_CEN,tr,Cz,-0.0894331364703245
dmnelf010,GSR_CEN,tr,Pz,-0.14094201906902348
dmnelf010,GSR_CEN,tr,Oz,-0.26526179428318164
dmnelf010,GSR_CEN,tr,FC1,-0.16666351420843706
dmnelf010,GSR_CEN,tr,FC2,-0.19929559524675397
dmnelf010,GSR_CEN,tr,CP1,-0.09847001754451902
dmnelf010,GSR_CEN,tr,CP2,-0.18275613799247176
dmnelf010,GSR_CEN,tr,FC5,0.07356286634170123
dmnelf010,GSR_CEN,tr,FC6,-0.12576972025235045
dmnelf010,GSR_CEN,tr,CP5,-0.1189752125920877
dmnelf010,GSR_CEN,tr,CP6,-0.09140363743530436
dmnelf010,GSR_CEN,tr,TP9,-0.1352656543299377
dmnelf010,GSR_CEN,tr,TP10,-0.18942255748285347
dmnelf010,GSR_CEN,tr,POz,-0.1316225482083046
dmnelf011,GSR_CEN,tr,Fp1,-0.11461263234661143
dmnelf011,GSR_CEN,tr,Fp2,-0.06975715520850197
dmnelf011,GSR_CEN,tr,F3,-0.10179277000728754
dmnelf011,GSR_CEN,tr,F4,-0.02496662161113327
dmnelf011,GSR_CEN,tr,C3,0.006184133895251916
dmnelf011,GSR_CEN,tr,C4,-0.04680004706134041
dmnelf011,GSR_CEN,tr,P3,0.14073103677279702
dmnelf011,GSR_CEN,tr,P4,-0.06336903848916059
dmnelf011,GSR_CEN,tr,O1,-0.09235224896070385
dmnelf011,GSR_CEN,tr,O2,-0.006834581975170475
dmnelf011,GSR_CEN,tr,F7,-0.0014679775020864198
dmnelf011,GSR_CEN,tr,F8,-0.05436839537774581
dmnelf011,GSR_CEN,tr,T7,0.015054176254352021
dmnelf011,GSR_CEN,tr,T8,-0.07846911714906647
dmnelf011,GSR_CEN,tr,P7,-0.003411491017274171
dmnelf011,GSR_CEN,tr,P8,-0.0403358288809879
dmnelf011,GSR_CEN,tr,Fz,0.022466324986580886
dmnelf011,GSR_CEN,tr,Cz,-0.0290296790940701
dmnelf011,GSR_CEN,tr,Pz,0.05383447629077434
dmnelf011,GSR_CEN,tr,Oz,-0.023511308083458173
dmnelf011,GSR_CEN,tr,FC1,-0.08362494795262831
dmnelf011,GSR_CEN,tr,FC2,-0.07246794476408687
dmnelf011,GSR_CEN,tr,CP1,0.0025259282721270537
dmnelf011,GSR_CEN,tr,CP2,-0.029434858900369888
dmnelf011,GSR_CEN,tr,FC5,0.0011266401370526313
dmnelf011,GSR_CEN,tr,FC6,-0.13067438800911416
dmnelf011,GSR_CEN,tr,CP5,0.05375114655945111
dmnelf011,GSR_CEN,tr,CP6,0.021871170994170554
dmnelf011,GSR_CEN,tr,TP9,0.022396856619484998
dmnelf011,GSR_CEN,tr,TP10,0.007553615792309419
dmnelf011,GSR_CEN,tr,POz,-0.19070082814328765
dmnelf012,GSR_CEN,tr,Fp1,0.27751115599922327
dmnelf012,GSR_CEN,tr,Fp2,0.013365106409755759
dmnelf012,GSR_CEN,tr,F3,0.11106718534028265
dmnelf012,GSR_CEN,tr,F4,0.01429641923144772
dmnelf012,GSR_CEN,tr,C3,0.08218861979085292
dmnelf012,GSR_CEN,tr,C4,0.22904571385716477
dmnelf012,GSR_CEN,tr,P3,0.23955509252833115
dmnelf012,GSR_CEN,tr,P4,0.27620384102642076
dmnelf012,GSR_CEN,tr,O1,0.20324085600213931
dmnelf012,GSR_CEN,tr,O2,0.1327657273748865
dmnelf012,GSR_CEN,tr,F7,0.14180369695589384
dmnelf012,GSR_CEN,tr,F8,0.12858910775899743
dmnelf012,GSR_CEN,tr,T7,0.08230034286490535
dmnelf012,GSR_CEN,tr,T8,0.12351518530603232
dmnelf012,GSR_CEN,tr,P7,0.08575434688355668
dmnelf012,GSR_CEN,tr,P8,0.13804866395311055
dmnelf012,GSR_CEN,tr,Fz,0.14037225673351297
dmnelf012,GSR_CEN,tr,Cz,0.33855141987485615
dmnelf012,GSR_CEN,tr,Pz,0.4339193018597033
dmnelf012,GSR_CEN,tr,Oz,0.27101463238055246
dmnelf012,GSR_CEN,tr,FC1,0.09270455412028113
dmnelf012,GSR_CEN,tr,FC2,-0.0637591242984093
dmnelf012,GSR_CEN,tr,CP1,0.17504411054647123
dmnelf012,GSR_CEN,tr,CP2,0.1387667495023182
dmnelf012,GSR_CEN,tr,FC5,0.15315756285361698
dmnelf012,GSR_CEN,tr,FC6,0.024402848114514302
dmnelf012,GSR_CEN,tr,CP5,0.12393727255775915
dmnelf012,GSR_CEN,tr,CP6,0.11130236372344257
dmnelf012,GSR_CEN,tr,TP9,0.039281255105451204
dmnelf012,GSR_CEN,tr,TP10,0.18091990204425293
dmnelf012,GSR_CEN,tr,POz,0.5315551391070028
dmnelf013,GSR_CEN,tr,Fp1,-0.31276934735552936
dmnelf013,GSR_CEN,tr,Fp2,-0.33952915346809104
dmnelf013,GSR_CEN,tr,F3,-0.34916630974310386
dmnelf013,GSR_CEN,tr,F4,-0.34620166819720277
dmnelf013,GSR_CEN,tr,C3,-0.33094597913900636
dmnelf013,GSR_CEN,tr,C4,-0.3853137350868062
dmnelf013,GSR_CEN,tr,P3,-0.3762933932793059
dmnelf013,GSR_CEN,tr,P4,-0.3702675416686029
dmnelf013,GSR_CEN,tr,O1,-0.3066973234827032
dmnelf013,GSR_CEN,tr,O2,-0.32926447084750426
dmnelf013,GSR_CEN,tr,F7,-0.38566633811292533
dmnelf013,GSR_CEN,tr,F8,-0.35254832739455527
dmnelf013,GSR_CEN,tr,T7,-0.3628968101230762
dmnelf013,GSR_CEN,tr,T8,-0.3579842605627731
dmnelf013,GSR_CEN,tr,P7,-0.34862618900037773
dmnelf013,GSR_CEN,tr,P8,-0.3209717520423063
dmnelf013,GSR_CEN,tr,Fz,-0.3669898861884935
dmnelf013,GSR_CEN,tr,Cz,-0.3136106717868458
dmnelf013,GSR_CEN,tr,Pz,-0.34828400818782457
dmnelf013,GSR_CEN,tr,Oz,-0.30585301334954285
dmnelf013,GSR_CEN,tr,FC1,-0.391584278700208
dmnelf013,GSR_CEN,tr,FC2,-0.11057379931417204
dmnelf013,GSR_CEN,tr,CP1,-0.35980994240245207
dmnelf013,GSR_CEN,tr,CP2,-0.3349867890470256
dmnelf013,GSR_CEN,tr,FC5,-0.38822374446731345
dmnelf013,GSR_CEN,tr,FC6,-0.34556828383257243
dmnelf013,GSR_CEN,tr,CP5,-0.34403091424398613
dmnelf013,GSR_CEN,tr,CP6,-0.36552638774549356
dmnelf013,GSR_CEN,tr,TP9,-0.33135651783024356
dmnelf013,GSR_CEN,tr,TP10,-0.3175350329970497
dmnelf013,GSR_CEN,tr,POz,-0.3364337171706563
dmnelf014,GSR_CEN,tr,Fp1,-0.014441321633043402
dmnelf014,GSR_CEN,tr,Fp2,-0.2628218657614423
dmnelf014,GSR_CEN,tr,F3,0.14217790985246184
dmnelf014,GSR_CEN,tr,F4,-0.25777089527685626
dmnelf014,GSR_CEN,tr,C3,-0.06427799240891911
dmnelf014,GSR_CEN,tr,C4,-0.15898154495379718
dmnelf014,GSR_CEN,tr,P3,-0.25023497500876124
dmnelf014,GSR_CEN,tr,P4,-0.23146331384910931
dmnelf014,GSR_CEN,tr,O1,-0.14221483549687272
dmnelf014,GSR_CEN,tr,O2,-0.024756862091302526
dmnelf014,GSR_CEN,tr,F7,0.08576347731755138
dmnelf014,GSR_CEN,tr,F8,-0.12167020662092747
dmnelf014,GSR_CEN,tr,T7,-0.035917308870898834
dmnelf014,GSR_CEN,tr,T8,-0.11477801423361052
dmnelf014,GSR_CEN,tr,P7,-0.05155797345705769
dmnelf014,GSR_CEN,tr,P8,0.10893710083978396
dmnelf014,GSR_CEN,tr,Fz,-0.36643805167813553
dmnelf014,GSR_CEN,tr,Cz,-0.19276199539082978
dmnelf014,GSR_CEN,tr,Pz,-0.35942629661802433
dmnelf014,GSR_CEN,tr,Oz,0.16567665263023504
dmnelf014,GSR_CEN,tr,FC1,-0.17964659186630283
dmnelf014,GSR_CEN,tr,FC2,-0.29882429463413185
dmnelf014,GSR_CEN,tr,CP1,-0.37558962339237145
dmnelf014,GSR_CEN,tr,CP2,-0.22447641891136372
dmnelf014,GSR_CEN,tr,FC5,-0.26525614078190635
dmnelf014,GSR_CEN,tr,FC6,-0.20190307271741292
dmnelf014,GSR_CEN,tr,CP5,-0.3491707908561938
dmnelf014,GSR_CEN,tr,CP6,-0.026128657165184768
dmnelf014,GSR_CEN,tr,TP9,0.1375446829130797
dmnelf014,GSR_CEN,tr,TP10,-0.05299960540018824
dmnelf014,GSR_CEN,tr,POz,-0.03736539051088136
dmnelf015,GSR_CEN,tr,Fp1,0.36048826630788566
dmnelf015,GSR_CEN,tr,Fp2,0.4436233381719019
dmnelf015,GSR_CEN,tr,F3,0.43675237940828693
dmnelf015,GSR_CEN,tr,F4,0.4324395277241511
dmnelf015,GSR_CEN,tr,C3,0.436041830961136
dmnelf015,GSR_CEN,tr,C4,0.0025018339956042086
dmnelf015,GSR_CEN,tr,P3,0.3216075147489242
dmnelf015,GSR_CEN,tr,P4,0.3828151109748104
dmnelf015,GSR_CEN,tr,O1,0.5064457167311809
dmnelf015,GSR_CEN,tr,O2,0.5607228050041486
dmnelf015,GSR_CEN,tr,F7,0.5583155772123815
dmnelf015,GSR_CEN,tr,F8,0.4097168491285206
dmnelf015,GSR_CEN,tr,T7,0.39264322411388
dmnelf015,GSR_CEN,tr,T8,0.31240426240432917
dmnelf015,GSR_CEN,tr,P7,0.3763919928455767
dmnelf015,GSR_CEN,tr,P8,0.503827386112062
dmnelf015,GSR_CEN,tr,Fz,0.45881525300784526
dmnelf015,GSR_CEN,tr,Cz,0.5074239497776314
dmnelf015,GSR_CEN,tr,Pz,0.3901369461792835
dmnelf015,GSR_CEN,tr,Oz,0.5558935072504815
dmnelf015,GSR_CEN,tr,FC1,0.40299628111314895
dmnelf015,GSR_CEN,tr,FC2,0.43698648494567244
dmnelf015,GSR_CEN,tr,CP1,0.26647624961070004
dmnelf015,GSR_CEN,tr,CP2,0.42627116927236475
dmnelf015,GSR_CEN,tr,FC5,0.49363619207317555
dmnelf015,GSR_CEN,tr,FC6,0.31338596320609524
dmnelf015,GSR_CEN,tr,CP5,0.13624396741954922
dmnelf015,GSR_CEN,tr,CP6,0.4096623757447907
dmnelf015,GSR_CEN,tr,TP9,0.45898977326209933
dmnelf015,GSR_CEN,tr,TP10,0.375867437359176
dmnelf015,GSR_CEN,tr,POz,0.42078669335091373
dmnelf1001,GSR_CEN,tr,Fp1,0.015020809766425926
dmnelf1001,GSR_CEN,tr,Fp2,-0.1148035590184113
dmnelf1001,GSR_CEN,tr,F3,0.06525628813758326
dmnelf1001,GSR_CEN,tr,F4,-0.10995076698168502
dmnelf1001,GSR_CEN,tr,C3,0.038754394529287896
dmnelf1001,GSR_CEN,tr,C4,0.08208083790624601
dmnelf1001,GSR_CEN,tr,P3,-0.026890044085314445
dmnelf1001,GSR_CEN,tr,P4,0.08543791176604891
dmnelf1001,GSR_CEN,tr,O1,0.12167267663933362
dmnelf1001,GSR_CEN,tr,O2,0.23876384915477541
dmnelf1001,GSR_CEN,tr,F7,-0.1311083754750244
dmnelf1001,GSR_CEN,tr,F8,-0.020502276735986154
dmnelf1001,GSR_CEN,tr,T7,0.19950412290821012
dmnelf1001,GSR_CEN,tr,T8,-0.17682511280625812
dmnelf1001,GSR_CEN,tr,P7,-0.025550534019738228
dmnelf1001,GSR_CEN,tr,P8,0.15216385344190994
dmnelf1001,GSR_CEN,tr,Fz,0.03496213651962021
dmnelf1001,GSR_CEN,tr,Cz,-0.02194727057813266
dmnelf1001,GSR_CEN,tr,Pz,0.2917534553494377
dmnelf1001,GSR_CEN,tr,Oz,0.21480853992100615
dmnelf1001,GSR_CEN,tr,FC1,0.082107470894281
dmnelf1001,GSR_CEN,tr,FC2,0.23722410170906477
dmnelf1001,GSR_CEN,tr,CP1,0.06314202256428995
dmnelf1001,GSR_CEN,tr,CP2,0.1357508219878366
dmnelf1001,GSR_CEN,tr,FC5,0.02661026704297936
dmnelf1001,GSR_CEN,tr,FC6,0.06088239861059745
dmnelf1001,GSR_CEN,tr,CP5,-0.03866540703214638
dmnelf1001,GSR_CEN,tr,CP6,-0.06853150304850943
dmnelf1001,GSR_CEN,tr,TP9,0.18066008679733014
dmnelf1001,GSR_CEN,tr,TP10,0.09692000145002419
dmnelf1001,GSR_CEN,tr,POz,0.19089020017743852
dmnelf1002,GSR_CEN,tr,Fp1,-0.05152135827241943
dmnelf1002,GSR_CEN,tr,Fp2,0.2278931634615133
dmnelf1002,GSR_CEN,tr,F3,-0.02556983613212608
dmnelf1002,GSR_CEN,tr,F4,0.1403262476999217
dmnelf1002,GSR_CEN,tr,C3,0.24832446865801416
dmnelf1002,GSR_CEN,tr,C4,0.20330621938206894
dmnelf1002,GSR_CEN,tr,P3,0.16202262941829546
dmnelf1002,GSR_CEN,tr,P4,0.12443720852727326
dmnelf1002,GSR_CEN,tr,O1,0.10536236047510412
dmnelf1002,GSR_CEN,tr,O2,0.07262361009365564
dmnelf1002,GSR_CEN,tr,F7,0.2506498669025221
dmnelf1002,GSR_CEN,tr,F8,0.27719101836178667
dmnelf1002,GSR_CEN,tr,T7,0.15738893010031052
dmnelf1002,GSR_CEN,tr,T8,0.10554945035981464
dmnelf1002,GSR_CEN,tr,P7,0.09718597176329011
dmnelf1002,GSR_CEN,tr,P8,0.1335469391449467
dmnelf1002,GSR_CEN,tr,Fz,0.24951745655277752
dmnelf1002,GSR_CEN,tr,Cz,0.11536632326292527
dmnelf1002,GSR_CEN,tr,Pz,0.07681377766457056
dmnelf1002,GSR_CEN,tr,Oz,-0.010234001666855938
dmnelf1002,GSR_CEN,tr,FC1,0.20780476517828866
dmnelf1002,GSR_CEN,tr,FC2,0.20905975966858636
dmnelf1002,GSR_CEN,tr,CP1,0.24245203794890122
dmnelf1002,GSR_CEN,tr,CP2,0.04889292783915325
dmnelf1002,GSR_CEN,tr,FC5,0.2995032791429851
dmnelf1002,GSR_CEN,tr,FC6,0.21037583330189003
dmnelf1002,GSR_CEN,tr,CP5,0.20223457939813785
dmnelf1002,GSR_CEN,tr,CP6,0.1174387071636137
dmnelf1002,GSR_CEN,tr,TP9,-0.09369737267359313
dmnelf1002,GSR_CEN,tr,TP10,0.016935689187740244
dmnelf1002,GSR_CEN,tr,POz,0.0188913588219977
dmnelf1003,GSR_CEN,tr,Fp1,0.08240482789058097
dmnelf1003,GSR_CEN,tr,Fp2,0.145198339181968
dmnelf1003,GSR_CEN,tr,F3,0.23886223536876589
dmnelf1003,GSR_CEN,tr,F4,0.09236220780144339
dmnelf1003,GSR_CEN,tr,C3,0.3038826293583835
dmnelf1003,GSR_CEN,tr,C4,0.18199470498698506
dmnelf1003,GSR_CEN,tr,P3,0.2510363945088051
dmnelf1003,GSR_CEN,tr,P4,0.11846498586446202
dmnelf1003,GSR_CEN,tr,O1,-0.1123762569186697
dmnelf1003,GSR_CEN,tr,O2,0.05774370636610331
dmnelf1003,GSR_CEN,tr,F7,0.1443125217050749
dmnelf1003,GSR_CEN,tr,F8,0.1689702016510392
dmnelf1003,GSR_CEN,tr,T7,0.2533246312308512
dmnelf1003,GSR_CEN,tr,T8,-0.13270525817658965
dmnelf1003,GSR_CEN,tr,P7,-0.07795111999039375
dmnelf1003,GSR_CEN,tr,P8,0.1929981757953826
dmnelf1003,GSR_CEN,tr,Fz,0.12746401002343888
dmnelf1003,GSR_CEN,tr,Cz,0.388684822073428
dmnelf1003,GSR_CEN,tr,Pz,0.46657555725606653
dmnelf1003,GSR_CEN,tr,Oz,0.053668425883256654
dmnelf1003,GSR_CEN,tr,FC1,-0.05887266333200601
dmnelf1003,GSR_CEN,tr,FC2,0.08268887849171697
dmnelf1003,GSR_CEN,tr,CP1,0.3845826935430773
dmnelf1003,GSR_CEN,tr,CP2,0.4043616688797961
dmnelf1003,GSR_CEN,tr,FC5,0.3072630909592342
dmnelf1003,GSR_CEN,tr,FC6,0.23192124152767263
dmnelf1003,GSR_CEN,tr,CP5,0.2734665257605832
dmnelf1003,GSR_CEN,tr,CP6,0.3435383631034521
dmnelf1003,GSR_CEN,tr,TP9,-0.027430667481862365
dmnelf1003,GSR_CEN,tr,TP10,-0.07113008547906707
dmnelf1003,GSR_CEN,tr,POz,0.092581500746923
dmnelf001,GSR_PDA,tr,Fp1,-0.05971776153191076
dmnelf001,GSR_PDA,tr,Fp2,-0.04972089027782081
dmnelf001,GSR_PDA,tr,F3,-0.12641130997617922
dmnelf001,GSR_PDA,tr,F4,-0.10971771583495706
dmnelf001,GSR_PDA,tr,C3,-0.1648174223675104
dmnelf001,GSR_PDA,tr,C4,-0.12052500677046898
dmnelf001,GSR_PDA,tr,P3,-0.15363960887333367
dmnelf001,GSR_PDA,tr,P4,-0.08598255238184371
dmnelf001,GSR_PDA,tr,O1,0.01742072254791563
dmnelf001,GSR_PDA,tr,O2,-0.07350937655651305
dmnelf001,GSR_PDA,tr,F7,-0.1342661912352533
dmnelf001,GSR_PDA,tr,F8,-0.08479727497745466
dmnelf001,GSR_PDA,tr,T7,-0.059792663603298074
dmnelf001,GSR_PDA,tr,T8,-0.20178249069247922
dmnelf001,GSR_PDA,tr,P7,0.0239951655524114
dmnelf001,GSR_PDA,tr,P8,-0.15457729055888536
dmnelf001,GSR_PDA,tr,Fz,-0.029274226742136124
dmnelf001,GSR_PDA,tr,Cz,0.12649143166601742
dmnelf001,GSR_PDA,tr,Pz,0.07324726883389257
dmnelf001,GSR_PDA,tr,Oz,-0.006969837984822652
dmnelf001,GSR_PDA,tr,FC1,-0.10908975899014628
dmnelf001,GSR_PDA,tr,FC2,0.07693712002479207
dmnelf001,GSR_PDA,tr,CP1,-0.0896943800564255
dmnelf001,GSR_PDA,tr,CP2,0.12015006475593171
dmnelf001,GSR_PDA,tr,FC5,-0.1421572563467836
dmnelf001,GSR_PDA,tr,FC6,-0.20942642650963045
dmnelf001,GSR_PDA,tr,CP5,-0.09757031449805856
dmnelf001,GSR_PDA,tr,CP6,-0.261932653519893
dmnelf001,GSR_PDA,tr,TP9,-0.010786707642123985
dmnelf001,GSR_PDA,tr,TP10,0.05078166234878133
dmnelf001,GSR_PDA,tr,POz,0.09499251601168979
dmnelf004,GSR_PDA,tr,Fp1,0.09725248089071814
dmnelf004,GSR_PDA,tr,Fp2,0.1530311567805772
dmnelf004,GSR_PDA,tr,F3,0.043625759388053284
dmnelf004,GSR_PDA,tr,F4,0.11861401073237474
dmnelf004,GSR_PDA,tr,C3,0.009312710257031839
dmnelf004,GSR_PDA,tr,C4,0.28078465280097376
dmnelf004,GSR_PDA,tr,P3,0.1265797966100532
dmnelf004,GSR_PDA,tr,P4,0.22669290685921542
dmnelf004,GSR_PDA,tr,O1,0.21931331800365977
dmnelf004,GSR_PDA,tr,O2,0.14808958496657357
dmnelf004,GSR_PDA,tr,F7,-0.01238357262893508
dmnelf004,GSR_PDA,tr,F8,0.015673406649395507
dmnelf004,GSR_PDA,tr,T7,-0.07761721622043849
dmnelf004,GSR_PDA,tr,T8,0.04909512087461256
dmnelf004,GSR_PDA,tr,P7,0.10702814346682424
dmnelf004,GSR_PDA,tr,P8,0.08524353762964491
dmnelf004,GSR_PDA,tr,Fz,0.32365072258009236
dmnelf004,GSR_PDA,tr,Cz,0.3555602905568106
dmnelf004,GSR_PDA,tr,Pz,0.18863690895088484
dmnelf004,GSR_PDA,tr,Oz,0.31781469503877813
dmnelf004,GSR_PDA,tr,FC1,0.19437978356720897
dmnelf004,GSR_PDA,tr,FC2,0.2749283725814471
dmnelf004,GSR_PDA,tr,CP1,0.21931857328048596
dmnelf004,GSR_PDA,tr,CP2,0.07241669534469566
dmnelf004,GSR_PDA,tr,FC5,0.09175700512866627
dmnelf004,GSR_PDA,tr,FC6,0.0850957142686232
dmnelf004,GSR_PDA,tr,CP5,0.2924222361232859
dmnelf004,GSR_PDA,tr,CP6,0.011377516825890853
dmnelf004,GSR_PDA,tr,TP9,-0.013608763134340396
dmnelf004,GSR_PDA,tr,TP10,0.10412022046427763
dmnelf004,GSR_PDA,tr,POz,0.1425070388122077
dmnelf005,GSR_PDA,tr,Fp1,0.15917164746472606
dmnelf005,GSR_PDA,tr,Fp2,0.30676697694997385
dmnelf005,GSR_PDA,tr,F3,0.3878804956808156
dmnelf005,GSR_PDA,tr,F4,0.37582099133686775
dmnelf005,GSR_PDA,tr,C3,0.281231470393001
dmnelf005,GSR_PDA,tr,C4,0.23455032426281247
dmnelf005,GSR_PDA,tr,P3,0.2304386353311116
dmnelf005,GSR_PDA,tr,P4,0.422872192602388
dmnelf005,GSR_PDA,tr,O1,0.1907965577593179
dmnelf005,GSR_PDA,tr,O2,0.14229996593903033
dmnelf005,GSR_PDA,tr,F7,0.22608012846862097
dmnelf005,GSR_PDA,tr,F8,0.20786234128516734
dmnelf005,GSR_PDA,tr,T7,0.30161314850211596
dmnelf005,GSR_PDA,tr,T8,0.2893542918643532
dmnelf005,GSR_PDA,tr,P7,0.16640722226727483
dmnelf005,GSR_PDA,tr,P8,0.3945787122868454
dmnelf005,GSR_PDA,tr,Fz,0.42472965188167733
dmnelf005,GSR_PDA,tr,Cz,0.2445648504076173
dmnelf005,GSR_PDA,tr,Pz,0.2867536374988445
dmnelf005,GSR_PDA,tr,Oz,0.19403410650209518
dmnelf005,GSR_PDA,tr,FC1,0.4099164675020728
dmnelf005,GSR_PDA,tr,FC2,0.3157905117032699
dmnelf005,GSR_PDA,tr,CP1,0.22605974119892958
dmnelf005,GSR_PDA,tr,CP2,0.16985046923424788
dmnelf005,GSR_PDA,tr,FC5,0.2757292978151887
dmnelf005,GSR_PDA,tr,FC6,0.17320883410255167
dmnelf005,GSR_PDA,tr,CP5,0.3242554038452313
dmnelf005,GSR_PDA,tr,CP6,0.4347168490211035
dmnelf005,GSR_PDA,tr,TP9,0.04834714442394237
dmnelf005,GSR_PDA,tr,TP10,0.22940605430836067
dmnelf005,GSR_PDA,tr,POz,0.3980507011435824
dmnelf006,GSR_PDA,tr,Fp1,0.13210279141661435
dmnelf006,GSR_PDA,tr,Fp2,0.15633233124871415
dmnelf006,GSR_PDA,tr,F3,-0.016254499526959426
dmnelf006,GSR_PDA,tr,F4,0.05520189244562929
dmnelf006,GSR_PDA,tr,C3,-0.020336667998590983
dmnelf006,GSR_PDA,tr,C4,-0.04114258799270502
dmnelf006,GSR_PDA,tr,P3,0.14492527656447243
dmnelf006,GSR_PDA,tr,P4,0.19026035053226575
dmnelf006,GSR_PDA,tr,O1,0.2391738364305045
dmnelf006,GSR_PDA,tr,O2,0.2242960518522604
dmnelf006,GSR_PDA,tr,F7,0.04791312153721801
dmnelf006,GSR_PDA,tr,F8,0.013794483505072161
dmnelf006,GSR_PDA,tr,T7,0.008955091886809374
dmnelf006,GSR_PDA,tr,T8,-0.1434675103589776
dmnelf006,GSR_PDA,tr,P7,0.15474054125739087
dmnelf006,GSR_PDA,tr,P8,0.04622513453864937
dmnelf006,GSR_PDA,tr,Fz,0.027392861337001116
dmnelf006,GSR_PDA,tr,Cz,-0.03535240194824339
dmnelf006,GSR_PDA,tr,Pz,0.09703939877134571
dmnelf006,GSR_PDA,tr,Oz,0.22806797197110384
dmnelf006,GSR_PDA,tr,FC1,0.009099108813436823
dmnelf006,GSR_PDA,tr,FC2,0.08827325856647938
dmnelf006,GSR_PDA,tr,CP1,0.09008972109747124
dmnelf006,GSR_PDA,tr,CP2,0.015007260632602272
dmnelf006,GSR_PDA,tr,FC5,-0.031829799731338565
dmnelf006,GSR_PDA,tr,FC6,0.012773551039368322
dmnelf006,GSR_PDA,tr,CP5,0.058785580085425865
dmnelf006,GSR_PDA,tr,CP6,-0.014186575622143928
dmnelf006,GSR_PDA,tr,TP9,-0.015480742233352461
dmnelf006,GSR_PDA,tr,TP10,0.03911581943170331
dmnelf006,GSR_PDA,tr,POz,0.11085001176964726
dmnelf007,GSR_PDA,tr,Fp1,0.0845645641323224
dmnelf007,GSR_PDA,tr,Fp2,0.058782213040128324
dmnelf007,GSR_PDA,tr,F3,-0.20155712014073024
dmnelf007,GSR_PDA,tr,F4,-0.056732852936093155
dmnelf007,GSR_PDA,tr,C3,0.19648410088859347
dmnelf007,GSR_PDA,tr,C4,-0.0645212311554394
dmnelf007,GSR_PDA,tr,P3,0.021151427040012875
dmnelf007,GSR_PDA,tr,P4,0.08498506111322456
dmnelf007,GSR_PDA,tr,O1,0.3748043218151431
dmnelf007,GSR_PDA,tr,O2,0.039461156416586596
dmnelf007,GSR_PDA,tr,F7,-0.016109444566115884
dmnelf007,GSR_PDA,tr,F8,0.15747332800359345
dmnelf007,GSR_PDA,tr,T7,-0.12668590305397331
dmnelf007,GSR_PDA,tr,T8,-0.13973614345296506
dmnelf007,GSR_PDA,tr,P7,0.3045839667146111
dmnelf007,GSR_PDA,tr,P8,-0.12874066796068911
dmnelf007,GSR_PDA,tr,Fz,0.2095428591947009
dmnelf007,GSR_PDA,tr,Cz,0.19840535042403368
dmnelf007,GSR_PDA,tr,Pz,0.19828398844834133
dmnelf007,GSR_PDA,tr,Oz,0.0862434355843689
dmnelf007,GSR_PDA,tr,FC1,-0.0841180629668622
dmnelf007,GSR_PDA,tr,FC2,0.13056717628920275
dmnelf007,GSR_PDA,tr,CP1,0.28040650629367175
dmnelf007,GSR_PDA,tr,CP2,0.062466833106999554
dmnelf007,GSR_PDA,tr,FC5,-0.1685609768417599
dmnelf007,GSR_PDA,tr,FC6,-0.04036359116045587
dmnelf007,GSR_PDA,tr,CP5,-0.12183307036392876
dmnelf007,GSR_PDA,tr,CP6,-0.06542549910312297
dmnelf007,GSR_PDA,tr,TP9,0.1582780365587161
dmnelf007,GSR_PDA,tr,TP10,-0.010932410295355906
dmnelf007,GSR_PDA,tr,POz,0.18301951721094947
dmnelf008,GSR_PDA,tr,Fp1,0.17184988885135605
dmnelf008,GSR_PDA,tr,Fp2,0.39007441162642253
dmnelf008,GSR_PDA,tr,F3,0.43119045404855094
dmnelf008,GSR_PDA,tr,F4,0.23663981061498668
dmnelf008,GSR_PDA,tr,C3,0.01934460152133966
dmnelf008,GSR_PDA,tr,C4,0.04256269225601978
dmnelf008,GSR_PDA,tr,P3,0.13784028768278167
dmnelf008,GSR_PDA,tr,P4,0.20592221523541226
dmnelf008,GSR_PDA,tr,O1,0.19355153723911306
dmnelf008,GSR_PDA,tr,O2,0.23193991903700373
dmnelf008,GSR_PDA,tr,F7,0.42924851535468467
dmnelf008,GSR_PDA,tr,F8,0.17173836720523292
dmnelf008,GSR_PDA,tr,T7,0.2631590206100836
dmnelf008,GSR_PDA,tr,T8,0.2846450420230412
dmnelf008,GSR_PDA,tr,P7,0.12089061588912961
dmnelf008,GSR_PDA,tr,P8,0.14951303608369768
dmnelf008,GSR_PDA,tr,Fz,0.15194637011488085
dmnelf008,GSR_PDA,tr,Cz,0.14064104659105728
dmnelf008,GSR_PDA,tr,Pz,0.22901265089426148
dmnelf008,GSR_PDA,tr,Oz,0.19542043975208034
dmnelf008,GSR_PDA,tr,FC1,0.13628455897644903
dmnelf008,GSR_PDA,tr,FC2,0.0810496741520394
dmnelf008,GSR_PDA,tr,CP1,0.1341941741790205
dmnelf008,GSR_PDA,tr,CP2,0.17830086379837187
dmnelf008,GSR_PDA,tr,FC5,0.3527067597184612
dmnelf008,GSR_PDA,tr,FC6,0.09083075991768509
dmnelf008,GSR_PDA,tr,CP5,0.27394994013884255
dmnelf008,GSR_PDA,tr,CP6,0.1680484660143227
dmnelf008,GSR_PDA,tr,TP9,0.39317584632384656
dmnelf008,GSR_PDA,tr,TP10,0.22828562077574888
dmnelf008,GSR_PDA,tr,POz,0.23553331285522558
dmnelf009,GSR_PDA,tr,Fp1,0.017361971646028984
dmnelf009,GSR_PDA,tr,Fp2,-0.13443177590374958
dmnelf009,GSR_PDA,tr,F3,0.050132897259162736
dmnelf009,GSR_PDA,tr,F4,-0.11454235851110718
dmnelf009,GSR_PDA,tr,C3,0.0010329741675949161
dmnelf009,GSR_PDA,tr,C4,0.02308718247671436
dmnelf009,GSR_PDA,tr,P3,0.15611636894194966
dmnelf009,GSR_PDA,tr,P4,0.29768554320374774
dmnelf009,GSR_PDA,tr,O1,0.009689147668372124
dmnelf009,GSR_PDA,tr,O2,0.2412163751180733
dmnelf009,GSR_PDA,tr,F7,-0.07730564665144213
dmnelf009,GSR_PDA,tr,F8,0.046388063762925896
dmnelf009,GSR_PDA,tr,T7,-0.009660431290714727
dmnelf009,GSR_PDA,tr,T8,0.10360161821461353
dmnelf009,GSR_PDA,tr,P7,0.0772780629243859
dmnelf009,GSR_PDA,tr,P8,0.09630330446831604
dmnelf009,GSR_PDA,tr,Fz,-0.015619180319179096
dmnelf009,GSR_PDA,tr,Cz,0.28892915840927824
dmnelf009,GSR_PDA,tr,Pz,0.4146859091122306
dmnelf009,GSR_PDA,tr,Oz,0.126554467337383
dmnelf009,GSR_PDA,tr,FC1,0.1439591272798479
dmnelf009,GSR_PDA,tr,FC2,-0.12351397646146266
dmnelf009,GSR_PDA,tr,CP1,0.3509154425945189
dmnelf009,GSR_PDA,tr,CP2,0.3150282115498758
dmnelf009,GSR_PDA,tr,FC5,0.26939664714306366
dmnelf009,GSR_PDA,tr,FC6,0.0788374471832192
dmnelf009,GSR_PDA,tr,CP5,0.1610873690618991
dmnelf009,GSR_PDA,tr,CP6,0.3413094013222748
dmnelf009,GSR_PDA,tr,TP9,0.11830436359113153
dmnelf009,GSR_PDA,tr,TP10,-0.04444911871452586
dmnelf009,GSR_PDA,tr,POz,0.23175845005774812
dmnelf010,GSR_PDA,tr,Fp1,0.22589718655871227
dmnelf010,GSR_PDA,tr,Fp2,0.06786769500559248
dmnelf010,GSR_PDA,tr,F3,0.13070401617243263
dmnelf010,GSR_PDA,tr,F4,0.13604604616577673
dmnelf010,GSR_PDA,tr,C3,0.12965060435036582
dmnelf010,GSR_PDA,tr,C4,0.07263485334367879
dmnelf010,GSR_PDA,tr,P3,0.1354633242489585
dmnelf010,GSR_PDA,tr,P4,0.1540461318429412
dmnelf010,GSR_PDA,tr,O1,0.06204315314996596
dmnelf010,GSR_PDA,tr,O2,0.09072727631525737
dmnelf010,GSR_PDA,tr,F7,0.16057337828322635
dmnelf010,GSR_PDA,tr,F8,0.08493750154101937
dmnelf010,GSR_PDA,tr,T7,0.15087289467157225
dmnelf010,GSR_PDA,tr,T8,0.1337426226016994
dmnelf010,GSR_PDA,tr,P7,0.16438071783362437
dmnelf010,GSR_PDA,tr,P8,0.23218693003830823
dmnelf010,GSR_PDA,tr,Fz,0.18081248500931218
dmnelf010,GSR_PDA,tr,Cz,0.06601877255557594
dmnelf010,GSR_PDA,tr,Pz,0.1406749158339228
dmnelf010,GSR_PDA,tr,Oz,0.08772195618726944
dmnelf010,GSR_PDA,tr,FC1,0.27950196715097425
dmnelf010,GSR_PDA,tr,FC2,0.11684482023591601
dmnelf010,GSR_PDA,tr,CP1,0.22371313200917184
dmnelf010,GSR_PDA,tr,CP2,0.014929363828110437
dmnelf010,GSR_PDA,tr,FC5,0.16432686134545027
dmnelf010,GSR_PDA,tr,FC6,0.12970907054656133
dmnelf010,GSR_PDA,tr,CP5,0.21335841045856346
dmnelf010,GSR_PDA,tr,CP6,0.13246403823901876
dmnelf010,GSR_PDA,tr,TP9,0.17122337641808277
dmnelf010,GSR_PDA,tr,TP10,0.09125456612295882
dmnelf010,GSR_PDA,tr,POz,0.1329364523984004
dmnelf011,GSR_PDA,tr,Fp1,0.023549213838132983
dmnelf011,GSR_PDA,tr,Fp2,-0.07977788192055969
dmnelf011,GSR_PDA,tr,F3,-0.08099232188109073
dmnelf011,GSR_PDA,tr,F4,-0.10591811386934744
dmnelf011,GSR_PDA,tr,C3,-0.05810663705954866
dmnelf011,GSR_PDA,tr,C4,-0.13249827906389722
dmnelf011,GSR_PDA,tr,P3,-0.017614400409561623
dmnelf011,GSR_PDA,tr,P4,-0.13598724616831634
dmnelf011,GSR_PDA,tr,O1,-0.036055680166724516
dmnelf011,GSR_PDA,tr,O2,0.011294680917868026
dmnelf011,GSR_PDA,tr,F7,0.009388781588792947
dmnelf011,GSR_PDA,tr,F8,0.018199933507900688
dmnelf011,GSR_PDA,tr,T7,0.016685088767883504
dmnelf011,GSR_PDA,tr,T8,-0.17112131007721745
dmnelf011,GSR_PDA,tr,P7,-0.039317915184420515
dmnelf011,GSR_PDA,tr,P8,-0.04902029580290411
dmnelf011,GSR_PDA,tr,Fz,-0.04236778951780819
dmnelf011,GSR_PDA,tr,Cz,-0.08002699789477949
dmnelf011,GSR_PDA,tr,Pz,0.09545936466422685
dmnelf011,GSR_PDA,tr,Oz,0.01101709763066721
dmnelf011,GSR_PDA,tr,FC1,-0.06630057203509926
dmnelf011,GSR_PDA,tr,FC2,-0.10469001811032978
dmnelf011,GSR_PDA,tr,CP1,-0.06863341505231071
dmnelf011,GSR_PDA,tr,CP2,-0.062439166142832556
dmnelf011,GSR_PDA,tr,FC5,-0.13192733628146294
dmnelf011,GSR_PDA,tr,FC6,-0.12562803805360961
dmnelf011,GSR_PDA,tr,CP5,-0.09513400249464976
dmnelf011,GSR_PDA,tr,CP6,-0.1159254822953554
dmnelf011,GSR_PDA,tr,TP9,-0.028798647730990747
dmnelf011,GSR_PDA,tr,TP10,-0.0379376596195844
dmnelf011,GSR_PDA,tr,POz,0.007685777720643828
dmnelf012,GSR_PDA,tr,Fp1,0.33754674293560344
dmnelf012,GSR_PDA,tr,Fp2,0.05476220367202805
dmnelf012,GSR_PDA,tr,F3,0.1779375586786737
dmnelf012,GSR_PDA,tr,F4,-0.039413840482437165
dmnelf012,GSR_PDA,tr,C3,0.11079562275172894
dmnelf012,GSR_PDA,tr,C4,0.19123062882505287
dmnelf012,GSR_PDA,tr,P3,0.22177416079777845
dmnelf012,GSR_PDA,tr,P4,0.2975241114251481
dmnelf012,GSR_PDA,tr,O1,0.24601559894557157
dmnelf012,GSR_PDA,tr,O2,0.20026856791103292
dmnelf012,GSR_PDA,tr,F7,0.27626716097716364
dmnelf012,GSR_PDA,tr,F8,0.12216996520756404
dmnelf012,GSR_PDA,tr,T7,0.02766549252866202
dmnelf012,GSR_PDA,tr,T8,0.11996551196459743
dmnelf012,GSR_PDA,tr,P7,0.08148165917299798
dmnelf012,GSR_PDA,tr,P8,0.17712593970960028
dmnelf012,GSR_PDA,tr,Fz,0.14180040218858803
dmnelf012,GSR_PDA,tr,Cz,0.24957870373000832
dmnelf012,GSR_PDA,tr,Pz,0.40006839651138465
dmnelf012,GSR_PDA,tr,Oz,0.26564497732855863
dmnelf012,GSR_PDA,tr,FC1,0.1165656256390317
dmnelf012,GSR_PDA,tr,FC2,0.07177987629540106
dmnelf012,GSR_PDA,tr,CP1,0.17738805522384055
dmnelf012,GSR_PDA,tr,CP2,0.19422521190959569
dmnelf012,GSR_PDA,tr,FC5,0.1543448319848802
dmnelf012,GSR_PDA,tr,FC6,0.02008646461830254
dmnelf012,GSR_PDA,tr,CP5,0.1238853838371062
dmnelf012,GSR_PDA,tr,CP6,0.17502213564225833
dmnelf012,GSR_PDA,tr,TP9,-0.04400177059947338
dmnelf012,GSR_PDA,tr,TP10,0.16208468100786658
dmnelf012,GSR_PDA,tr,POz,0.425278177913255
dmnelf013,GSR_PDA,tr,Fp1,0.1401149998486872
dmnelf013,GSR_PDA,tr,Fp2,0.1705590251550323
dmnelf013,GSR_PDA,tr,F3,0.17301830668204474
dmnelf013,GSR_PDA,tr,F4,0.21572862771967186
dmnelf013,GSR_PDA,tr,C3,0.14437053562608876
dmnelf013,GSR_PDA,tr,C4,0.13137265535145362
dmnelf013,GSR_PDA,tr,P3,0.20839495313013645
dmnelf013,GSR_PDA,tr,P4,0.1649530734122414
dmnelf013,GSR_PDA,tr,O1,0.25889254110271065
dmnelf013,GSR_PDA,tr,O2,0.18037621411798832
dmnelf013,GSR_PDA,tr,F7,0.22206629817229273
dmnelf013,GSR_PDA,tr,F8,0.1823433139384938
dmnelf013,GSR_PDA,tr,T7,0.2658438747397809
dmnelf013,GSR_PDA,tr,T8,0.2486416964822013
dmnelf013,GSR_PDA,tr,P7,0.26761806454095033
dmnelf013,GSR_PDA,tr,P8,0.23744375041676247
dmnelf013,GSR_PDA,tr,Fz,0.19250059093319266
dmnelf013,GSR_PDA,tr,Cz,0.20001419137917148
dmnelf013,GSR_PDA,tr,Pz,0.16738680505128337
dmnelf013,GSR_PDA,tr,Oz,0.18540260317859808
dmnelf013,GSR_PDA,tr,FC1,0.2673760133923921
dmnelf013,GSR_PDA,tr,FC2,0.0664649656532853
dmnelf013,GSR_PDA,tr,CP1,0.1508532309964553
dmnelf013,GSR_PDA,tr,CP2,0.02988732615559834
dmnelf013,GSR_PDA,tr,FC5,0.20005142203256157
dmnelf013,GSR_PDA,tr,FC6,0.21096439242429765
dmnelf013,GSR_PDA,tr,CP5,0.2835832547524988
dmnelf013,GSR_PDA,tr,CP6,0.16721107855951536
dmnelf013,GSR_PDA,tr,TP9,0.2889163419367372
dmnelf013,GSR_PDA,tr,TP10,0.2552130383161868
dmnelf013,GSR_PDA,tr,POz,0.23796432401974407
dmnelf014,GSR_PDA,tr,Fp1,-0.05893255981816403
dmnelf014,GSR_PDA,tr,Fp2,0.0240158035788587
dmnelf014,GSR_PDA,tr,F3,-0.10067040321521128
dmnelf014,GSR_PDA,tr,F4,0.022598709111626203
dmnelf014,GSR_PDA,tr,C3,-0.1804517874542864
dmnelf014,GSR_PDA,tr,C4,-0.08507686622388433
dmnelf014,GSR_PDA,tr,P3,0.05997023557964963
dmnelf014,GSR_PDA,tr,P4,0.0256643627103954
dmnelf014,GSR_PDA,tr,O1,0.11545564299657889
dmnelf014,GSR_PDA,tr,O2,0.09746418358118229
dmnelf014,GSR_PDA,tr,F7,-0.13809142601604926
dmnelf014,GSR_PDA,tr,F8,0.10489624177085617
dmnelf014,GSR_PDA,tr,T7,-0.10055151487499298
dmnelf014,GSR_PDA,tr,T8,-0.16309593750827436
dmnelf014,GSR_PDA,tr,P7,-0.13475118259585517
dmnelf014,GSR_PDA,tr,P8,0.03266773837892515
dmnelf014,GSR_PDA,tr,Fz,-0.04666455807192629
dmnelf014,GSR_PDA,tr,Cz,0.03818802320200146
dmnelf014,GSR_PDA,tr,Pz,-0.11802389286882267
dmnelf014,GSR_PDA,tr,Oz,-0.0942017313800864
dmnelf014,GSR_PDA,tr,FC1,-0.06972785984261312
dmnelf014,GSR_PDA,tr,FC2,0.05518027379654211
dmnelf014,GSR_PDA,tr,CP1,0.12452555125960779
dmnelf014,GSR_PDA,tr,CP2,0.09750180051099044
dmnelf014,GSR_PDA,tr,FC5,0.026958767144761225
dmnelf014,GSR_PDA,tr,FC6,-0.12477417309378527
dmnelf014,GSR_PDA,tr,CP5,0.021017744164850728
dmnelf014,GSR_PDA,tr,CP6,-0.21395783105758698
dmnelf014,GSR_PDA,tr,TP9,0.06798545168197175
dmnelf014,GSR_PDA,tr,TP10,-0.23252313553589232
dmnelf014,GSR_PDA,tr,POz,0.0300593972260791
dmnelf015,GSR_PDA,tr,Fp1,0.3828366655552006
dmnelf015,GSR_PDA,tr,Fp2,0.3047281988112573
dmnelf015,GSR_PDA,tr,F3,0.3001519340344807
dmnelf015,GSR_PDA,tr,F4,0.3634392253863634
dmnelf015,GSR_PDA,tr,C3,0.2985483847274856
dmnelf015,GSR_PDA,tr,C4,-0.04096028060760237
dmnelf015,GSR_PDA,tr,P3,0.41376343887734324
dmnelf015,GSR_PDA,tr,P4,0.4007689267873644
dmnelf015,GSR_PDA,tr,O1,0.5339765757799887
dmnelf015,GSR_PDA,tr,O2,0.4962223576952206
dmnelf015,GSR_PDA,tr,F7,0.3956462498936026
dmnelf015,GSR_PDA,tr,F8,0.4390071872056449
dmnelf015,GSR_PDA,tr,T7,0.37614605721807415
dmnelf015,GSR_PDA,tr,T8,0.2799816305437352
dmnelf015,GSR_PDA,tr,P7,0.4962256943694723
dmnelf015,GSR_PDA,tr,P8,0.46318574844441485
dmnelf015,GSR_PDA,tr,Fz,0.37169493119623687
dmnelf015,GSR_PDA,tr,Cz,0.45707768941311194
dmnelf015,GSR_PDA,tr,Pz,0.44280262569378015
dmnelf015,GSR_PDA,tr,Oz,0.5429777719030315
dmnelf015,GSR_PDA,tr,FC1,0.47944855947741716
dmnelf015,GSR_PDA,tr,FC2,0.3672606214788412
dmnelf015,GSR_PDA,tr,CP1,0.3330181078620309
dmnelf015,GSR_PDA,tr,CP2,0.43606960058471855
dmnelf015,GSR_PDA,tr,FC5,0.37121177644388414
dmnelf015,GSR_PDA,tr,FC6,0.3529743012795632
dmnelf015,GSR_PDA,tr,CP5,0.22108837357818123
dmnelf015,GSR_PDA,tr,CP6,0.5054269467734511
dmnelf015,GSR_PDA,tr,TP9,0.3909386042990094
dmnelf015,GSR_PDA,tr,TP10,0.373422213767829
dmnelf015,GSR_PDA,tr,POz,0.4357011377090867
dmnelf1001,GSR_PDA,tr,Fp1,0.03141234565174597
dmnelf1001,GSR_PDA,tr,Fp2,-0.13560844376942874
dmnelf1001,GSR_PDA,tr,F3,0.10757295916559903
dmnelf1001,GSR_PDA,tr,F4,-0.0780392391884179
dmnelf1001,GSR_PDA,tr,C3,-0.033457207715240474
dmnelf1001,GSR_PDA,tr,C4,-0.05267183336633078
dmnelf1001,GSR_PDA,tr,P3,-0.0519805797576144
dmnelf1001,GSR_PDA,tr,P4,-0.0704110444490671
dmnelf1001,GSR_PDA,tr,O1,-0.020687368846445446
dmnelf1001,GSR_PDA,tr,O2,-0.008783963168023528
dmnelf1001,GSR_PDA,tr,F7,0.032858067249386995
dmnelf1001,GSR_PDA,tr,F8,-0.024255768998775358
dmnelf1001,GSR_PDA,tr,T7,0.04616176372139824
dmnelf1001,GSR_PDA,tr,T8,-0.16411196349900656
dmnelf1001,GSR_PDA,tr,P7,-0.12120369022595721
dmnelf1001,GSR_PDA,tr,P8,-0.053863627807481024
dmnelf1001,GSR_PDA,tr,Fz,0.02618650847579762
dmnelf1001,GSR_PDA,tr,Cz,-0.064815237806457
dmnelf1001,GSR_PDA,tr,Pz,0.2880296803275957
dmnelf1001,GSR_PDA,tr,Oz,-0.03413359368332666
dmnelf1001,GSR_PDA,tr,FC1,-0.016946815107920676
dmnelf1001,GSR_PDA,tr,FC2,0.0434378687124575
dmnelf1001,GSR_PDA,tr,CP1,-0.03609087124383843
dmnelf1001,GSR_PDA,tr,CP2,0.08975032982549097
dmnelf1001,GSR_PDA,tr,FC5,0.019189334471540764
dmnelf1001,GSR_PDA,tr,FC6,0.03183576232059072
dmnelf1001,GSR_PDA,tr,CP5,-0.03158171032584594
dmnelf1001,GSR_PDA,tr,CP6,-0.08800370783647576
dmnelf1001,GSR_PDA,tr,TP9,-0.06613154021763124
dmnelf1001,GSR_PDA,tr,TP10,-0.03948701567516352
dmnelf1001,GSR_PDA,tr,POz,-0.08570347174829326
dmnelf1002,GSR_PDA,tr,Fp1,-0.0075076648792134024
dmnelf1002,GSR_PDA,tr,Fp2,0.13059003436067584
dmnelf1002,GSR_PDA,tr,F3,-0.011092703955066688
dmnelf1002,GSR_PDA,tr,F4,-0.05619663668542168
dmnelf1002,GSR_PDA,tr,C3,0.1146156461104658
dmnelf1002,GSR_PDA,tr,C4,0.08574784200830383
dmnelf1002,GSR_PDA,tr,P3,0.09099157567453989
dmnelf1002,GSR_PDA,tr,P4,0.04053224463663259
dmnelf1002,GSR_PDA,tr,O1,-0.03541035977379953
dmnelf1002,GSR_PDA,tr,O2,0.017093932366690982
dmnelf1002,GSR_PDA,tr,F7,0.09549931510211525
dmnelf1002,GSR_PDA,tr,F8,0.04865871170777243
dmnelf1002,GSR_PDA,tr,T7,0.006998719710040208
dmnelf1002,GSR_PDA,tr,T8,-0.04332273400490989
dmnelf1002,GSR_PDA,tr,P7,-0.029577673887212733
dmnelf1002,GSR_PDA,tr,P8,-0.04480199037540771
dmnelf1002,GSR_PDA,tr,Fz,0.14426832498489914
dmnelf1002,GSR_PDA,tr,Cz,0.06221084764447662
dmnelf1002,GSR_PDA,tr,Pz,0.004690929786429983
dmnelf1002,GSR_PDA,tr,Oz,-0.019874620589419512
dmnelf1002,GSR_PDA,tr,FC1,0.05383778169996162
dmnelf1002,GSR_PDA,tr,FC2,-0.02174747572852395
dmnelf1002,GSR_PDA,tr,CP1,0.15258796641375866
dmnelf1002,GSR_PDA,tr,CP2,0.06648421516425855
dmnelf1002,GSR_PDA,tr,FC5,0.12348801735835507
dmnelf1002,GSR_PDA,tr,FC6,0.025606304648249548
dmnelf1002,GSR_PDA,tr,CP5,0.07935243293606245
dmnelf1002,GSR_PDA,tr,CP6,0.13844499066396534
dmnelf1002,GSR_PDA,tr,TP9,-0.10796101197675705
dmnelf1002,GSR_PDA,tr,TP10,-0.032125116583379465
dmnelf1002,GSR_PDA,tr,POz,0.03471815963124175
dmnelf1003,GSR_PDA,tr,Fp1,-0.0058358433651986286
dmnelf1003,GSR_PDA,tr,Fp2,0.17941544770232665
dmnelf1003,GSR_PDA,tr,F3,-0.06332228062806725
dmnelf1003,GSR_PDA,tr,F4,-0.05707565875341414
dmnelf1003,GSR_PDA,tr,C3,0.14685485443541588
dmnelf1003,GSR_PDA,tr,C4,-0.09287172380571682
dmnelf1003,GSR_PDA,tr,P3,0.15801674151744022
dmnelf1003,GSR_PDA,tr,P4,-0.022829277103085004
dmnelf1003,GSR_PDA,tr,O1,-0.043937873594923016
dmnelf1003,GSR_PDA,tr,O2,-0.05809551545003712
dmnelf1003,GSR_PDA,tr,F7,-0.1402057729922339
dmnelf1003,GSR_PDA,tr,F8,-0.1008389537793774
dmnelf1003,GSR_PDA,tr,T7,-0.09304058444457372
dmnelf1003,GSR_PDA,tr,T8,0.018908328495876904
dmnelf1003,GSR_PDA,tr,P7,0.1473200675476417
dmnelf1003,GSR_PDA,tr,P8,-0.08423619040664733
dmnelf1003,GSR_PDA,tr,Fz,-0.1112676613730957
dmnelf1003,GSR_PDA,tr,Cz,0.12097230556359623
dmnelf1003,GSR_PDA,tr,Pz,0.11564309224321985
dmnelf1003,GSR_PDA,tr,Oz,-0.07071908336551073
dmnelf1003,GSR_PDA,tr,FC1,0.11365650305749729
dmnelf1003,GSR_PDA,tr,FC2,-0.14077304857606976
dmnelf1003,GSR_PDA,tr,CP1,0.2175925567985671
dmnelf1003,GSR_PDA,tr,CP2,0.02863466295988972
dmnelf1003,GSR_PDA,tr,FC5,-0.14450413329443218
dmnelf1003,GSR_PDA,tr,FC6,-0.067643401795011
dmnelf1003,GSR_PDA,tr,CP5,0.08324063405238796
dmnelf1003,GSR_PDA,tr,CP6,-0.05093396645132891
dmnelf1003,GSR_PDA,tr,TP9,-0.14326664146058857
dmnelf1003,GSR_PDA,tr,TP10,-0.17586391834881002
dmnelf1003,GSR_PDA,tr,POz,-0.1262431426622323
dmnelf001,DMN,hz4,Fp1,0.10378402472566237
dmnelf001,DMN,hz4,Fp2,0.019450820182321554
dmnelf001,DMN,hz4,F3,0.12148490386561331
dmnelf001,DMN,hz4,F4,0.17427239108911596
dmnelf001,DMN,hz4,C3,0.2546389963293262
dmnelf001,DMN,hz4,C4,0.09722281797639648
dmnelf001,DMN,hz4,P3,0.29361504077058204
dmnelf001,DMN,hz4,P4,0.2731747878738844
dmnelf001,DMN,hz4,O1,0.32737249180182
dmnelf001,DMN,hz4,O2,0.3594257457178502
dmnelf001,DMN,hz4,F7,0.05761999617417538
dmnelf001,DMN,hz4,F8,0.06326732715693843
dmnelf001,DMN,hz4,T7,0.06671783448430729
dmnelf001,DMN,hz4,T8,0.054982046765355244
dmnelf001,DMN,hz4,P7,0.25152651185972896
dmnelf001,DMN,hz4,P8,0.19736041025440942
dmnelf001,DMN,hz4,Fz,0.13270019566082053
dmnelf001,DMN,hz4,Cz,0.2534578896642126
dmnelf001,DMN,hz4,Pz,0.3434965927516404
dmnelf001,DMN,hz4,Oz,0.281773247176121
dmnelf001,DMN,hz4,FC1,0.23978923964759857
dmnelf001,DMN,hz4,FC2,0.2729154372144136
dmnelf001,DMN,hz4,CP1,0.3078642641257338
dmnelf001,DMN,hz4,CP2,0.2112197198112154
dmnelf001,DMN,hz4,FC5,0.07449930011210461
dmnelf001,DMN,hz4,FC6,-0.015656757891320528
dmnelf001,DMN,hz4,CP5,0.169387708643985
dmnelf001,DMN,hz4,CP6,0.142053143989595
dmnelf001,DMN,hz4,TP9,0.1333595874903209
dmnelf001,DMN,hz4,TP10,0.0677755192232677
dmnelf001,DMN,hz4,POz,0.22114762538970203
dmnelf004,DMN,hz4,Fp1,-0.017044922083317107
dmnelf004,DMN,hz4,Fp2,-0.07743686634457783
dmnelf004,DMN,hz4,F3,0.034054224480539116
dmnelf004,DMN,hz4,F4,0.045456751638102186
dmnelf004,DMN,hz4,C3,0.020852517183294835
dmnelf004,DMN,hz4,C4,0.29389896288069395
dmnelf004,DMN,hz4,P3,-0.050244683267024276
dmnelf004,DMN,hz4,P4,0.1316099476151372
dmnelf004,DMN,hz4,O1,0.0731712586992892
dmnelf004,DMN,hz4,O2,0.020030981190244164
dmnelf004,DMN,hz4,F7,0.014646703164751081
dmnelf004,DMN,hz4,F8,-0.07098278444507783
dmnelf004,DMN,hz4,T7,0.017406103808647194
dmnelf004,DMN,hz4,T8,0.11108713262901898
dmnelf004,DMN,hz4,P7,-0.09365441430232536
dmnelf004,DMN,hz4,P8,0.017103549061397074
dmnelf004,DMN,hz4,Fz,0.13272350359545879
dmnelf004,DMN,hz4,Cz,0.34638766876440574
dmnelf004,DMN,hz4,Pz,0.1921363267176332
dmnelf004,DMN,hz4,Oz,0.22955128309228262
dmnelf004,DMN,hz4,FC1,0.15189645163821874
dmnelf004,DMN,hz4,FC2,0.2258826647485761
dmnelf004,DMN,hz4,CP1,0.0033244272476046777
dmnelf004,DMN,hz4,CP2,0.22805346352942008
dmnelf004,DMN,hz4,FC5,0.253513657569672
dmnelf004,DMN,hz4,FC6,-0.05279127040438001
dmnelf004,DMN,hz4,CP5,0.1452698484378446
dmnelf004,DMN,hz4,CP6,0.06840541223987216
dmnelf004,DMN,hz4,TP9,-0.09376882442386895
dmnelf004,DMN,hz4,TP10,0.11481475805683809
dmnelf004,DMN,hz4,POz,0.09454829941968772
dmnelf005,DMN,hz4,Fp1,0.07267007873325826
dmnelf005,DMN,hz4,Fp2,0.0030089930392539037
dmnelf005,DMN,hz4,F3,0.06931227213109001
dmnelf005,DMN,hz4,F4,0.13734470081082123
dmnelf005,DMN,hz4,C3,0.10218976141891895
dmnelf005,DMN,hz4,C4,0.03981553901054406
dmnelf005,DMN,hz4,P3,0.15845941257711055
dmnelf005,DMN,hz4,P4,0.1796056916760868
dmnelf005,DMN,hz4,O1,0.11721627655885636
dmnelf005,DMN,hz4,O2,0.05965827253198256
dmnelf005,DMN,hz4,F7,0.14806176339930882
dmnelf005,DMN,hz4,F8,0.0830472686825526
dmnelf005,DMN,hz4,T7,0.027933180131592652
dmnelf005,DMN,hz4,T8,0.06624805368598607
dmnelf005,DMN,hz4,P7,0.16678657163589436
dmnelf005,DMN,hz4,P8,0.15851803559917158
dmnelf005,DMN,hz4,Fz,0.2261631084570268
dmnelf005,DMN,hz4,Cz,0.07087918040458818
dmnelf005,DMN,hz4,Pz,0.00490139419426481
dmnelf005,DMN,hz4,Oz,0.04601012430763847
dmnelf005,DMN,hz4,FC1,0.16593884550870916
dmnelf005,DMN,hz4,FC2,0.13684877903592607
dmnelf005,DMN,hz4,CP1,-0.033612527548985915
dmnelf005,DMN,hz4,CP2,0.05718964295359602
dmnelf005,DMN,hz4,FC5,0.08884234281820885
dmnelf005,DMN,hz4,FC6,0.11983499882055128
dmnelf005,DMN,hz4,CP5,0.10273872532752143
dmnelf005,DMN,hz4,CP6,0.141946252238406
dmnelf005,DMN,hz4,TP9,0.11579558441404654
dmnelf005,DMN,hz4,TP10,0.1084398109585037
dmnelf005,DMN,hz4,POz,0.157462912803064
dmnelf006,DMN,hz4,Fp1,0.013475503502005715
dmnelf006,DMN,hz4,Fp2,0.24040945887797385
dmnelf006,DMN,hz4,F3,0.03063434810121973
dmnelf006,DMN,hz4,F4,0.21251269283719265
dmnelf006,DMN,hz4,C3,0.006992319619707733
dmnelf006,DMN,hz4,C4,0.262067770143467
dmnelf006,DMN,hz4,P3,0.25217565936785663
dmnelf006,DMN,hz4,P4,0.25408824967387217
dmnelf006,DMN,hz4,O1,0.43106168527223027
dmnelf006,DMN,hz4,O2,0.214469361857698
dmnelf006,DMN,hz4,F7,0.048168853109414045
dmnelf006,DMN,hz4,F8,0.19536108134611654
dmnelf006,DMN,hz4,T7,0.10419464362240849
dmnelf006,DMN,hz4,T8,0.28484022594518854
dmnelf006,DMN,hz4,P7,0.15310806845350644
dmnelf006,DMN,hz4,P8,0.1252259268220611
dmnelf006,DMN,hz4,Fz,0.14260249902598862
dmnelf006,DMN,hz4,Cz,0.22630461226341936
dmnelf006,DMN,hz4,Pz,0.2189769753733386
dmnelf006,DMN,hz4,Oz,0.3371046888986191
dmnelf006,DMN,hz4,FC1,0.14927558008266506
dmnelf006,DMN,hz4,FC2,-0.0038156335079536224
dmnelf006,DMN,hz4,CP1,0.19129571447989727
dmnelf006,DMN,hz4,CP2,0.03594934502175916
dmnelf006,DMN,hz4,FC5,0.013237827247763926
dmnelf006,DMN,hz4,FC6,0.18621250680691387
dmnelf006,DMN,hz4,CP5,0.36713913119078245
dmnelf006,DMN,hz4,CP6,0.21099134703629208
dmnelf006,DMN,hz4,TP9,0.0027744051119043475
dmnelf006,DMN,hz4,TP10,-0.028328236904921963
dmnelf006,DMN,hz4,POz,0.05458751220986549
dmnelf007,DMN,hz4,Fp1,0.24343131963831802
dmnelf007,DMN,hz4,Fp2,0.28238446694653896
dmnelf007,DMN,hz4,F3,0.19628694429450577
dmnelf007,DMN,hz4,F4,0.14536900422476778
dmnelf007,DMN,hz4,C3,0.016841258752198315
dmnelf007,DMN,hz4,C4,-0.14457373530309497
dmnelf007,DMN,hz4,P3,-0.13248129315632395
dmnelf007,DMN,hz4,P4,0.15140618826090743
dmnelf007,DMN,hz4,O1,0.15138109354003293
dmnelf007,DMN,hz4,O2,0.3121890483240224
dmnelf007,DMN,hz4,F7,-0.09961316265994707
dmnelf007,DMN,hz4,F8,0.14364630687651003
dmnelf007,DMN,hz4,T7,0.11056255045445101
dmnelf007,DMN,hz4,T8,-0.10842813010045639
dmnelf007,DMN,hz4,P7,0.03199884516382949
dmnelf007,DMN,hz4,P8,0.21514034883772587
dmnelf007,DMN,hz4,Fz,0.07015018841668523
dmnelf007,DMN,hz4,Cz,-0.2189783414600496
dmnelf007,DMN,hz4,Pz,0.12878565892846544
dmnelf007,DMN,hz4,Oz,0.27941253654284726
dmnelf007,DMN,hz4,FC1,0.19938991398710054
dmnelf007,DMN,hz4,FC2,-0.03219580709565202
dmnelf007,DMN,hz4,CP1,-0.06235350800890773
dmnelf007,DMN,hz4,CP2,-0.016492976789455882
dmnelf007,DMN,hz4,FC5,0.08206998529084492
dmnelf007,DMN,hz4,FC6,-0.04969125489478444
dmnelf007,DMN,hz4,CP5,-0.09069916429506092
dmnelf007,DMN,hz4,CP6,0.22466810616345073
dmnelf007,DMN,hz4,TP9,0.13020998837377626
dmnelf007,DMN,hz4,TP10,0.111742355709327
dmnelf007,DMN,hz4,POz,0.07725646906127442
dmnelf008,DMN,hz4,Fp1,0.16845562713634724
dmnelf008,DMN,hz4,Fp2,0.22939674989740516
dmnelf008,DMN,hz4,F3,0.0426415111124423
dmnelf008,DMN,hz4,F4,0.14239903287543867
dmnelf008,DMN,hz4,C3,0.09610963118961202
dmnelf008,DMN,hz4,C4,0.14231443177723793
dmnelf008,DMN,hz4,P3,0.060056807457947683
dmnelf008,DMN,hz4,P4,0.17503184722701676
dmnelf008,DMN,hz4,O1,0.11804830597843373
dmnelf008,DMN,hz4,O2,0.23306173051911439
dmnelf008,DMN,hz4,F7,0.0962940550433691
dmnelf008,DMN,hz4,F8,0.12505720398207526
dmnelf008,DMN,hz4,T7,0.1362735261603809
dmnelf008,DMN,hz4,T8,0.16640765163902108
dmnelf008,DMN,hz4,P7,0.0795257871389102
dmnelf008,DMN,hz4,P8,0.12907330110494855
dmnelf008,DMN,hz4,Fz,0.1069969301521183
dmnelf008,DMN,hz4,Cz,0.17039742367242755
dmnelf008,DMN,hz4,Pz,0.27722235623692376
dmnelf008,DMN,hz4,Oz,0.2114700133552226
dmnelf008,DMN,hz4,FC1,0.10668512489407694
dmnelf008,DMN,hz4,FC2,0.06958049027349206
dmnelf008,DMN,hz4,CP1,0.1217276132459646
dmnelf008,DMN,hz4,CP2,0.090958116912008
dmnelf008,DMN,hz4,FC5,0.14577357975094946
dmnelf008,DMN,hz4,FC6,0.09558553883901022
dmnelf008,DMN,hz4,CP5,0.11855103225165672
dmnelf008,DMN,hz4,CP6,0.06778895758024395
dmnelf008,DMN,hz4,TP9,0.09965772193064878
dmnelf008,DMN,hz4,TP10,0.1736172093961367
dmnelf008,DMN,hz4,POz,0.17881142039678216
dmnelf009,DMN,hz4,Fp1,0.2535286734808935
dmnelf009,DMN,hz4,Fp2,-0.016520599035767886
dmnelf009,DMN,hz4,F3,0.16509926534069355
dmnelf009,DMN,hz4,F4,-0.06749445939835852
dmnelf009,DMN,hz4,C3,0.06962635752428856
dmnelf009,DMN,hz4,C4,0.16956717553124265
dmnelf009,DMN,hz4,P3,-0.04615876497006592
dmnelf009,DMN,hz4,P4,0.2552662235977485
dmnelf009,DMN,hz4,O1,0.15647542744993634
dmnelf009,DMN,hz4,O2,0.20620612367799146
dmnelf009,DMN,hz4,F7,0.5048459765890854
dmnelf009,DMN,hz4,F8,0.0835745595249299
dmnelf009,DMN,hz4,T7,0.26516383165084995
dmnelf009,DMN,hz4,T8,0.30688539670669296
dmnelf009,DMN,hz4,P7,0.10650059411887307
dmnelf009,DMN,hz4,P8,0.27930425822626603
dmnelf009,DMN,hz4,Fz,-0.01917412335011834
dmnelf009,DMN,hz4,Cz,0.13481148544495059
dmnelf009,DMN,hz4,Pz,0.018600881688134528
dmnelf009,DMN,hz4,Oz,0.16130633069682623
dmnelf009,DMN,hz4,FC1,0.13883572815970152
dmnelf009,DMN,hz4,FC2,0.044899998107324104
dmnelf009,DMN,hz4,CP1,0.04163110596425482
dmnelf009,DMN,hz4,CP2,0.11939161556953429
dmnelf009,DMN,hz4,FC5,0.2425392666471483
dmnelf009,DMN,hz4,FC6,0.010562088347912849
dmnelf009,DMN,hz4,CP5,0.10488511826664863
dmnelf009,DMN,hz4,CP6,0.2301878593082488
dmnelf009,DMN,hz4,TP9,0.22500020405342988
dmnelf009,DMN,hz4,TP10,0.18880434674334234
dmnelf009,DMN,hz4,POz,0.09368609370202825
dmnelf010,DMN,hz4,Fp1,0.2791619417361011
dmnelf010,DMN,hz4,Fp2,0.22718064864365198
dmnelf010,DMN,hz4,F3,0.2775393435655225
dmnelf010,DMN,hz4,F4,0.422425603227215
dmnelf010,DMN,hz4,C3,0.3679606561313984
dmnelf010,DMN,hz4,C4,0.3445565865006247
dmnelf010,DMN,hz4,P3,0.29079976206042896
dmnelf010,DMN,hz4,P4,0.12923738266005264
dmnelf010,DMN,hz4,O1,0.34524121477846687
dmnelf010,DMN,hz4,O2,0.2491810245198811
dmnelf010,DMN,hz4,F7,0.25009365942502515
dmnelf010,DMN,hz4,F8,0.34473983255631996
dmnelf010,DMN,hz4,T7,0.1007001030726889
dmnelf010,DMN,hz4,T8,0.1098387420413415
dmnelf010,DMN,hz4,P7,0.3191001776185129
dmnelf010,DMN,hz4,P8,0.2578846750096151
dmnelf010,DMN,hz4,Fz,0.18769700106767306
dmnelf010,DMN,hz4,Cz,0.1651730321476878
dmnelf010,DMN,hz4,Pz,0.12852273924105248
dmnelf010,DMN,hz4,Oz,0.3638912408719572
dmnelf010,DMN,hz4,FC1,0.41692509196013205
dmnelf010,DMN,hz4,FC2,0.27992101539774117
dmnelf010,DMN,hz4,CP1,0.40732173054472437
dmnelf010,DMN,hz4,CP2,-0.004688473692117785
dmnelf010,DMN,hz4,FC5,0.37424043557027464
dmnelf010,DMN,hz4,FC6,0.33358013403006204
dmnelf010,DMN,hz4,CP5,0.2657817754528414
dmnelf010,DMN,hz4,CP6,0.2951022781244564
dmnelf010,DMN,hz4,TP9,0.1497821888542946
dmnelf010,DMN,hz4,TP10,0.2494546709748972
dmnelf010,DMN,hz4,POz,0.06533294808116452
dmnelf011,DMN,hz4,Fp1,0.13931410487540172
dmnelf011,DMN,hz4,Fp2,0.176170241192235
dmnelf011,DMN,hz4,F3,0.14043545684514575
dmnelf011,DMN,hz4,F4,0.16019068545426787
dmnelf011,DMN,hz4,C3,0.20435582449044812
dmnelf011,DMN,hz4,C4,0.24844370361453816
dmnelf011,DMN,hz4,P3,0.14263516681775484
dmnelf011,DMN,hz4,P4,0.2232871630297628
dmnelf011,DMN,hz4,O1,0.18677091673889248
dmnelf011,DMN,hz4,O2,0.24407396092205774
dmnelf011,DMN,hz4,F7,0.19108108848944005
dmnelf011,DMN,hz4,F8,0.18936390288861782
dmnelf011,DMN,hz4,T7,0.1934986779009532
dmnelf011,DMN,hz4,T8,0.20542045103272188
dmnelf011,DMN,hz4,P7,0.1315459247904245
dmnelf011,DMN,hz4,P8,0.22144247701320208
dmnelf011,DMN,hz4,Fz,0.2961527977446863
dmnelf011,DMN,hz4,Cz,0.11459911244158595
dmnelf011,DMN,hz4,Pz,0.15136667866202014
dmnelf011,DMN,hz4,Oz,0.26701964836864556
dmnelf011,DMN,hz4,FC1,0.13724552841688262
dmnelf011,DMN,hz4,FC2,0.1335448924537517
dmnelf011,DMN,hz4,CP1,0.2215608788914634
dmnelf011,DMN,hz4,CP2,0.11173306946243554
dmnelf011,DMN,hz4,FC5,0.2379153998067582
dmnelf011,DMN,hz4,FC6,0.15617925401371643
dmnelf011,DMN,hz4,CP5,0.20562349534277355
dmnelf011,DMN,hz4,CP6,0.2905385482820652
dmnelf011,DMN,hz4,TP9,0.10086835709883235
dmnelf011,DMN,hz4,TP10,0.21568768794930676
dmnelf011,DMN,hz4,POz,0.15607500055825696
dmnelf012,DMN,hz4,Fp1,-0.010618188447966248
dmnelf012,DMN,hz4,Fp2,0.028456444087507124
dmnelf012,DMN,hz4,F3,0.18849018620994595
dmnelf012,DMN,hz4,F4,0.019849765160629307
dmnelf012,DMN,hz4,C3,0.05437069742807818
dmnelf012,DMN,hz4,C4,0.1725029952015566
dmnelf012,DMN,hz4,P3,0.07795467621558552
dmnelf012,DMN,hz4,P4,-0.051189570565653986
dmnelf012,DMN,hz4,O1,0.10113860489298385
dmnelf012,DMN,hz4,O2,-0.07446818756237229
dmnelf012,DMN,hz4,F7,0.033449269768679915
dmnelf012,DMN,hz4,F8,0.13507335945061527
dmnelf012,DMN,hz4,T7,0.08656091990914228
dmnelf012,DMN,hz4,T8,0.20470358909450528
dmnelf012,DMN,hz4,P7,0.17226315207378845
dmnelf012,DMN,hz4,P8,0.102192171662845
dmnelf012,DMN,hz4,Fz,0.050742614858118235
dmnelf012,DMN,hz4,Cz,0.08581768329786563
dmnelf012,DMN,hz4,Pz,-0.14989219431418255
dmnelf012,DMN,hz4,Oz,-0.0847303180778577
dmnelf012,DMN,hz4,FC1,-0.05025866531634157
dmnelf012,DMN,hz4,FC2,0.07041385538231332
dmnelf012,DMN,hz4,CP1,0.057768427497631676
dmnelf012,DMN,hz4,CP2,-0.14057776458898658
dmnelf012,DMN,hz4,FC5,0.09864555707440731
dmnelf012,DMN,hz4,FC6,0.1292904124895016
dmnelf012,DMN,hz4,CP5,0.1227807524701488
dmnelf012,DMN,hz4,CP6,0.11257909698639974
dmnelf012,DMN,hz4,TP9,0.1662481867509504
dmnelf012,DMN,hz4,TP10,0.1468027542148687
dmnelf012,DMN,hz4,POz,-0.21731498726513826
dmnelf013,DMN,hz4,Fp1,0.08592942088380051
dmnelf013,DMN,hz4,Fp2,0.06260819978703064
dmnelf013,DMN,hz4,F3,-0.004967452921415191
dmnelf013,DMN,hz4,F4,0.03476844222540068
dmnelf013,DMN,hz4,C3,0.10178233775483311
dmnelf013,DMN,hz4,C4,-0.10073641409821009
dmnelf013,DMN,hz4,P3,0.011420226911140183
dmnelf013,DMN,hz4,P4,0.04008245599052056
dmnelf013,DMN,hz4,O1,0.21387043320923166
dmnelf013,DMN,hz4,O2,0.05421060226615684
dmnelf013,DMN,hz4,F7,0.04035318442823309
dmnelf013,DMN,hz4,F8,0.07341846649616085
dmnelf013,DMN,hz4,T7,0.18596158215273173
dmnelf013,DMN,hz4,T8,0.10891102846550281
dmnelf013,DMN,hz4,P7,0.15965157011888545
dmnelf013,DMN,hz4,P8,0.07080755154804867
dmnelf013,DMN,hz4,Fz,0.006527531268898754
dmnelf013,DMN,hz4,Cz,0.2350463582118101
dmnelf013,DMN,hz4,Pz,-0.07822089208862841
dmnelf013,DMN,hz4,Oz,0.05273862232980878
dmnelf013,DMN,hz4,FC1,0.24705741365531836
dmnelf013,DMN,hz4,FC2,0.07049835586104981
dmnelf013,DMN,hz4,CP1,0.0479721180165334
dmnelf013,DMN,hz4,CP2,0.2022106631500483
dmnelf013,DMN,hz4,FC5,0.12615792069527315
dmnelf013,DMN,hz4,FC6,0.0985314126512059
dmnelf013,DMN,hz4,CP5,0.10722057449802938
dmnelf013,DMN,hz4,CP6,0.016608046913614366
dmnelf013,DMN,hz4,TP9,0.224240311975519
dmnelf013,DMN,hz4,TP10,0.21367178769984652
dmnelf013,DMN,hz4,POz,0.17547654024274809
dmnelf014,DMN,hz4,Fp1,0.16723629820245522
dmnelf014,DMN,hz4,Fp2,0.1575228830223313
dmnelf014,DMN,hz4,F3,0.04501235640176336
dmnelf014,DMN,hz4,F4,0.1733119794956995
dmnelf014,DMN,hz4,C3,0.043445400960215284
dmnelf014,DMN,hz4,C4,0.019069508476483775
dmnelf014,DMN,hz4,P3,0.24384586299809818
dmnelf014,DMN,hz4,P4,0.2988920812959675
dmnelf014,DMN,hz4,O1,0.16928211748003286
dmnelf014,DMN,hz4,O2,0.1911088321623751
dmnelf014,DMN,hz4,F7,0.10694974873328202
dmnelf014,DMN,hz4,F8,0.163686093079399
dmnelf014,DMN,hz4,T7,0.15272563065617695
dmnelf014,DMN,hz4,T8,0.20002501833278222
dmnelf014,DMN,hz4,P7,0.10744845237832579
dmnelf014,DMN,hz4,P8,0.22886437872054805
dmnelf014,DMN,hz4,Fz,0.11669482114229694
dmnelf014,DMN,hz4,Cz,0.17798804561176346
dmnelf014,DMN,hz4,Pz,-0.026941717289593554
dmnelf014,DMN,hz4,Oz,0.15189356197893994
dmnelf014,DMN,hz4,FC1,0.1445721806595665
dmnelf014,DMN,hz4,FC2,0.10761719005585818
dmnelf014,DMN,hz4,CP1,0.281692655695515
dmnelf014,DMN,hz4,CP2,0.2325860025600948
dmnelf014,DMN,hz4,FC5,0.3017546634316326
dmnelf014,DMN,hz4,FC6,0.22115041518407602
dmnelf014,DMN,hz4,CP5,0.048808957758148815
dmnelf014,DMN,hz4,CP6,0.15046782519631755
dmnelf014,DMN,hz4,TP9,0.1671150625840187
dmnelf014,DMN,hz4,TP10,0.06325696246231172
dmnelf014,DMN,hz4,POz,0.13460634941997107
dmnelf015,DMN,hz4,Fp1,0.002159904030810872
dmnelf015,DMN,hz4,Fp2,-0.017331443847134538
dmnelf015,DMN,hz4,F3,-0.14525318958710304
dmnelf015,DMN,hz4,F4,0.12489204610690172
dmnelf015,DMN,hz4,C3,-0.21604111987225671
dmnelf015,DMN,hz4,C4,-0.023990982872672064
dmnelf015,DMN,hz4,P3,0.03055395426287441
dmnelf015,DMN,hz4,P4,0.0033429969052837655
dmnelf015,DMN,hz4,O1,0.0903866960215434
dmnelf015,DMN,hz4,O2,0.2506623956391535
dmnelf015,DMN,hz4,F7,0.06738197185765031
dmnelf015,DMN,hz4,F8,0.08271473839854687
dmnelf015,DMN,hz4,T7,0.14169178160097073
dmnelf015,DMN,hz4,T8,0.0954920433793148
dmnelf015,DMN,hz4,P7,0.25725981789249563
dmnelf015,DMN,hz4,P8,-0.03330484944019195
dmnelf015,DMN,hz4,Fz,0.1195782340477115
dmnelf015,DMN,hz4,Cz,-0.038066139372880524
dmnelf015,DMN,hz4,Pz,0.1485550623330489
dmnelf015,DMN,hz4,Oz,0.10946926325701206
dmnelf015,DMN,hz4,FC1,-0.04124636470743299
dmnelf015,DMN,hz4,FC2,0.10276420300949438
dmnelf015,DMN,hz4,CP1,-0.042480311536036416
dmnelf015,DMN,hz4,CP2,0.12077269160152439
dmnelf015,DMN,hz4,FC5,0.04368522843885349
dmnelf015,DMN,hz4,FC6,0.14856328322064205
dmnelf015,DMN,hz4,CP5,0.1029732465559089
dmnelf015,DMN,hz4,CP6,-0.13537153731594143
dmnelf015,DMN,hz4,TP9,0.1800540281616324
dmnelf015,DMN,hz4,TP10,0.18519343217474782
dmnelf015,DMN,hz4,POz,0.03255541491350764
dmnelf1001,DMN,hz4,Fp1,-0.1385614032715149
dmnelf1001,DMN,hz4,Fp2,-0.14316406850792787
dmnelf1001,DMN,hz4,F3,-0.03665717250725513
dmnelf1001,DMN,hz4,F4,-0.10952871161493295
dmnelf1001,DMN,hz4,C3,0.08005218834300905
dmnelf1001,DMN,hz4,C4,-0.013278797893822164
dmnelf1001,DMN,hz4,P3,0.008987431057568981
dmnelf1001,DMN,hz4,P4,0.01379097878985677
dmnelf1001,DMN,hz4,O1,0.11819136230232902
dmnelf1001,DMN,hz4,O2,-0.008905248769925987
dmnelf1001,DMN,hz4,F7,-0.0038596078958482855
dmnelf1001,DMN,hz4,F8,-0.11887305669937444
dmnelf1001,DMN,hz4,T7,-0.150020320080529
dmnelf1001,DMN,hz4,T8,0.06398799667382742
dmnelf1001,DMN,hz4,P7,-0.2357171643194979
dmnelf1001,DMN,hz4,P8,0.0754494715294435
dmnelf1001,DMN,hz4,Fz,-0.023752389002723466
dmnelf1001,DMN,hz4,Cz,-0.020607851920480133
dmnelf1001,DMN,hz4,Pz,-0.15931107443288603
dmnelf1001,DMN,hz4,Oz,0.053439299932329924
dmnelf1001,DMN,hz4,FC1,-0.08530645389688689
dmnelf1001,DMN,hz4,FC2,0.027091115517366742
dmnelf1001,DMN,hz4,CP1,-0.034957467294487274
dmnelf1001,DMN,hz4,CP2,0.08781266645580911
dmnelf1001,DMN,hz4,FC5,0.014467888627200134
dmnelf1001,DMN,hz4,FC6,-0.10628465784187849
dmnelf1001,DMN,hz4,CP5,-0.19788900415321076
dmnelf1001,DMN,hz4,CP6,0.08731957581430454
dmnelf1001,DMN,hz4,TP9,0.05655491070716963
dmnelf1001,DMN,hz4,TP10,-0.07071939370556217
dmnelf1001,DMN,hz4,POz,0.08053083366240713
dmnelf1002,DMN,hz4,Fp1,0.1465665702767341
dmnelf1002,DMN,hz4,Fp2,0.31754934372843224
dmnelf1002,DMN,hz4,F3,0.15171208637189243
dmnelf1002,DMN,hz4,F4,0.40756260075997564
dmnelf1002,DMN,hz4,C3,0.10941813313768559
dmnelf1002,DMN,hz4,C4,0.14735697838689737
dmnelf1002,DMN,hz4,P3,0.26211070535956127
dmnelf1002,DMN,hz4,P4,0.07610002305129422
dmnelf1002,DMN,hz4,O1,0.18970803057392627
dmnelf1002,DMN,hz4,O2,0.21833070517214118
dmnelf1002,DMN,hz4,F7,0.16433918927167737
dmnelf1002,DMN,hz4,F8,0.4098698091822309
dmnelf1002,DMN,hz4,T7,0.1960922557073583
dmnelf1002,DMN,hz4,T8,0.30076203944281876
dmnelf1002,DMN,hz4,P7,0.33726807380712776
dmnelf1002,DMN,hz4,P8,0.26764352168493555
dmnelf1002,DMN,hz4,Fz,0.19598522077239539
dmnelf1002,DMN,hz4,Cz,0.17916373887264372
dmnelf1002,DMN,hz4,Pz,0.1075831253805504
dmnelf1002,DMN,hz4,Oz,0.16465150134206183
dmnelf1002,DMN,hz4,FC1,0.12361618423941548
dmnelf1002,DMN,hz4,FC2,0.33879563889779013
dmnelf1002,DMN,hz4,CP1,0.17169585069694165
dmnelf1002,DMN,hz4,CP2,0.0830395800907891
dmnelf1002,DMN,hz4,FC5,0.28133582073646146
dmnelf1002,DMN,hz4,FC6,0.29225026209208116
dmnelf1002,DMN,hz4,CP5,0.28970892648997504
dmnelf1002,DMN,hz4,CP6,0.1337527231827943
dmnelf1002,DMN,hz4,TP9,0.3061474364305815
dmnelf1002,DMN,hz4,TP10,0.21385945494684788
dmnelf1002,DMN,hz4,POz,0.17618607768073746
dmnelf1003,DMN,hz4,Fp1,-0.08506522835988678
dmnelf1003,DMN,hz4,Fp2,-0.13573403221476654
dmnelf1003,DMN,hz4,F3,-0.19991645792382223
dmnelf1003,DMN,hz4,F4,-0.09822943743790784
dmnelf1003,DMN,hz4,C3,-0.1747264187297815
dmnelf1003,DMN,hz4,C4,0.07864480209283595
dmnelf1003,DMN,hz4,P3,-0.23965698346651743
dmnelf1003,DMN,hz4,P4,-0.15268907380117813
dmnelf1003,DMN,hz4,O1,-0.036672030379087325
dmnelf1003,DMN,hz4,O2,-0.10523618862073783
dmnelf1003,DMN,hz4,F7,0.029256780366783756
dmnelf1003,DMN,hz4,F8,-0.1032250437456702
dmnelf1003,DMN,hz4,T7,-0.3454463964121714
dmnelf1003,DMN,hz4,T8,-0.1384650710166762
dmnelf1003,DMN,hz4,P7,-0.3067587654438736
dmnelf1003,DMN,hz4,P8,-0.18106837690557034
dmnelf1003,DMN,hz4,Fz,-0.13965197821389155
dmnelf1003,DMN,hz4,Cz,-0.16462635764444
dmnelf1003,DMN,hz4,Pz,-0.20946399214864952
dmnelf1003,DMN,hz4,Oz,-0.06564689882567419
dmnelf1003,DMN,hz4,FC1,-0.053860943222711864
dmnelf1003,DMN,hz4,FC2,0.1119502127905942
dmnelf1003,DMN,hz4,CP1,-0.2602960757764488
dmnelf1003,DMN,hz4,CP2,-0.2269631914497203
dmnelf1003,DMN,hz4,FC5,-0.053470699903385405
dmnelf1003,DMN,hz4,FC6,-0.14026889677725113
dmnelf1003,DMN,hz4,CP5,-0.2578187848180933
dmnelf1003,DMN,hz4,CP6,-0.05124301223371819
dmnelf1003,DMN,hz4,TP9,-0.33641687681357424
dmnelf1003,DMN,hz4,TP10,-0.2080224223363361
dmnelf1003,DMN,hz4,POz,-0.19531645499864111
dmnelf001,CEN,hz4,Fp1,0.1327880668321443
dmnelf001,CEN,hz4,Fp2,-0.03739670865994613
dmnelf001,CEN,hz4,F3,0.19508051574162005
dmnelf001,CEN,hz4,F4,0.18570933562318998
dmnelf001,CEN,hz4,C3,0.31566741477811155
dmnelf001,CEN,hz4,C4,-0.027909900490077036
dmnelf001,CEN,hz4,P3,0.2171996408643561
dmnelf001,CEN,hz4,P4,0.24583580666610416
dmnelf001,CEN,hz4,O1,0.1710264358100416
dmnelf001,CEN,hz4,O2,0.23230435624472562
dmnelf001,CEN,hz4,F7,0.18919150602340618
dmnelf001,CEN,hz4,F8,0.14961325604154735
dmnelf001,CEN,hz4,T7,0.06555216904247776
dmnelf001,CEN,hz4,T8,0.15275136808732656
dmnelf001,CEN,hz4,P7,0.1963187273002171
dmnelf001,CEN,hz4,P8,0.3109426208286306
dmnelf001,CEN,hz4,Fz,0.023177000400394242
dmnelf001,CEN,hz4,Cz,0.11891314488130561
dmnelf001,CEN,hz4,Pz,0.0035244974715211916
dmnelf001,CEN,hz4,Oz,0.1438451525966784
dmnelf001,CEN,hz4,FC1,0.4139100566722728
dmnelf001,CEN,hz4,FC2,0.2136969594474477
dmnelf001,CEN,hz4,CP1,0.14810537410749489
dmnelf001,CEN,hz4,CP2,0.21400634951366795
dmnelf001,CEN,hz4,FC5,0.19066783738274642
dmnelf001,CEN,hz4,FC6,0.16506830402975678
dmnelf001,CEN,hz4,CP5,0.22865844521789888
dmnelf001,CEN,hz4,CP6,0.23085557630462641
dmnelf001,CEN,hz4,TP9,0.253941897655623
dmnelf001,CEN,hz4,TP10,0.16542379939829033
dmnelf001,CEN,hz4,POz,0.07942547630928437
dmnelf004,CEN,hz4,Fp1,-0.061381882176987985
dmnelf004,CEN,hz4,Fp2,0.05515851770753746
dmnelf004,CEN,hz4,F3,-0.01854908652360722
dmnelf004,CEN,hz4,F4,-0.001923541955299285
dmnelf004,CEN,hz4,C3,-0.014080438076619795
dmnelf004,CEN,hz4,C4,0.00024458408859477643
dmnelf004,CEN,hz4,P3,0.034455599139229826
dmnelf004,CEN,hz4,P4,0.010357458282754046
dmnelf004,CEN,hz4,O1,-0.05066362646871001
dmnelf004,CEN,hz4,O2,-0.15595689894913525
dmnelf004,CEN,hz4,F7,-0.01086289511218098
dmnelf004,CEN,hz4,F8,-0.05381647576732303
dmnelf004,CEN,hz4,T7,-0.026381656305457267
dmnelf004,CEN,hz4,T8,0.007488008092265158
dmnelf004,CEN,hz4,P7,-0.08276767716599503
dmnelf004,CEN,hz4,P8,-0.08606323734453059
dmnelf004,CEN,hz4,Fz,0.10387409114249439
dmnelf004,CEN,hz4,Cz,0.026429663495856265
dmnelf004,CEN,hz4,Pz,0.2042641878211649
dmnelf004,CEN,hz4,Oz,-0.051375994346921174
dmnelf004,CEN,hz4,FC1,0.018479638529915896
dmnelf004,CEN,hz4,FC2,0.044849581442119806
dmnelf004,CEN,hz4,CP1,0.0019101129829007107
dmnelf004,CEN,hz4,CP2,0.02936117765425631
dmnelf004,CEN,hz4,FC5,-0.03869676385107299
dmnelf004,CEN,hz4,FC6,-0.16373103603589512
dmnelf004,CEN,hz4,CP5,0.0173052436773988
dmnelf004,CEN,hz4,CP6,-0.04568131153382541
dmnelf004,CEN,hz4,TP9,0.04712632154113523
dmnelf004,CEN,hz4,TP10,0.03679006667841099
dmnelf004,CEN,hz4,POz,-0.014833165626867657
dmnelf005,CEN,hz4,Fp1,0.22377491602182303
dmnelf005,CEN,hz4,Fp2,0.26753531842911304
dmnelf005,CEN,hz4,F3,0.3747616223095274
dmnelf005,CEN,hz4,F4,0.4457493855556807
dmnelf005,CEN,hz4,C3,0.3094604406556013
dmnelf005,CEN,hz4,C4,0.2822679414618818
dmnelf005,CEN,hz4,P3,0.42576898154756915
dmnelf005,CEN,hz4,P4,0.387429956130364
dmnelf005,CEN,hz4,O1,0.3111551252445999
dmnelf005,CEN,hz4,O2,0.14736304657002894
dmnelf005,CEN,hz4,F7,0.2774881710197817
dmnelf005,CEN,hz4,F8,0.25337074389006614
dmnelf005,CEN,hz4,T7,0.29287782266927354
dmnelf005,CEN,hz4,T8,0.43010461242312614
dmnelf005,CEN,hz4,P7,0.36432152673191226
dmnelf005,CEN,hz4,P8,0.40088690640475655
dmnelf005,CEN,hz4,Fz,0.5647253071900471
dmnelf005,CEN,hz4,Cz,0.24341743931563575
dmnelf005,CEN,hz4,Pz,0.21409837725019099
dmnelf005,CEN,hz4,Oz,0.196399996122233
dmnelf005,CEN,hz4,FC1,0.40762862008327827
dmnelf005,CEN,hz4,FC2,0.3894132289526402
dmnelf005,CEN,hz4,CP1,0.25214474869066533
dmnelf005,CEN,hz4,CP2,0.2843124120647061
dmnelf005,CEN,hz4,FC5,0.28011430827912215
dmnelf005,CEN,hz4,FC6,0.34773753127270796
dmnelf005,CEN,hz4,CP5,0.38839790934929075
dmnelf005,CEN,hz4,CP6,0.46770536790007167
dmnelf005,CEN,hz4,TP9,0.2560543476976515
dmnelf005,CEN,hz4,TP10,0.3639636759202741
dmnelf005,CEN,hz4,POz,0.37557747303997596
dmnelf006,CEN,hz4,Fp1,-0.2771255154922371
dmnelf006,CEN,hz4,Fp2,-0.3085656356730971
dmnelf006,CEN,hz4,F3,-0.15113062546479433
dmnelf006,CEN,hz4,F4,-0.14749194544318744
dmnelf006,CEN,hz4,C3,0.12307091716985372
dmnelf006,CEN,hz4,C4,0.06087990330783423
dmnelf006,CEN,hz4,P3,-0.03358314038956675
dmnelf006,CEN,hz4,P4,-0.0031632589402559516
dmnelf006,CEN,hz4,O1,-0.2518430456866706
dmnelf006,CEN,hz4,O2,-0.15329810622356782
dmnelf006,CEN,hz4,F7,-0.1598967307920118
dmnelf006,CEN,hz4,F8,-0.023011640475580526
dmnelf006,CEN,hz4,T7,-0.07501391601421833
dmnelf006,CEN,hz4,T8,-0.193364774291375
dmnelf006,CEN,hz4,P7,-0.24309723900177715
dmnelf006,CEN,hz4,P8,0.04044982097462365
dmnelf006,CEN,hz4,Fz,-0.04244564167226838
dmnelf006,CEN,hz4,Cz,0.032695955298525536
dmnelf006,CEN,hz4,Pz,-0.12088112791408606
dmnelf006,CEN,hz4,Oz,-0.257899068846481
dmnelf006,CEN,hz4,FC1,0.012277691998364065
dmnelf006,CEN,hz4,FC2,-0.24300810919174526
dmnelf006,CEN,hz4,CP1,0.07373941764989075
dmnelf006,CEN,hz4,CP2,-0.03956721703264307
dmnelf006,CEN,hz4,FC5,-0.048892346042128915
dmnelf006,CEN,hz4,FC6,-0.1470184731208328
dmnelf006,CEN,hz4,CP5,0.08607883403188944
dmnelf006,CEN,hz4,CP6,-0.0006569748408783507
dmnelf006,CEN,hz4,TP9,-0.19845032626292608
dmnelf006,CEN,hz4,TP10,0.03392393885609775
dmnelf006,CEN,hz4,POz,-0.247437076436238
dmnelf007,CEN,hz4,Fp1,0.3846551181701964
dmnelf007,CEN,hz4,Fp2,0.3460587199225107
dmnelf007,CEN,hz4,F3,0.3072543813535571
dmnelf007,CEN,hz4,F4,0.21823603807114467
dmnelf007,CEN,hz4,C3,0.35990278479775145
dmnelf007,CEN,hz4,C4,0.30050654012799716
dmnelf007,CEN,hz4,P3,0.13205481470444647
dmnelf007,CEN,hz4,P4,0.3048717973804592
dmnelf007,CEN,hz4,O1,0.2506697488761416
dmnelf007,CEN,hz4,O2,0.40776908434811227
dmnelf007,CEN,hz4,F7,0.19957022045734274
dmnelf007,CEN,hz4,F8,0.29876379393813635
dmnelf007,CEN,hz4,T7,0.3618493508576835
dmnelf007,CEN,hz4,T8,0.20375707163394735
dmnelf007,CEN,hz4,P7,0.24645424387594564
dmnelf007,CEN,hz4,P8,0.32880803990036356
dmnelf007,CEN,hz4,Fz,0.11048040813253904
dmnelf007,CEN,hz4,Cz,0.2721324264191566
dmnelf007,CEN,hz4,Pz,0.36552911914494235
dmnelf007,CEN,hz4,Oz,0.3412906240666445
dmnelf007,CEN,hz4,FC1,0.2992000401006787
dmnelf007,CEN,hz4,FC2,0.19118756451059388
dmnelf007,CEN,hz4,CP1,0.11830460949299955
dmnelf007,CEN,hz4,CP2,0.4537071453666143
dmnelf007,CEN,hz4,FC5,0.2015180410079927
dmnelf007,CEN,hz4,FC6,0.26365404016955607
dmnelf007,CEN,hz4,CP5,0.18091358414414765
dmnelf007,CEN,hz4,CP6,0.4443254960321529
dmnelf007,CEN,hz4,TP9,0.22964280717229835
dmnelf007,CEN,hz4,TP10,0.10080131499729077
dmnelf007,CEN,hz4,POz,0.0931725739429375
dmnelf008,CEN,hz4,Fp1,0.3586174718111065
dmnelf008,CEN,hz4,Fp2,0.5143000625284111
dmnelf008,CEN,hz4,F3,0.42149728696266753
dmnelf008,CEN,hz4,F4,0.20993566123123
dmnelf008,CEN,hz4,C3,0.10154923093809293
dmnelf008,CEN,hz4,C4,0.021748388389426887
dmnelf008,CEN,hz4,P3,0.1501668357921998
dmnelf008,CEN,hz4,P4,0.1935568413978997
dmnelf008,CEN,hz4,O1,0.14457394664905332
dmnelf008,CEN,hz4,O2,0.25801515981449585
dmnelf008,CEN,hz4,F7,0.5419033189462651
dmnelf008,CEN,hz4,F8,0.3447164954742191
dmnelf008,CEN,hz4,T7,0.40263316213697475
dmnelf008,CEN,hz4,T8,0.3901369147328769
dmnelf008,CEN,hz4,P7,0.24242936446266347
dmnelf008,CEN,hz4,P8,0.22060921162606473
dmnelf008,CEN,hz4,Fz,0.16150929840787337
dmnelf008,CEN,hz4,Cz,0.19108961318414547
dmnelf008,CEN,hz4,Pz,0.251586243801374
dmnelf008,CEN,hz4,Oz,0.17888748758276074
dmnelf008,CEN,hz4,FC1,0.18866816881126372
dmnelf008,CEN,hz4,FC2,0.09921662246307733
dmnelf008,CEN,hz4,CP1,0.12515744414351793
dmnelf008,CEN,hz4,CP2,0.2597767986066837
dmnelf008,CEN,hz4,FC5,0.42045780015922646
dmnelf008,CEN,hz4,FC6,0.25056173070805443
dmnelf008,CEN,hz4,CP5,0.4101862298852009
dmnelf008,CEN,hz4,CP6,0.26108280401925005
dmnelf008,CEN,hz4,TP9,0.39127949607478796
dmnelf008,CEN,hz4,TP10,0.39275620043734133
dmnelf008,CEN,hz4,POz,0.2835661217343124
dmnelf009,CEN,hz4,Fp1,0.17350247157022217
dmnelf009,CEN,hz4,Fp2,0.22880866549708956
dmnelf009,CEN,hz4,F3,0.1488450748600161
dmnelf009,CEN,hz4,F4,0.1495510467740766
dmnelf009,CEN,hz4,C3,0.15063720702873123
dmnelf009,CEN,hz4,C4,0.14434439573620744
dmnelf009,CEN,hz4,P3,0.24734482959042975
dmnelf009,CEN,hz4,P4,0.17908052683920622
dmnelf009,CEN,hz4,O1,0.24654096499541905
dmnelf009,CEN,hz4,O2,0.10625743262119017
dmnelf009,CEN,hz4,F7,0.18889675616412768
dmnelf009,CEN,hz4,F8,0.05613172639215751
dmnelf009,CEN,hz4,T7,0.23795944442138559
dmnelf009,CEN,hz4,T8,0.15163425690393006
dmnelf009,CEN,hz4,P7,0.09056580354917299
dmnelf009,CEN,hz4,P8,0.18784264165494863
dmnelf009,CEN,hz4,Fz,0.04043239531784623
dmnelf009,CEN,hz4,Cz,0.026241887441718202
dmnelf009,CEN,hz4,Pz,0.17441438824320188
dmnelf009,CEN,hz4,Oz,0.12964227991908442
dmnelf009,CEN,hz4,FC1,0.15963802417376716
dmnelf009,CEN,hz4,FC2,0.1526079551929979
dmnelf009,CEN,hz4,CP1,0.18073041017878552
dmnelf009,CEN,hz4,CP2,0.1294339422890976
dmnelf009,CEN,hz4,FC5,0.18670721213441932
dmnelf009,CEN,hz4,FC6,0.06891015560676507
dmnelf009,CEN,hz4,CP5,0.16977512814787105
dmnelf009,CEN,hz4,CP6,0.269380169492931
dmnelf009,CEN,hz4,TP9,0.12244565389550391
dmnelf009,CEN,hz4,TP10,0.0719737845342967
dmnelf009,CEN,hz4,POz,0.17099280729128474
dmnelf010,CEN,hz4,Fp1,0.1528610668967313
dmnelf010,CEN,hz4,Fp2,0.0034236483511571533
dmnelf010,CEN,hz4,F3,0.1978432179760905
dmnelf010,CEN,hz4,F4,0.06994144696982456
dmnelf010,CEN,hz4,C3,0.30473491325372803
dmnelf010,CEN,hz4,C4,0.18565755320466784
dmnelf010,CEN,hz4,P3,0.06631298183998102
dmnelf010,CEN,hz4,P4,0.12855379638435838
dmnelf010,CEN,hz4,O1,0.12804552961346807
dmnelf010,CEN,hz4,O2,0.21303040482088897
dmnelf010,CEN,hz4,F7,0.11469895955282068
dmnelf010,CEN,hz4,F8,0.22021108355899283
dmnelf010,CEN,hz4,T7,0.11766216787157094
dmnelf010,CEN,hz4,T8,0.26314907140448623
dmnelf010,CEN,hz4,P7,0.16257424093301207
dmnelf010,CEN,hz4,P8,0.22824386732587454
dmnelf010,CEN,hz4,Fz,0.004029568535847093
dmnelf010,CEN,hz4,Cz,0.12106974603537014
dmnelf010,CEN,hz4,Pz,0.03439990219032634
dmnelf010,CEN,hz4,Oz,0.16514097944226325
dmnelf010,CEN,hz4,FC1,0.23286369512821026
dmnelf010,CEN,hz4,FC2,0.10372209012672683
dmnelf010,CEN,hz4,CP1,0.1812301888810884
dmnelf010,CEN,hz4,CP2,0.07315823472067734
dmnelf010,CEN,hz4,FC5,0.18097534489935
dmnelf010,CEN,hz4,FC6,0.22702659420765667
dmnelf010,CEN,hz4,CP5,0.24621692425785746
dmnelf010,CEN,hz4,CP6,0.2506521791785484
dmnelf010,CEN,hz4,TP9,0.15833865080760662
dmnelf010,CEN,hz4,TP10,0.1870096173726848
dmnelf010,CEN,hz4,POz,-0.028496045100458826
dmnelf011,CEN,hz4,Fp1,0.011639347504934096
dmnelf011,CEN,hz4,Fp2,0.16492502838725875
dmnelf011,CEN,hz4,F3,0.03560708186196344
dmnelf011,CEN,hz4,F4,0.13419318948488748
dmnelf011,CEN,hz4,C3,0.15189779207495996
dmnelf011,CEN,hz4,C4,0.2921682151454003
dmnelf011,CEN,hz4,P3,0.08182560828467911
dmnelf011,CEN,hz4,P4,0.08342405566955872
dmnelf011,CEN,hz4,O1,0.15495623786439805
dmnelf011,CEN,hz4,O2,0.07658283633701293
dmnelf011,CEN,hz4,F7,0.07698065278683032
dmnelf011,CEN,hz4,F8,0.18711589183363986
dmnelf011,CEN,hz4,T7,0.13317160755388668
dmnelf011,CEN,hz4,T8,0.08240487909883608
dmnelf011,CEN,hz4,P7,0.12910680028841148
dmnelf011,CEN,hz4,P8,0.0018578170189516713
dmnelf011,CEN,hz4,Fz,0.32591366284498524
dmnelf011,CEN,hz4,Cz,0.1344117761670185
dmnelf011,CEN,hz4,Pz,0.20336737508711142
dmnelf011,CEN,hz4,Oz,0.14359210041987108
dmnelf011,CEN,hz4,FC1,0.0044862979990365065
dmnelf011,CEN,hz4,FC2,0.23431713453106662
dmnelf011,CEN,hz4,CP1,0.11111606776679261
dmnelf011,CEN,hz4,CP2,0.2164761699286794
dmnelf011,CEN,hz4,FC5,0.11170179127959501
dmnelf011,CEN,hz4,FC6,0.08783239443623476
dmnelf011,CEN,hz4,CP5,0.11199469935128904
dmnelf011,CEN,hz4,CP6,0.19295440354565907
dmnelf011,CEN,hz4,TP9,0.10832307080970685
dmnelf011,CEN,hz4,TP10,0.08905650812992885
dmnelf011,CEN,hz4,POz,0.08552782618025795
dmnelf012,CEN,hz4,Fp1,0.256395958349807
dmnelf012,CEN,hz4,Fp2,0.07007434486551832
dmnelf012,CEN,hz4,F3,0.14524873613836906
dmnelf012,CEN,hz4,F4,0.12129962784576762
dmnelf012,CEN,hz4,C3,0.06404709655508839
dmnelf012,CEN,hz4,C4,0.3181704430279082
dmnelf012,CEN,hz4,P3,0.29052547771697224
dmnelf012,CEN,hz4,P4,0.21942662298441057
dmnelf012,CEN,hz4,O1,0.30612511981016544
dmnelf012,CEN,hz4,O2,0.12689724442755473
dmnelf012,CEN,hz4,F7,0.07952393251070308
dmnelf012,CEN,hz4,F8,0.1867926775782388
dmnelf012,CEN,hz4,T7,0.0787227502325102
dmnelf012,CEN,hz4,T8,0.13800984691421342
dmnelf012,CEN,hz4,P7,0.13320267749622966
dmnelf012,CEN,hz4,P8,0.07886792085599778
dmnelf012,CEN,hz4,Fz,0.23588444347249576
dmnelf012,CEN,hz4,Cz,0.3537748523338551
dmnelf012,CEN,hz4,Pz,0.3907676782326627
dmnelf012,CEN,hz4,Oz,0.22284593405805125
dmnelf012,CEN,hz4,FC1,0.1265758483330136
dmnelf012,CEN,hz4,FC2,0.06322807041908969
dmnelf012,CEN,hz4,CP1,0.15283346359576078
dmnelf012,CEN,hz4,CP2,0.13422949403698428
dmnelf012,CEN,hz4,FC5,0.10362867196105015
dmnelf012,CEN,hz4,FC6,0.10980257347060267
dmnelf012,CEN,hz4,CP5,0.11905215406310132
dmnelf012,CEN,hz4,CP6,0.07810660147838705
dmnelf012,CEN,hz4,TP9,0.1198592319738492
dmnelf012,CEN,hz4,TP10,0.15325800743209042
dmnelf012,CEN,hz4,POz,0.478980868437058
dmnelf013,CEN,hz4,Fp1,0.11974506565891993
dmnelf013,CEN,hz4,Fp2,0.09814837174443877
dmnelf013,CEN,hz4,F3,0.14627260394382566
dmnelf013,CEN,hz4,F4,0.1455803800257353
dmnelf013,CEN,hz4,C3,0.1600094610397878
dmnelf013,CEN,hz4,C4,0.015870278802614542
dmnelf013,CEN,hz4,P3,0.05718961403940942
dmnelf013,CEN,hz4,P4,0.07236782290797408
dmnelf013,CEN,hz4,O1,0.16201080229656392
dmnelf013,CEN,hz4,O2,0.12127524742415559
dmnelf013,CEN,hz4,F7,0.11527959948149902
dmnelf013,CEN,hz4,F8,0.12702130239269221
dmnelf013,CEN,hz4,T7,0.2154602762359641
dmnelf013,CEN,hz4,T8,0.1823241517176632
dmnelf013,CEN,hz4,P7,0.22142060899954352
dmnelf013,CEN,hz4,P8,0.1543114015205348
dmnelf013,CEN,hz4,Fz,0.018638128214324298
dmnelf013,CEN,hz4,Cz,0.25414798127621163
dmnelf013,CEN,hz4,Pz,0.027307145993370814
dmnelf013,CEN,hz4,Oz,0.163399507402774
dmnelf013,CEN,hz4,FC1,0.273217337623191
dmnelf013,CEN,hz4,FC2,0.2825700817978605
dmnelf013,CEN,hz4,CP1,0.15558262597522388
dmnelf013,CEN,hz4,CP2,0.24369520944207132
dmnelf013,CEN,hz4,FC5,0.0492040147809189
dmnelf013,CEN,hz4,FC6,0.08097289018784608
dmnelf013,CEN,hz4,CP5,0.20262313758753014
dmnelf013,CEN,hz4,CP6,0.12611405051359623
dmnelf013,CEN,hz4,TP9,0.25462355343370197
dmnelf013,CEN,hz4,TP10,0.24185017116734567
dmnelf013,CEN,hz4,POz,0.08881148793658206
dmnelf014,CEN,hz4,Fp1,-0.1322052630160695
dmnelf014,CEN,hz4,Fp2,0.04696019987881854
dmnelf014,CEN,hz4,F3,-0.07753029324256829
dmnelf014,CEN,hz4,F4,-0.13637987243911204
dmnelf014,CEN,hz4,C3,-0.0911287008293129
dmnelf014,CEN,hz4,C4,-0.12053305632410824
dmnelf014,CEN,hz4,P3,0.006896865883731109
dmnelf014,CEN,hz4,P4,-0.08252434600112547
dmnelf014,CEN,hz4,O1,-0.03200527930368161
dmnelf014,CEN,hz4,O2,0.023961498323837926
dmnelf014,CEN,hz4,F7,-0.012316866585170554
dmnelf014,CEN,hz4,F8,-0.13864821471454436
dmnelf014,CEN,hz4,T7,-0.048228065446136184
dmnelf014,CEN,hz4,T8,0.041818509876584954
dmnelf014,CEN,hz4,P7,-0.052243888526167404
dmnelf014,CEN,hz4,P8,-0.054361044023673935
dmnelf014,CEN,hz4,Fz,-0.08375868170083116
dmnelf014,CEN,hz4,Cz,0.06501472882232508
dmnelf014,CEN,hz4,Pz,-0.11449689096626312
dmnelf014,CEN,hz4,Oz,-0.09250155629102261
dmnelf014,CEN,hz4,FC1,-0.16816941976853583
dmnelf014,CEN,hz4,FC2,0.020704499373151893
dmnelf014,CEN,hz4,CP1,-0.11896384338001086
dmnelf014,CEN,hz4,CP2,-0.05819087095456089
dmnelf014,CEN,hz4,FC5,-0.10953121599756875
dmnelf014,CEN,hz4,FC6,-0.05979041934459076
dmnelf014,CEN,hz4,CP5,-0.11484203047013597
dmnelf014,CEN,hz4,CP6,0.018409147588715716
dmnelf014,CEN,hz4,TP9,-0.07467039235715003
dmnelf014,CEN,hz4,TP10,-0.046897758760566476
dmnelf014,CEN,hz4,POz,-0.18655753810251136
dmnelf015,CEN,hz4,Fp1,0.30296694776269084
dmnelf015,CEN,hz4,Fp2,0.4310015591647562
dmnelf015,CEN,hz4,F3,0.38599966852496026
dmnelf015,CEN,hz4,F4,0.3929632613198638
dmnelf015,CEN,hz4,C3,0.37331009539268556
dmnelf015,CEN,hz4,C4,-0.011421818673477135
dmnelf015,CEN,hz4,P3,0.3553771051553547
dmnelf015,CEN,hz4,P4,0.4030280596483491
dmnelf015,CEN,hz4,O1,0.44394508255871057
dmnelf015,CEN,hz4,O2,0.5277771923126958
dmnelf015,CEN,hz4,F7,0.4833658042414974
dmnelf015,CEN,hz4,F8,0.44907723995839716
dmnelf015,CEN,hz4,T7,0.4120064742200319
dmnelf015,CEN,hz4,T8,0.4029602593327204
dmnelf015,CEN,hz4,P7,0.47336196647578077
dmnelf015,CEN,hz4,P8,0.47628142188248085
dmnelf015,CEN,hz4,Fz,0.44431769722747805
dmnelf015,CEN,hz4,Cz,0.5009446861367302
dmnelf015,CEN,hz4,Pz,0.40338882849375785
dmnelf015,CEN,hz4,Oz,0.4677976436155986
dmnelf015,CEN,hz4,FC1,0.399398686825654
dmnelf015,CEN,hz4,FC2,0.46434100954483737
dmnelf015,CEN,hz4,CP1,0.43172608158279646
dmnelf015,CEN,hz4,CP2,0.4811055601218955
dmnelf015,CEN,hz4,FC5,0.46539652579033763
dmnelf015,CEN,hz4,FC6,0.3183426387017041
dmnelf015,CEN,hz4,CP5,0.31075949920948864
dmnelf015,CEN,hz4,CP6,0.3639002206959797
dmnelf015,CEN,hz4,TP9,0.4751018743690719
dmnelf015,CEN,hz4,TP10,0.3959360688666958
dmnelf015,CEN,hz4,POz,0.3941063712193554
dmnelf1001,CEN,hz4,Fp1,0.03014749391982592
dmnelf1001,CEN,hz4,Fp2,-0.04657922976449194
dmnelf1001,CEN,hz4,F3,0.07629434166113619
dmnelf1001,CEN,hz4,F4,0.05866748869220569
dmnelf1001,CEN,hz4,C3,0.00831175211050363
dmnelf1001,CEN,hz4,C4,0.0793182837759335
dmnelf1001,CEN,hz4,P3,0.0051939532433666336
dmnelf1001,CEN,hz4,P4,-0.002226107064029953
dmnelf1001,CEN,hz4,O1,0.22442646039105513
dmnelf1001,CEN,hz4,O2,0.3145498317924541
dmnelf1001,CEN,hz4,F7,-0.06283914473704293
dmnelf1001,CEN,hz4,F8,0.08282005980448744
dmnelf1001,CEN,hz4,T7,0.18712369902589396
dmnelf1001,CEN,hz4,T8,0.0062318235856724385
dmnelf1001,CEN,hz4,P7,-0.02658476634503453
dmnelf1001,CEN,hz4,P8,0.10417490955532062
dmnelf1001,CEN,hz4,Fz,0.14362262313255447
dmnelf1001,CEN,hz4,Cz,0.0801122925218346
dmnelf1001,CEN,hz4,Pz,0.14993041578556843
dmnelf1001,CEN,hz4,Oz,0.254176468869687
dmnelf1001,CEN,hz4,FC1,0.03588140195470118
dmnelf1001,CEN,hz4,FC2,0.19511790013736477
dmnelf1001,CEN,hz4,CP1,0.0668409443789475
dmnelf1001,CEN,hz4,CP2,0.061496139329873946
dmnelf1001,CEN,hz4,FC5,0.06995684320358542
dmnelf1001,CEN,hz4,FC6,0.10343720556208556
dmnelf1001,CEN,hz4,CP5,0.01979533951096879
dmnelf1001,CEN,hz4,CP6,0.016590737047955176
dmnelf1001,CEN,hz4,TP9,0.19874659886362783
dmnelf1001,CEN,hz4,TP10,0.1858048305697059
dmnelf1001,CEN,hz4,POz,0.2441796781633339
dmnelf1002,CEN,hz4,Fp1,0.15950438624589014
dmnelf1002,CEN,hz4,Fp2,0.3259072162224853
dmnelf1002,CEN,hz4,F3,0.02226790566200246
dmnelf1002,CEN,hz4,F4,0.30450515803854666
dmnelf1002,CEN,hz4,C3,0.16431411701120965
dmnelf1002,CEN,hz4,C4,0.22265330948304574
dmnelf1002,CEN,hz4,P3,0.22792108784366985
dmnelf1002,CEN,hz4,P4,0.10665823556854429
dmnelf1002,CEN,hz4,O1,0.14269159308589374
dmnelf1002,CEN,hz4,O2,0.010866558592735137
dmnelf1002,CEN,hz4,F7,0.23777671930335947
dmnelf1002,CEN,hz4,F8,0.34652879660574115
dmnelf1002,CEN,hz4,T7,0.17449067331917642
dmnelf1002,CEN,hz4,T8,0.2752249465967648
dmnelf1002,CEN,hz4,P7,0.2945390418356712
dmnelf1002,CEN,hz4,P8,0.20036007507154005
dmnelf1002,CEN,hz4,Fz,0.09425015621539085
dmnelf1002,CEN,hz4,Cz,0.16133253644515352
dmnelf1002,CEN,hz4,Pz,0.0898413725569438
dmnelf1002,CEN,hz4,Oz,0.039305736953094174
dmnelf1002,CEN,hz4,FC1,0.08963323727114055
dmnelf1002,CEN,hz4,FC2,0.1727406002558055
dmnelf1002,CEN,hz4,CP1,0.20572543763453044
dmnelf1002,CEN,hz4,CP2,0.006293406604003626
dmnelf1002,CEN,hz4,FC5,0.28011693988002856
dmnelf1002,CEN,hz4,FC6,0.2671792321049183
dmnelf1002,CEN,hz4,CP5,0.24192911680626233
dmnelf1002,CEN,hz4,CP6,0.12851535230069444
dmnelf1002,CEN,hz4,TP9,0.2371848421299622
dmnelf1002,CEN,hz4,TP10,0.0980574455013086
dmnelf1002,CEN,hz4,POz,0.10902111911803421
dmnelf1003,CEN,hz4,Fp1,-0.17543856312430162
dmnelf1003,CEN,hz4,Fp2,-0.25075260898448815
dmnelf1003,CEN,hz4,F3,-0.2380144716676706
dmnelf1003,CEN,hz4,F4,-0.13247984856447068
dmnelf1003,CEN,hz4,C3,-0.07005162728052097
dmnelf1003,CEN,hz4,C4,0.0919481320213632
dmnelf1003,CEN,hz4,P3,-0.09235406686482546
dmnelf1003,CEN,hz4,P4,-0.23495466481714056
dmnelf1003,CEN,hz4,O1,-0.11452066712576334
dmnelf1003,CEN,hz4,O2,-0.051183068333915414
dmnelf1003,CEN,hz4,F7,-0.3195013379888305
dmnelf1003,CEN,hz4,F8,-0.29291621465794515
dmnelf1003,CEN,hz4,T7,-0.21584279872386106
dmnelf1003,CEN,hz4,T8,-0.1335932339319949
dmnelf1003,CEN,hz4,P7,-0.10862070327182892
dmnelf1003,CEN,hz4,P8,0.12471543028194622
dmnelf1003,CEN,hz4,Fz,0.04733297906269406
dmnelf1003,CEN,hz4,Cz,0.36016444306647544
dmnelf1003,CEN,hz4,Pz,0.08093623136737318
dmnelf1003,CEN,hz4,Oz,-0.0968343258081216
dmnelf1003,CEN,hz4,FC1,-0.33010280951450194
dmnelf1003,CEN,hz4,FC2,-0.2121572898771353
dmnelf1003,CEN,hz4,CP1,-0.133534703439674
dmnelf1003,CEN,hz4,CP2,0.11265243749614962
dmnelf1003,CEN,hz4,FC5,-0.12771335428141856
dmnelf1003,CEN,hz4,FC6,-0.23150309931657517
dmnelf1003,CEN,hz4,CP5,-0.07189230588531416
dmnelf1003,CEN,hz4,CP6,0.12916255235240892
dmnelf1003,CEN,hz4,TP9,-0.31550635654591563
dmnelf1003,CEN,hz4,TP10,-0.08523217234989319
dmnelf1003,CEN,hz4,POz,-0.16309688457210147
dmnelf001,PDA,hz4,Fp1,0.019332115598776095
dmnelf001,PDA,hz4,Fp2,-0.026619179229980264
dmnelf001,PDA,hz4,F3,-0.0011601303946730604
dmnelf001,PDA,hz4,F4,0.04607741199996305
dmnelf001,PDA,hz4,C3,-0.04969035668225836
dmnelf001,PDA,hz4,C4,-0.04493442759571775
dmnelf001,PDA,hz4,P3,-0.10449899880122096
dmnelf001,PDA,hz4,P4,-0.02446695068599181
dmnelf001,PDA,hz4,O1,0.11685575141593998
dmnelf001,PDA,hz4,O2,-0.02026930986566799
dmnelf001,PDA,hz4,F7,0.008574056868623274
dmnelf001,PDA,hz4,F8,0.005838868741331958
dmnelf001,PDA,hz4,T7,0.09387295746410032
dmnelf001,PDA,hz4,T8,-0.14017805536531583
dmnelf001,PDA,hz4,P7,0.1162634197622283
dmnelf001,PDA,hz4,P8,-0.1173289859270274
dmnelf001,PDA,hz4,Fz,0.07533113787015865
dmnelf001,PDA,hz4,Cz,0.12745389351700825
dmnelf001,PDA,hz4,Pz,0.14151156528424702
dmnelf001,PDA,hz4,Oz,0.09004805585417218
dmnelf001,PDA,hz4,FC1,-0.009089858943241588
dmnelf001,PDA,hz4,FC2,0.1485723779984494
dmnelf001,PDA,hz4,CP1,0.020222640932243383
dmnelf001,PDA,hz4,CP2,0.1505966031446297
dmnelf001,PDA,hz4,FC5,-0.06618829847230223
dmnelf001,PDA,hz4,FC6,-0.129231903136386
dmnelf001,PDA,hz4,CP5,0.036473584073903734
dmnelf001,PDA,hz4,CP6,-0.1806856346258945
dmnelf001,PDA,hz4,TP9,0.05525810736926024
dmnelf001,PDA,hz4,TP10,0.035830274913141155
dmnelf001,PDA,hz4,POz,0.1596007669093359
dmnelf004,PDA,hz4,Fp1,0.13111184618146632
dmnelf004,PDA,hz4,Fp2,0.1319747855084129
dmnelf004,PDA,hz4,F3,0.06574028812950548
dmnelf004,PDA,hz4,F4,0.21845443423470268
dmnelf004,PDA,hz4,C3,0.09406608400020071
dmnelf004,PDA,hz4,C4,0.3060813874526022
dmnelf004,PDA,hz4,P3,0.13539974708246316
dmnelf004,PDA,hz4,P4,0.2290405372442273
dmnelf004,PDA,hz4,O1,0.2466290263372068
dmnelf004,PDA,hz4,O2,0.1509145813315984
dmnelf004,PDA,hz4,F7,0.06057379925559172
dmnelf004,PDA,hz4,F8,0.048407307553375335
dmnelf004,PDA,hz4,T7,0.02514783411402853
dmnelf004,PDA,hz4,T8,0.11691334606164883
dmnelf004,PDA,hz4,P7,0.1628121925817706
dmnelf004,PDA,hz4,P8,0.21947294405523143
dmnelf004,PDA,hz4,Fz,0.3055296637186431
dmnelf004,PDA,hz4,Cz,0.4508475716540532
dmnelf004,PDA,hz4,Pz,0.2520502128638366
dmnelf004,PDA,hz4,Oz,0.3896741902869603
dmnelf004,PDA,hz4,FC1,0.35946393287298983
dmnelf004,PDA,hz4,FC2,0.34303373947036175
dmnelf004,PDA,hz4,CP1,0.20738636893625084
dmnelf004,PDA,hz4,CP2,0.16026184797629253
dmnelf004,PDA,hz4,FC5,0.16962123540186014
dmnelf004,PDA,hz4,FC6,0.13628783727232496
dmnelf004,PDA,hz4,CP5,0.32083380413300827
dmnelf004,PDA,hz4,CP6,0.1525266656192471
dmnelf004,PDA,hz4,TP9,0.06568127088376108
dmnelf004,PDA,hz4,TP10,0.22812050207151569
dmnelf004,PDA,hz4,POz,0.1975023452481335
dmnelf005,PDA,hz4,Fp1,0.19799009388275243
dmnelf005,PDA,hz4,Fp2,0.27632032862071076
dmnelf005,PDA,hz4,F3,0.38393583165227574
dmnelf005,PDA,hz4,F4,0.36715804785368655
dmnelf005,PDA,hz4,C3,0.3384771951931937
dmnelf005,PDA,hz4,C4,0.3011440812034488
dmnelf005,PDA,hz4,P3,0.297184201025808
dmnelf005,PDA,hz4,P4,0.4127077108881251
dmnelf005,PDA,hz4,O1,0.2735714514185791
dmnelf005,PDA,hz4,O2,0.09699240831349798
dmnelf005,PDA,hz4,F7,0.26432847048919517
dmnelf005,PDA,hz4,F8,0.1794405329553393
dmnelf005,PDA,hz4,T7,0.30398274325323954
dmnelf005,PDA,hz4,T8,0.32946134515529013
dmnelf005,PDA,hz4,P7,0.2546387464544462
dmnelf005,PDA,hz4,P8,0.39049902055016283
dmnelf005,PDA,hz4,Fz,0.4323639237656597
dmnelf005,PDA,hz4,Cz,0.21155077836562358
dmnelf005,PDA,hz4,Pz,0.26044003129657656
dmnelf005,PDA,hz4,Oz,0.21485439175782156
dmnelf005,PDA,hz4,FC1,0.39656975499975766
dmnelf005,PDA,hz4,FC2,0.3962091601540706
dmnelf005,PDA,hz4,CP1,0.2128112405572306
dmnelf005,PDA,hz4,CP2,0.25165898916152685
dmnelf005,PDA,hz4,FC5,0.2675781816442509
dmnelf005,PDA,hz4,FC6,0.17801888552455844
dmnelf005,PDA,hz4,CP5,0.3538957823378973
dmnelf005,PDA,hz4,CP6,0.4422727211250397
dmnelf005,PDA,hz4,TP9,0.12098252289173919
dmnelf005,PDA,hz4,TP10,0.24748097800519336
dmnelf005,PDA,hz4,POz,0.3770719190906746
dmnelf006,PDA,hz4,Fp1,0.1889261948355334
dmnelf006,PDA,hz4,Fp2,0.29343490339475153
dmnelf006,PDA,hz4,F3,0.043583396335122704
dmnelf006,PDA,hz4,F4,0.16892999100525954
dmnelf006,PDA,hz4,C3,-0.027849728310221075
dmnelf006,PDA,hz4,C4,0.04124447309804141
dmnelf006,PDA,hz4,P3,0.29910516408979654
dmnelf006,PDA,hz4,P4,0.24766961052267134
dmnelf006,PDA,hz4,O1,0.3502323670023365
dmnelf006,PDA,hz4,O2,0.2565621850096667
dmnelf006,PDA,hz4,F7,0.07929853496345735
dmnelf006,PDA,hz4,F8,0.05269661697703515
dmnelf006,PDA,hz4,T7,0.057116716751215324
dmnelf006,PDA,hz4,T8,0.10433598656458275
dmnelf006,PDA,hz4,P7,0.2138248917539974
dmnelf006,PDA,hz4,P8,0.06016323558107114
dmnelf006,PDA,hz4,Fz,0.13670442954870599
dmnelf006,PDA,hz4,Cz,0.10392575505955684
dmnelf006,PDA,hz4,Pz,0.2348111690131523
dmnelf006,PDA,hz4,Oz,0.31125964208054735
dmnelf006,PDA,hz4,FC1,0.08070230222132224
dmnelf006,PDA,hz4,FC2,0.2185729044846606
dmnelf006,PDA,hz4,CP1,0.20103914280387186
dmnelf006,PDA,hz4,CP2,0.053423996606899574
dmnelf006,PDA,hz4,FC5,-0.02732906980383462
dmnelf006,PDA,hz4,FC6,0.10374991498763278
dmnelf006,PDA,hz4,CP5,0.11360963127375087
dmnelf006,PDA,hz4,CP6,0.03156023898721889
dmnelf006,PDA,hz4,TP9,0.040516025080432706
dmnelf006,PDA,hz4,TP10,0.06263988918835832
dmnelf006,PDA,hz4,POz,0.10931077141514892
dmnelf007,PDA,hz4,Fp1,0.1198063154123155
dmnelf007,PDA,hz4,Fp2,0.03419024819111174
dmnelf007,PDA,hz4,F3,-0.17924604665419094
dmnelf007,PDA,hz4,F4,0.03772949064080213
dmnelf007,PDA,hz4,C3,0.28127227988239345
dmnelf007,PDA,hz4,C4,0.04386440169991609
dmnelf007,PDA,hz4,P3,0.10807213402668288
dmnelf007,PDA,hz4,P4,0.14225908734806544
dmnelf007,PDA,hz4,O1,0.3558212882731763
dmnelf007,PDA,hz4,O2,0.10607221357993483
dmnelf007,PDA,hz4,F7,-0.01656946655341142
dmnelf007,PDA,hz4,F8,0.2132058417246571
dmnelf007,PDA,hz4,T7,0.0131672665839647
dmnelf007,PDA,hz4,T8,-0.0021304580997735315
dmnelf007,PDA,hz4,P7,0.3521701086580068
dmnelf007,PDA,hz4,P8,-0.05119880797568751
dmnelf007,PDA,hz4,Fz,0.24352098717540804
dmnelf007,PDA,hz4,Cz,0.2933575683874024
dmnelf007,PDA,hz4,Pz,0.22940345045762836
dmnelf007,PDA,hz4,Oz,0.12925763037322394
dmnelf007,PDA,hz4,FC1,-0.02359855841576155
dmnelf007,PDA,hz4,FC2,0.21394359247518835
dmnelf007,PDA,hz4,CP1,0.3156380508568494
dmnelf007,PDA,hz4,CP2,0.12491649729344044
dmnelf007,PDA,hz4,FC5,-0.10659721840067031
dmnelf007,PDA,hz4,FC6,0.07678533891385814
dmnelf007,PDA,hz4,CP5,0.008564213249582273
dmnelf007,PDA,hz4,CP6,0.0735101418623747
dmnelf007,PDA,hz4,TP9,0.2437516065574914
dmnelf007,PDA,hz4,TP10,0.05539492045521628
dmnelf007,PDA,hz4,POz,0.2019413122611769
dmnelf008,PDA,hz4,Fp1,0.19942663569748617
dmnelf008,PDA,hz4,Fp2,0.3396063926475428
dmnelf008,PDA,hz4,F3,0.38466268960005295
dmnelf008,PDA,hz4,F4,0.2717930535677233
dmnelf008,PDA,hz4,C3,0.06754829413323905
dmnelf008,PDA,hz4,C4,-0.0015936368185379898
dmnelf008,PDA,hz4,P3,0.1335734189441375
dmnelf008,PDA,hz4,P4,0.13000017670178687
dmnelf008,PDA,hz4,O1,0.16238319087862255
dmnelf008,PDA,hz4,O2,0.17505593906106373
dmnelf008,PDA,hz4,F7,0.4436809666350575
dmnelf008,PDA,hz4,F8,0.2838959310230442
dmnelf008,PDA,hz4,T7,0.29339602619367755
dmnelf008,PDA,hz4,T8,0.3479244806069013
dmnelf008,PDA,hz4,P7,0.1276792042610333
dmnelf008,PDA,hz4,P8,0.09030700800956151
dmnelf008,PDA,hz4,Fz,0.13383665102772352
dmnelf008,PDA,hz4,Cz,0.1488735113904872
dmnelf008,PDA,hz4,Pz,0.16944372084404172
dmnelf008,PDA,hz4,Oz,0.12511232700594827
dmnelf008,PDA,hz4,FC1,0.1263816706290874
dmnelf008,PDA,hz4,FC2,0.10480885523189153
dmnelf008,PDA,hz4,CP1,0.13100113257659968
dmnelf008,PDA,hz4,CP2,0.21627975497323576
dmnelf008,PDA,hz4,FC5,0.38260139344637606
dmnelf008,PDA,hz4,FC6,0.14270835260850767
dmnelf008,PDA,hz4,CP5,0.2942206833504362
dmnelf008,PDA,hz4,CP6,0.21737734018060245
dmnelf008,PDA,hz4,TP9,0.33615069587629015
dmnelf008,PDA,hz4,TP10,0.15612750364863598
dmnelf008,PDA,hz4,POz,0.18712479435595694
dmnelf009,PDA,hz4,Fp1,-0.02373089672071388
dmnelf009,PDA,hz4,Fp2,-0.216216201605183
dmnelf009,PDA,hz4,F3,0.07334402492915792
dmnelf009,PDA,hz4,F4,-0.147724912081964
dmnelf009,PDA,hz4,C3,0.0038995172652681043
dmnelf009,PDA,hz4,C4,0.05297759669621401
dmnelf009,PDA,hz4,P3,0.08202027778967692
dmnelf009,PDA,hz4,P4,0.2950732980711729
dmnelf009,PDA,hz4,O1,-0.05955856581027549
dmnelf009,PDA,hz4,O2,0.28490967055911604
dmnelf009,PDA,hz4,F7,-0.024552428572331017
dmnelf009,PDA,hz4,F8,0.00970642193724855
dmnelf009,PDA,hz4,T7,-0.11022823888990878
dmnelf009,PDA,hz4,T8,0.03726380519865166
dmnelf009,PDA,hz4,P7,0.030952781487609826
dmnelf009,PDA,hz4,P8,0.09752422665573242
dmnelf009,PDA,hz4,Fz,-0.03500327652088669
dmnelf009,PDA,hz4,Cz,0.27850702402877714
dmnelf009,PDA,hz4,Pz,0.355868042564887
dmnelf009,PDA,hz4,Oz,0.09510028170233908
dmnelf009,PDA,hz4,FC1,0.12488445017274458
dmnelf009,PDA,hz4,FC2,-0.07422148338400059
dmnelf009,PDA,hz4,CP1,0.2869337186625115
dmnelf009,PDA,hz4,CP2,0.3163670611968546
dmnelf009,PDA,hz4,FC5,0.19971077916232663
dmnelf009,PDA,hz4,FC6,-0.004199864306399445
dmnelf009,PDA,hz4,CP5,0.044552979972264914
dmnelf009,PDA,hz4,CP6,0.3269929716197075
dmnelf009,PDA,hz4,TP9,0.07250838608178042
dmnelf009,PDA,hz4,TP10,-0.0350375085495673
dmnelf009,PDA,hz4,POz,0.19649295470934997
dmnelf010,PDA,hz4,Fp1,0.2775203521427055
dmnelf010,PDA,hz4,Fp2,0.16975404916984266
dmnelf010,PDA,hz4,F3,0.17707447393265163
dmnelf010,PDA,hz4,F4,0.1941920439628775
dmnelf010,PDA,hz4,C3,0.1665736279192418
dmnelf010,PDA,hz4,C4,0.1016321393637946
dmnelf010,PDA,hz4,P3,0.19338813647598913
dmnelf010,PDA,hz4,P4,0.17956806573293643
dmnelf010,PDA,hz4,O1,0.1431922567526764
dmnelf010,PDA,hz4,O2,0.11464649376270944
dmnelf010,PDA,hz4,F7,0.25688878168408624
dmnelf010,PDA,hz4,F8,0.1305371354059422
dmnelf010,PDA,hz4,T7,0.09976879232026092
dmnelf010,PDA,hz4,T8,0.0365719456294058
dmnelf010,PDA,hz4,P7,0.1928305589242748
dmnelf010,PDA,hz4,P8,0.23598005609174144
dmnelf010,PDA,hz4,Fz,0.2552768084944663
dmnelf010,PDA,hz4,Cz,0.19689332661224496
dmnelf010,PDA,hz4,Pz,0.203975247120181
dmnelf010,PDA,hz4,Oz,0.15721045101478437
dmnelf010,PDA,hz4,FC1,0.35257645982580477
dmnelf010,PDA,hz4,FC2,0.18525279000152972
dmnelf010,PDA,hz4,CP1,0.3350123282441989
dmnelf010,PDA,hz4,CP2,0.06688516039170585
dmnelf010,PDA,hz4,FC5,0.29637988530188775
dmnelf010,PDA,hz4,FC6,0.07423822926652557
dmnelf010,PDA,hz4,CP5,0.1779601321474652
dmnelf010,PDA,hz4,CP6,0.19636585002509932
dmnelf010,PDA,hz4,TP9,0.1758679437047884
dmnelf010,PDA,hz4,TP10,0.06268151759169509
dmnelf010,PDA,hz4,POz,0.16724693595385975
dmnelf011,PDA,hz4,Fp1,-0.05064263511999371
dmnelf011,PDA,hz4,Fp2,-0.033898392652583806
dmnelf011,PDA,hz4,F3,-0.03312563681858147
dmnelf011,PDA,hz4,F4,-0.11299268898847972
dmnelf011,PDA,hz4,C3,-0.017292647868975476
dmnelf011,PDA,hz4,C4,-0.060271111030749835
dmnelf011,PDA,hz4,P3,-0.04104901954012875
dmnelf011,PDA,hz4,P4,-0.14522290776909205
dmnelf011,PDA,hz4,O1,-0.008222768302755923
dmnelf011,PDA,hz4,O2,-0.06241796932216298
dmnelf011,PDA,hz4,F7,-0.04976567300616583
dmnelf011,PDA,hz4,F8,0.035281578727931924
dmnelf011,PDA,hz4,T7,-0.003663223846054605
dmnelf011,PDA,hz4,T8,-0.1836493510350261
dmnelf011,PDA,hz4,P7,0.051698840234219355
dmnelf011,PDA,hz4,P8,-0.176056707700762
dmnelf011,PDA,hz4,Fz,-0.02570467464849763
dmnelf011,PDA,hz4,Cz,0.019314285632332378
dmnelf011,PDA,hz4,Pz,0.11548505419117534
dmnelf011,PDA,hz4,Oz,-0.031398953458170675
dmnelf011,PDA,hz4,FC1,-0.06697537436772978
dmnelf011,PDA,hz4,FC2,-0.03383164259661722
dmnelf011,PDA,hz4,CP1,-0.07137375932366459
dmnelf011,PDA,hz4,CP2,0.07591257341757952
dmnelf011,PDA,hz4,FC5,-0.1289883226477046
dmnelf011,PDA,hz4,FC6,-0.11906567906765642
dmnelf011,PDA,hz4,CP5,-0.1357775192150244
dmnelf011,PDA,hz4,CP6,-0.11631566979178737
dmnelf011,PDA,hz4,TP9,0.10476007079681318
dmnelf011,PDA,hz4,TP10,-0.16176787734261333
dmnelf011,PDA,hz4,POz,0.06844935942771257
dmnelf012,PDA,hz4,Fp1,0.34206851446141756
dmnelf012,PDA,hz4,Fp2,0.09182045883875184
dmnelf012,PDA,hz4,F3,0.13349188128661843
dmnelf012,PDA,hz4,F4,0.021879396780584138
dmnelf012,PDA,hz4,C3,0.11231277188098368
dmnelf012,PDA,hz4,C4,0.1808124992231978
dmnelf012,PDA,hz4,P3,0.18853685405616322
dmnelf012,PDA,hz4,P4,0.25743716760593155
dmnelf012,PDA,hz4,O1,0.23428373041879622
dmnelf012,PDA,hz4,O2,0.20449572008201594
dmnelf012,PDA,hz4,F7,0.259813301435917
dmnelf012,PDA,hz4,F8,0.16248692955764282
dmnelf012,PDA,hz4,T7,0.04389530385151496
dmnelf012,PDA,hz4,T8,0.14297153794839515
dmnelf012,PDA,hz4,P7,0.13871215280430535
dmnelf012,PDA,hz4,P8,0.19775490217837868
dmnelf012,PDA,hz4,Fz,0.1690835389573109
dmnelf012,PDA,hz4,Cz,0.24525945900559795
dmnelf012,PDA,hz4,Pz,0.4061736411652132
dmnelf012,PDA,hz4,Oz,0.2376064149819869
dmnelf012,PDA,hz4,FC1,0.12520844400483358
dmnelf012,PDA,hz4,FC2,0.10447032571861117
dmnelf012,PDA,hz4,CP1,0.17974408525177804
dmnelf012,PDA,hz4,CP2,0.2163129952956877
dmnelf012,PDA,hz4,FC5,0.12711352571676113
dmnelf012,PDA,hz4,FC6,0.01524196258650573
dmnelf012,PDA,hz4,CP5,0.135911742860932
dmnelf012,PDA,hz4,CP6,0.15131227023170424
dmnelf012,PDA,hz4,TP9,0.09091752718969588
dmnelf012,PDA,hz4,TP10,0.18864045158946763
dmnelf012,PDA,hz4,POz,0.4209242730090325
dmnelf013,PDA,hz4,Fp1,0.12251497195015762
dmnelf013,PDA,hz4,Fp2,0.08393699779794045
dmnelf013,PDA,hz4,F3,0.17545959903903022
dmnelf013,PDA,hz4,F4,0.23007483133173623
dmnelf013,PDA,hz4,C3,0.16021054907169563
dmnelf013,PDA,hz4,C4,0.16552741428152937
dmnelf013,PDA,hz4,P3,0.22707112119404632
dmnelf013,PDA,hz4,P4,0.27701412266141107
dmnelf013,PDA,hz4,O1,0.2628809653935469
dmnelf013,PDA,hz4,O2,0.18672973608556082
dmnelf013,PDA,hz4,F7,0.2846168367876944
dmnelf013,PDA,hz4,F8,0.21717042740015474
dmnelf013,PDA,hz4,T7,0.23894292346794183
dmnelf013,PDA,hz4,T8,0.2658374192520146
dmnelf013,PDA,hz4,P7,0.2518144235109718
dmnelf013,PDA,hz4,P8,0.2057130430679999
dmnelf013,PDA,hz4,Fz,0.1643210485104473
dmnelf013,PDA,hz4,Cz,0.2319557421041897
dmnelf013,PDA,hz4,Pz,0.03124287079709625
dmnelf013,PDA,hz4,Oz,0.21946145884026855
dmnelf013,PDA,hz4,FC1,0.2671137779187284
dmnelf013,PDA,hz4,FC2,0.10310869987030319
dmnelf013,PDA,hz4,CP1,0.09979094675352616
dmnelf013,PDA,hz4,CP2,0.2991662359179639
dmnelf013,PDA,hz4,FC5,0.34251720795704
dmnelf013,PDA,hz4,FC6,0.2698171511115926
dmnelf013,PDA,hz4,CP5,0.23463225539334212
dmnelf013,PDA,hz4,CP6,0.20626249745006991
dmnelf013,PDA,hz4,TP9,0.2811913728685815
dmnelf013,PDA,hz4,TP10,0.2942342195667132
dmnelf013,PDA,hz4,POz,0.3338574915902619
dmnelf014,PDA,hz4,Fp1,0.07426392996240709
dmnelf014,PDA,hz4,Fp2,0.11371948947450222
dmnelf014,PDA,hz4,F3,-0.01688687323970678
dmnelf014,PDA,hz4,F4,0.09654462138248696
dmnelf014,PDA,hz4,C3,-0.028632997049598166
dmnelf014,PDA,hz4,C4,0.0489978594879088
dmnelf014,PDA,hz4,P3,0.10655268213376912
dmnelf014,PDA,hz4,P4,0.023154087807782227
dmnelf014,PDA,hz4,O1,0.18339217682398395
dmnelf014,PDA,hz4,O2,0.1252046869465314
dmnelf014,PDA,hz4,F7,-0.06880393336218804
dmnelf014,PDA,hz4,F8,0.16671823805456257
dmnelf014,PDA,hz4,T7,-0.07663514218460055
dmnelf014,PDA,hz4,T8,-0.041836597061140436
dmnelf014,PDA,hz4,P7,0.0006632724494098075
dmnelf014,PDA,hz4,P8,0.04071878465200632
dmnelf014,PDA,hz4,Fz,0.03138902366219015
dmnelf014,PDA,hz4,Cz,0.0943527588498698
dmnelf014,PDA,hz4,Pz,-0.03473152458751892
dmnelf014,PDA,hz4,Oz,-0.0171607388487304
dmnelf014,PDA,hz4,FC1,-0.07165665799568352
dmnelf014,PDA,hz4,FC2,0.11690733948480536
dmnelf014,PDA,hz4,CP1,0.1780944189695139
dmnelf014,PDA,hz4,CP2,0.17347646584645732
dmnelf014,PDA,hz4,FC5,0.0022491098447419075
dmnelf014,PDA,hz4,FC6,-0.008488013723672555
dmnelf014,PDA,hz4,CP5,0.09010611602597285
dmnelf014,PDA,hz4,CP6,-0.06652947571122632
dmnelf014,PDA,hz4,TP9,0.14628099638789355
dmnelf014,PDA,hz4,TP10,-0.1150563011530232
dmnelf014,PDA,hz4,POz,0.10593121158291464
dmnelf015,PDA,hz4,Fp1,0.3795129128394042
dmnelf015,PDA,hz4,Fp2,0.32357706683399956
dmnelf015,PDA,hz4,F3,0.31574324515110513
dmnelf015,PDA,hz4,F4,0.4052356862113646
dmnelf015,PDA,hz4,C3,0.322508081472208
dmnelf015,PDA,hz4,C4,0.019779531875842596
dmnelf015,PDA,hz4,P3,0.48291649901923084
dmnelf015,PDA,hz4,P4,0.44430789961760336
dmnelf015,PDA,hz4,O1,0.5673425755212947
dmnelf015,PDA,hz4,O2,0.5259939985607385
dmnelf015,PDA,hz4,F7,0.4063764174844401
dmnelf015,PDA,hz4,F8,0.45149797281721565
dmnelf015,PDA,hz4,T7,0.40158357805210787
dmnelf015,PDA,hz4,T8,0.36849533045893074
dmnelf015,PDA,hz4,P7,0.5349764878300844
dmnelf015,PDA,hz4,P8,0.489185285038657
dmnelf015,PDA,hz4,Fz,0.37133255594716275
dmnelf015,PDA,hz4,Cz,0.4846096626087196
dmnelf015,PDA,hz4,Pz,0.480927528980246
dmnelf015,PDA,hz4,Oz,0.5575878554495094
dmnelf015,PDA,hz4,FC1,0.5022276401021228
dmnelf015,PDA,hz4,FC2,0.392311756957878
dmnelf015,PDA,hz4,CP1,0.39888665106254656
dmnelf015,PDA,hz4,CP2,0.48388336384288544
dmnelf015,PDA,hz4,FC5,0.40609712600952663
dmnelf015,PDA,hz4,FC6,0.37867169604744955
dmnelf015,PDA,hz4,CP5,0.27001103051485736
dmnelf015,PDA,hz4,CP6,0.4880407678668229
dmnelf015,PDA,hz4,TP9,0.4317355484186331
dmnelf015,PDA,hz4,TP10,0.4215702925647753
dmnelf015,PDA,hz4,POz,0.45213482400348853
dmnelf1001,PDA,hz4,Fp1,0.0625375737860139
dmnelf1001,PDA,hz4,Fp2,-0.09705938222982122
dmnelf1001,PDA,hz4,F3,0.1176735402080079
dmnelf1001,PDA,hz4,F4,0.03506961562453852
dmnelf1001,PDA,hz4,C3,-0.02543362297341558
dmnelf1001,PDA,hz4,C4,0.016607956494956916
dmnelf1001,PDA,hz4,P3,-0.02505108224839383
dmnelf1001,PDA,hz4,P4,-0.05316457456898242
dmnelf1001,PDA,hz4,O1,0.01732593851163157
dmnelf1001,PDA,hz4,O2,0.09651277062909602
dmnelf1001,PDA,hz4,F7,0.05185799114909343
dmnelf1001,PDA,hz4,F8,0.03812148564242044
dmnelf1001,PDA,hz4,T7,0.18487139762428717
dmnelf1001,PDA,hz4,T8,-0.13443134961544956
dmnelf1001,PDA,hz4,P7,-0.008879348118037172
dmnelf1001,PDA,hz4,P8,-0.03961486036874294
dmnelf1001,PDA,hz4,Fz,0.1097156605032064
dmnelf1001,PDA,hz4,Cz,-0.02138010633639717
dmnelf1001,PDA,hz4,Pz,0.2653823762080504
dmnelf1001,PDA,hz4,Oz,0.0074569899840454396
dmnelf1001,PDA,hz4,FC1,0.027938625150394098
dmnelf1001,PDA,hz4,FC2,0.09757465098452395
dmnelf1001,PDA,hz4,CP1,0.006520348051492656
dmnelf1001,PDA,hz4,CP2,0.07026164279911853
dmnelf1001,PDA,hz4,FC5,0.09759955430312997
dmnelf1001,PDA,hz4,FC6,0.1142425307358033
dmnelf1001,PDA,hz4,CP5,0.07273456225226904
dmnelf1001,PDA,hz4,CP6,-0.03949277767028792
dmnelf1001,PDA,hz4,TP9,0.06380263561394758
dmnelf1001,PDA,hz4,TP10,0.005236129440030213
dmnelf1001,PDA,hz4,POz,-0.06413313636599392
dmnelf1002,PDA,hz4,Fp1,0.11411563248942305
dmnelf1002,PDA,hz4,Fp2,0.17913534198366743
dmnelf1002,PDA,hz4,F3,-0.015603885378792707
dmnelf1002,PDA,hz4,F4,0.06884070904444137
dmnelf1002,PDA,hz4,C3,0.15828717458823377
dmnelf1002,PDA,hz4,C4,0.2536294251239168
dmnelf1002,PDA,hz4,P3,0.11078633783128838
dmnelf1002,PDA,hz4,P4,0.11939706012889408
dmnelf1002,PDA,hz4,O1,0.09563587809992621
dmnelf1002,PDA,hz4,O2,-0.02105079270334538
dmnelf1002,PDA,hz4,F7,0.267927459376935
dmnelf1002,PDA,hz4,F8,0.17804710628040876
dmnelf1002,PDA,hz4,T7,0.10723076063465392
dmnelf1002,PDA,hz4,T8,0.10969790085495236
dmnelf1002,PDA,hz4,P7,0.08579198189976028
dmnelf1002,PDA,hz4,P8,0.006853099099689945
dmnelf1002,PDA,hz4,Fz,0.10535809764401877
dmnelf1002,PDA,hz4,Cz,0.16323769800856874
dmnelf1002,PDA,hz4,Pz,-0.008404419867493268
dmnelf1002,PDA,hz4,Oz,0.03952207939175834
dmnelf1002,PDA,hz4,FC1,0.1279176813643273
dmnelf1002,PDA,hz4,FC2,-0.010458456081880582
dmnelf1002,PDA,hz4,CP1,0.19939851861015676
dmnelf1002,PDA,hz4,CP2,0.1056360739094385
dmnelf1002,PDA,hz4,FC5,0.27361711479782863
dmnelf1002,PDA,hz4,FC6,0.12659071061590121
dmnelf1002,PDA,hz4,CP5,0.12428183655793094
dmnelf1002,PDA,hz4,CP6,0.18955783192500011
dmnelf1002,PDA,hz4,TP9,0.029736046825916032
dmnelf1002,PDA,hz4,TP10,0.019896132230478494
dmnelf1002,PDA,hz4,POz,0.07510147216242173
dmnelf1003,PDA,hz4,Fp1,0.16038744401490884
dmnelf1003,PDA,hz4,Fp2,0.2642920340852252
dmnelf1003,PDA,hz4,F3,0.081227231935257
dmnelf1003,PDA,hz4,F4,-0.023192613557321703
dmnelf1003,PDA,hz4,C3,0.3143143138327719
dmnelf1003,PDA,hz4,C4,0.004415075290390397
dmnelf1003,PDA,hz4,P3,0.237052297720575
dmnelf1003,PDA,hz4,P4,0.012618648212031722
dmnelf1003,PDA,hz4,O1,-0.0073535972891072485
dmnelf1003,PDA,hz4,O2,0.022033494969009998
dmnelf1003,PDA,hz4,F7,0.019527875975728214
dmnelf1003,PDA,hz4,F8,0.019508702076326708
dmnelf1003,PDA,hz4,T7,0.008470079050374509
dmnelf1003,PDA,hz4,T8,0.058528921446592864
dmnelf1003,PDA,hz4,P7,0.2035788613316218
dmnelf1003,PDA,hz4,P8,0.060892248733497856
dmnelf1003,PDA,hz4,Fz,-0.11467116954620811
dmnelf1003,PDA,hz4,Cz,0.2121482947220072
dmnelf1003,PDA,hz4,Pz,0.1548803259234653
dmnelf1003,PDA,hz4,Oz,0.0335833094168253
dmnelf1003,PDA,hz4,FC1,0.15120638488019883
dmnelf1003,PDA,hz4,FC2,-0.04563284204966351
dmnelf1003,PDA,hz4,CP1,0.28986471784868106
dmnelf1003,PDA,hz4,CP2,0.14518859844234222
dmnelf1003,PDA,hz4,FC5,0.11431797826189583
dmnelf1003,PDA,hz4,FC6,0.07709965026118816
dmnelf1003,PDA,hz4,CP5,0.23257581536545935
dmnelf1003,PDA,hz4,CP6,-0.041478714194713676
dmnelf1003,PDA,hz4,TP9,-0.11616337772101809
dmnelf1003,PDA,hz4,TP10,-0.15395284304707166
dmnelf1003,PDA,hz4,POz,-0.07328207609962654
dmnelf001,GSR_DMN,hz4,Fp1,-0.0263710656835187
dmnelf001,GSR_DMN,hz4,Fp2,-0.09372470830535166
dmnelf001,GSR_DMN,hz4,F3,0.0875145557382662
dmnelf001,GSR_DMN,hz4,F4,-0.013011325677714465
dmnelf001,GSR_DMN,hz4,C3,0.08122725732437049
dmnelf001,GSR_DMN,hz4,C4,-0.050004645070074294
dmnelf001,GSR_DMN,hz4,P3,0.1877923228016811
dmnelf001,GSR_DMN,hz4,P4,0.06051191601143509
dmnelf001,GSR_DMN,hz4,O1,0.25571653092694374
dmnelf001,GSR_DMN,hz4,O2,0.2350325232452472
dmnelf001,GSR_DMN,hz4,F7,0.042584941476851434
dmnelf001,GSR_DMN,hz4,F8,0.010795126190116366
dmnelf001,GSR_DMN,hz4,T7,0.002158168204582006
dmnelf001,GSR_DMN,hz4,T8,-0.008780404461966207
dmnelf001,GSR_DMN,hz4,P7,0.11974359901991377
dmnelf001,GSR_DMN,hz4,P8,0.031519103385436065
dmnelf001,GSR_DMN,hz4,Fz,0.0498455059788036
dmnelf001,GSR_DMN,hz4,Cz,0.33216098851990095
dmnelf001,GSR_DMN,hz4,Pz,0.3659613611703922
dmnelf001,GSR_DMN,hz4,Oz,0.12933489984184532
dmnelf001,GSR_DMN,hz4,FC1,0.079881035383741
dmnelf001,GSR_DMN,hz4,FC2,0.17423475174064823
dmnelf001,GSR_DMN,hz4,CP1,0.1733194539820603
dmnelf001,GSR_DMN,hz4,CP2,0.09332568695903197
dmnelf001,GSR_DMN,hz4,FC5,0.02421316055746986
dmnelf001,GSR_DMN,hz4,FC6,-0.08096860919133708
dmnelf001,GSR_DMN,hz4,CP5,-0.027529963047702378
dmnelf001,GSR_DMN,hz4,CP6,0.013795990922051166
dmnelf001,GSR_DMN,hz4,TP9,-0.012593066350128879
dmnelf001,GSR_DMN,hz4,TP10,0.09521948734538116
dmnelf001,GSR_DMN,hz4,POz,0.3110656522903231
dmnelf004,GSR_DMN,hz4,Fp1,-0.10082881705438791
dmnelf004,GSR_DMN,hz4,Fp2,-0.17314751582219212
dmnelf004,GSR_DMN,hz4,F3,-0.09037347977137776
dmnelf004,GSR_DMN,hz4,F4,-0.07971681236536596
dmnelf004,GSR_DMN,hz4,C3,-0.14346442225322828
dmnelf004,GSR_DMN,hz4,C4,0.12135128169067153
dmnelf004,GSR_DMN,hz4,P3,-0.22303437869516018
dmnelf004,GSR_DMN,hz4,P4,-0.046620044168941915
dmnelf004,GSR_DMN,hz4,O1,-0.02888966755266288
dmnelf004,GSR_DMN,hz4,O2,-0.1310707436365602
dmnelf004,GSR_DMN,hz4,F7,-0.11489144633989798
dmnelf004,GSR_DMN,hz4,F8,-0.2566301342517253
dmnelf004,GSR_DMN,hz4,T7,-0.1271003051063373
dmnelf004,GSR_DMN,hz4,T8,0.042548099614293705
dmnelf004,GSR_DMN,hz4,P7,-0.04097517045724684
dmnelf004,GSR_DMN,hz4,P8,-0.015213433061575053
dmnelf004,GSR_DMN,hz4,Fz,0.0645731976043554
dmnelf004,GSR_DMN,hz4,Cz,0.45596941205457503
dmnelf004,GSR_DMN,hz4,Pz,0.12224370835995546
dmnelf004,GSR_DMN,hz4,Oz,0.09429243123793922
dmnelf004,GSR_DMN,hz4,FC1,0.09273849983936211
dmnelf004,GSR_DMN,hz4,FC2,0.1468221877911441
dmnelf004,GSR_DMN,hz4,CP1,-0.07236516406837905
dmnelf004,GSR_DMN,hz4,CP2,0.15057965748522692
dmnelf004,GSR_DMN,hz4,FC5,0.11048424869628053
dmnelf004,GSR_DMN,hz4,FC6,0.007930343872231689
dmnelf004,GSR_DMN,hz4,CP5,0.10367059199378342
dmnelf004,GSR_DMN,hz4,CP6,0.014086537236327148
dmnelf004,GSR_DMN,hz4,TP9,-0.28909257892196283
dmnelf004,GSR_DMN,hz4,TP10,0.10105921370902508
dmnelf004,GSR_DMN,hz4,POz,0.06780534491708132
dmnelf005,GSR_DMN,hz4,Fp1,0.13389531416077444
dmnelf005,GSR_DMN,hz4,Fp2,0.11568865806960886
dmnelf005,GSR_DMN,hz4,F3,0.11536865642333619
dmnelf005,GSR_DMN,hz4,F4,0.10798866204447782
dmnelf005,GSR_DMN,hz4,C3,0.17928455438596702
dmnelf005,GSR_DMN,hz4,C4,0.12815290997309328
dmnelf005,GSR_DMN,hz4,P3,0.1743848287254302
dmnelf005,GSR_DMN,hz4,P4,0.3100417711544613
dmnelf005,GSR_DMN,hz4,O1,0.16447480015951688
dmnelf005,GSR_DMN,hz4,O2,0.1594286088143132
dmnelf005,GSR_DMN,hz4,F7,0.13851498191395276
dmnelf005,GSR_DMN,hz4,F8,0.10962094827332121
dmnelf005,GSR_DMN,hz4,T7,0.08119385040721125
dmnelf005,GSR_DMN,hz4,T8,0.12732787800590314
dmnelf005,GSR_DMN,hz4,P7,0.22796819688479214
dmnelf005,GSR_DMN,hz4,P8,0.2408870185220805
dmnelf005,GSR_DMN,hz4,Fz,0.18280705486949256
dmnelf005,GSR_DMN,hz4,Cz,0.15717113804984142
dmnelf005,GSR_DMN,hz4,Pz,0.1111121302646662
dmnelf005,GSR_DMN,hz4,Oz,0.15135664112986286
dmnelf005,GSR_DMN,hz4,FC1,0.20995112311803232
dmnelf005,GSR_DMN,hz4,FC2,0.23042142916209124
dmnelf005,GSR_DMN,hz4,CP1,0.19570904354213553
dmnelf005,GSR_DMN,hz4,CP2,0.13046466872412152
dmnelf005,GSR_DMN,hz4,FC5,0.1048361170304439
dmnelf005,GSR_DMN,hz4,FC6,0.16301966513189384
dmnelf005,GSR_DMN,hz4,CP5,0.13649033754680376
dmnelf005,GSR_DMN,hz4,CP6,0.21228419835081927
dmnelf005,GSR_DMN,hz4,TP9,0.16578545121201332
dmnelf005,GSR_DMN,hz4,TP10,0.23116339897049498
dmnelf005,GSR_DMN,hz4,POz,0.24518432511523647
dmnelf006,GSR_DMN,hz4,Fp1,-0.03365790359134846
dmnelf006,GSR_DMN,hz4,Fp2,0.10096507940165209
dmnelf006,GSR_DMN,hz4,F3,0.00774841753551337
dmnelf006,GSR_DMN,hz4,F4,0.08939039045430583
dmnelf006,GSR_DMN,hz4,C3,-0.0754870785040467
dmnelf006,GSR_DMN,hz4,C4,-0.12318290289316566
dmnelf006,GSR_DMN,hz4,P3,0.05190993926199346
dmnelf006,GSR_DMN,hz4,P4,0.07888447386198551
dmnelf006,GSR_DMN,hz4,O1,0.35455443749976623
dmnelf006,GSR_DMN,hz4,O2,0.30089852651603016
dmnelf006,GSR_DMN,hz4,F7,0.16705514898477708
dmnelf006,GSR_DMN,hz4,F8,-0.01302018984874953
dmnelf006,GSR_DMN,hz4,T7,0.12565135322344745
dmnelf006,GSR_DMN,hz4,T8,0.12532236833735277
dmnelf006,GSR_DMN,hz4,P7,0.26277979385757255
dmnelf006,GSR_DMN,hz4,P8,-0.015190993178163026
dmnelf006,GSR_DMN,hz4,Fz,0.034709216794999456
dmnelf006,GSR_DMN,hz4,Cz,0.06790054393349171
dmnelf006,GSR_DMN,hz4,Pz,-0.023397137988738506
dmnelf006,GSR_DMN,hz4,Oz,0.23186373904996901
dmnelf006,GSR_DMN,hz4,FC1,0.006778266407157452
dmnelf006,GSR_DMN,hz4,FC2,-0.011484006399518161
dmnelf006,GSR_DMN,hz4,CP1,-0.021557772261153955
dmnelf006,GSR_DMN,hz4,CP2,-0.02794871446232712
dmnelf006,GSR_DMN,hz4,FC5,-0.030011713607379566
dmnelf006,GSR_DMN,hz4,FC6,0.009165235978961347
dmnelf006,GSR_DMN,hz4,CP5,0.04088716230638101
dmnelf006,GSR_DMN,hz4,CP6,-0.06405796736415723
dmnelf006,GSR_DMN,hz4,TP9,0.17268059986033132
dmnelf006,GSR_DMN,hz4,TP10,0.0774069796387134
dmnelf006,GSR_DMN,hz4,POz,-0.10683959060751162
dmnelf007,GSR_DMN,hz4,Fp1,0.14814559830679494
dmnelf007,GSR_DMN,hz4,Fp2,0.009646882830475573
dmnelf007,GSR_DMN,hz4,F3,-0.19187286722032226
dmnelf007,GSR_DMN,hz4,F4,0.034878625400068794
dmnelf007,GSR_DMN,hz4,C3,0.01398884230772135
dmnelf007,GSR_DMN,hz4,C4,-0.20633095189769696
dmnelf007,GSR_DMN,hz4,P3,-0.013511409430319483
dmnelf007,GSR_DMN,hz4,P4,0.07998704449523314
dmnelf007,GSR_DMN,hz4,O1,0.08200560680812932
dmnelf007,GSR_DMN,hz4,O2,0.029198327863334747
dmnelf007,GSR_DMN,hz4,F7,-0.22165839460802048
dmnelf007,GSR_DMN,hz4,F8,0.1259502453648012
dmnelf007,GSR_DMN,hz4,T7,-0.05406380121332827
dmnelf007,GSR_DMN,hz4,T8,0.050952217026075185
dmnelf007,GSR_DMN,hz4,P7,-0.0009065646615670584
dmnelf007,GSR_DMN,hz4,P8,0.012163487976812479
dmnelf007,GSR_DMN,hz4,Fz,0.13565710092254057
dmnelf007,GSR_DMN,hz4,Cz,0.0766919109426342
dmnelf007,GSR_DMN,hz4,Pz,-0.05682461043215688
dmnelf007,GSR_DMN,hz4,Oz,0.09411795705687889
dmnelf007,GSR_DMN,hz4,FC1,0.06181528603814499
dmnelf007,GSR_DMN,hz4,FC2,0.08438803787459434
dmnelf007,GSR_DMN,hz4,CP1,0.08798604154434778
dmnelf007,GSR_DMN,hz4,CP2,-0.18232122155581515
dmnelf007,GSR_DMN,hz4,FC5,-0.22005694211248056
dmnelf007,GSR_DMN,hz4,FC6,0.04952248964560173
dmnelf007,GSR_DMN,hz4,CP5,-0.12412413676436104
dmnelf007,GSR_DMN,hz4,CP6,-0.03770463826323818
dmnelf007,GSR_DMN,hz4,TP9,-0.012010543446681045
dmnelf007,GSR_DMN,hz4,TP10,-0.01479530065146007
dmnelf007,GSR_DMN,hz4,POz,0.036680502481555605
dmnelf008,GSR_DMN,hz4,Fp1,0.13464014632755522
dmnelf008,GSR_DMN,hz4,Fp2,0.03630792403065989
dmnelf008,GSR_DMN,hz4,F3,0.20555932095236773
dmnelf008,GSR_DMN,hz4,F4,0.0749772555665096
dmnelf008,GSR_DMN,hz4,C3,-0.006935518101948071
dmnelf008,GSR_DMN,hz4,C4,-0.10617740741623406
dmnelf008,GSR_DMN,hz4,P3,0.019674528283073003
dmnelf008,GSR_DMN,hz4,P4,0.18405965947217784
dmnelf008,GSR_DMN,hz4,O1,0.12984195186137498
dmnelf008,GSR_DMN,hz4,O2,0.2053943874440814
dmnelf008,GSR_DMN,hz4,F7,0.1753490893331683
dmnelf008,GSR_DMN,hz4,F8,-0.003537342135807038
dmnelf008,GSR_DMN,hz4,T7,-0.0259431717848202
dmnelf008,GSR_DMN,hz4,T8,0.03237827782035545
dmnelf008,GSR_DMN,hz4,P7,-0.07521000922269126
dmnelf008,GSR_DMN,hz4,P8,0.12622022968258903
dmnelf008,GSR_DMN,hz4,Fz,-0.016261977361268207
dmnelf008,GSR_DMN,hz4,Cz,-0.02447255586050875
dmnelf008,GSR_DMN,hz4,Pz,0.07409635524109309
dmnelf008,GSR_DMN,hz4,Oz,0.11588973662027297
dmnelf008,GSR_DMN,hz4,FC1,-0.0052053801796460505
dmnelf008,GSR_DMN,hz4,FC2,-0.0012647396358858032
dmnelf008,GSR_DMN,hz4,CP1,0.015144332120809168
dmnelf008,GSR_DMN,hz4,CP2,-0.04357621561446018
dmnelf008,GSR_DMN,hz4,FC5,0.1860056866620537
dmnelf008,GSR_DMN,hz4,FC6,0.046129432035520425
dmnelf008,GSR_DMN,hz4,CP5,0.05589025646423824
dmnelf008,GSR_DMN,hz4,CP6,0.10005608294887174
dmnelf008,GSR_DMN,hz4,TP9,0.10928932938347019
dmnelf008,GSR_DMN,hz4,TP10,0.08187067824219112
dmnelf008,GSR_DMN,hz4,POz,0.09013356067770978
dmnelf009,GSR_DMN,hz4,Fp1,-0.04577533460092549
dmnelf009,GSR_DMN,hz4,Fp2,-0.18509105193180475
dmnelf009,GSR_DMN,hz4,F3,0.044372749610635726
dmnelf009,GSR_DMN,hz4,F4,-0.18192560805191466
dmnelf009,GSR_DMN,hz4,C3,0.03508190487973714
dmnelf009,GSR_DMN,hz4,C4,0.054723758168044985
dmnelf009,GSR_DMN,hz4,P3,-0.05921889120831942
dmnelf009,GSR_DMN,hz4,P4,0.06006813225918044
dmnelf009,GSR_DMN,hz4,O1,-0.0777064718637615
dmnelf009,GSR_DMN,hz4,O2,0.05295110390445937
dmnelf009,GSR_DMN,hz4,F7,0.2152692955152692
dmnelf009,GSR_DMN,hz4,F8,-0.03888159346034992
dmnelf009,GSR_DMN,hz4,T7,0.04774166176173306
dmnelf009,GSR_DMN,hz4,T8,0.051795901907949235
dmnelf009,GSR_DMN,hz4,P7,-0.022388538359393334
dmnelf009,GSR_DMN,hz4,P8,0.08849985645422362
dmnelf009,GSR_DMN,hz4,Fz,-0.13580139060875263
dmnelf009,GSR_DMN,hz4,Cz,0.2645840748547141
dmnelf009,GSR_DMN,hz4,Pz,0.07744432281933478
dmnelf009,GSR_DMN,hz4,Oz,-0.08482607311954304
dmnelf009,GSR_DMN,hz4,FC1,0.011104685814495606
dmnelf009,GSR_DMN,hz4,FC2,-0.04579824537331933
dmnelf009,GSR_DMN,hz4,CP1,0.06625932396878446
dmnelf009,GSR_DMN,hz4,CP2,0.16538411036245096
dmnelf009,GSR_DMN,hz4,FC5,0.1137156209854262
dmnelf009,GSR_DMN,hz4,FC6,-0.09913127625105561
dmnelf009,GSR_DMN,hz4,CP5,0.022937276860251418
dmnelf009,GSR_DMN,hz4,CP6,0.13806712362262424
dmnelf009,GSR_DMN,hz4,TP9,0.03466808087606794
dmnelf009,GSR_DMN,hz4,TP10,0.1533982475114263
dmnelf009,GSR_DMN,hz4,POz,0.05799842349299465
dmnelf010,GSR_DMN,hz4,Fp1,0.25762721283036805
dmnelf010,GSR_DMN,hz4,Fp2,0.1632544402413541
dmnelf010,GSR_DMN,hz4,F3,0.21834508435007802
dmnelf010,GSR_DMN,hz4,F4,0.3101966017322484
dmnelf010,GSR_DMN,hz4,C3,0.3033864302871273
dmnelf010,GSR_DMN,hz4,C4,0.14453737403140754
dmnelf010,GSR_DMN,hz4,P3,0.3453164077170796
dmnelf010,GSR_DMN,hz4,P4,0.3355691381574385
dmnelf010,GSR_DMN,hz4,O1,0.20724268344970623
dmnelf010,GSR_DMN,hz4,O2,0.12208593900808304
dmnelf010,GSR_DMN,hz4,F7,0.2743372653529559
dmnelf010,GSR_DMN,hz4,F8,0.23021535050608058
dmnelf010,GSR_DMN,hz4,T7,0.24015931010466388
dmnelf010,GSR_DMN,hz4,T8,0.1415212957630784
dmnelf010,GSR_DMN,hz4,P7,0.24607448561994463
dmnelf010,GSR_DMN,hz4,P8,0.2693731110587724
dmnelf010,GSR_DMN,hz4,Fz,0.25959932544126463
dmnelf010,GSR_DMN,hz4,Cz,0.31742271614219175
dmnelf010,GSR_DMN,hz4,Pz,0.21593615674871758
dmnelf010,GSR_DMN,hz4,Oz,0.15310102565659717
dmnelf010,GSR_DMN,hz4,FC1,0.4104380036297409
dmnelf010,GSR_DMN,hz4,FC2,0.2638636343060155
dmnelf010,GSR_DMN,hz4,CP1,0.3429359912736444
dmnelf010,GSR_DMN,hz4,CP2,0.08231136470152811
dmnelf010,GSR_DMN,hz4,FC5,0.3307057564683864
dmnelf010,GSR_DMN,hz4,FC6,0.17142005409609967
dmnelf010,GSR_DMN,hz4,CP5,0.33144510980035424
dmnelf010,GSR_DMN,hz4,CP6,0.30463343597865883
dmnelf010,GSR_DMN,hz4,TP9,0.267135176834307
dmnelf010,GSR_DMN,hz4,TP10,0.24872761784308361
dmnelf010,GSR_DMN,hz4,POz,0.09666486441419606
dmnelf011,GSR_DMN,hz4,Fp1,0.1111371414132932
dmnelf011,GSR_DMN,hz4,Fp2,0.016093029549318374
dmnelf011,GSR_DMN,hz4,F3,0.018857705272048237
dmnelf011,GSR_DMN,hz4,F4,-0.036700621614611045
dmnelf011,GSR_DMN,hz4,C3,-0.002213843249206815
dmnelf011,GSR_DMN,hz4,C4,-0.010835852177686622
dmnelf011,GSR_DMN,hz4,P3,-0.011335301751912233
dmnelf011,GSR_DMN,hz4,P4,0.16324978174282218
dmnelf011,GSR_DMN,hz4,O1,0.07047252702230167
dmnelf011,GSR_DMN,hz4,O2,0.21188287374465958
dmnelf011,GSR_DMN,hz4,F7,0.059879609714512054
dmnelf011,GSR_DMN,hz4,F8,-0.04786222131637067
dmnelf011,GSR_DMN,hz4,T7,-0.0372383948910195
dmnelf011,GSR_DMN,hz4,T8,0.00013071415847505652
dmnelf011,GSR_DMN,hz4,P7,-0.06024910990221146
dmnelf011,GSR_DMN,hz4,P8,0.13070327827794967
dmnelf011,GSR_DMN,hz4,Fz,0.004321871465248683
dmnelf011,GSR_DMN,hz4,Cz,0.06748771288634145
dmnelf011,GSR_DMN,hz4,Pz,0.09631849447157922
dmnelf011,GSR_DMN,hz4,Oz,0.17172140462760255
dmnelf011,GSR_DMN,hz4,FC1,0.13873262796119964
dmnelf011,GSR_DMN,hz4,FC2,-0.07248841001756763
dmnelf011,GSR_DMN,hz4,CP1,0.08919318364292342
dmnelf011,GSR_DMN,hz4,CP2,0.013709547924968764
dmnelf011,GSR_DMN,hz4,FC5,0.006280945304492941
dmnelf011,GSR_DMN,hz4,FC6,-0.06309897009107351
dmnelf011,GSR_DMN,hz4,CP5,-0.026003091996890125
dmnelf011,GSR_DMN,hz4,CP6,0.16403068861596207
dmnelf011,GSR_DMN,hz4,TP9,-0.06821581963469947
dmnelf011,GSR_DMN,hz4,TP10,0.05414225970528447
dmnelf011,GSR_DMN,hz4,POz,0.20740990739429574
dmnelf012,GSR_DMN,hz4,Fp1,0.07048579398448931
dmnelf012,GSR_DMN,hz4,Fp2,0.06002636526505011
dmnelf012,GSR_DMN,hz4,F3,0.0569729262094968
dmnelf012,GSR_DMN,hz4,F4,-0.012550585695513955
dmnelf012,GSR_DMN,hz4,C3,-0.01536269957484122
dmnelf012,GSR_DMN,hz4,C4,0.08372077123094572
dmnelf012,GSR_DMN,hz4,P3,-0.026022398973073596
dmnelf012,GSR_DMN,hz4,P4,-0.03309548683369197
dmnelf012,GSR_DMN,hz4,O1,0.16610976261331456
dmnelf012,GSR_DMN,hz4,O2,0.01360576400190882
dmnelf012,GSR_DMN,hz4,F7,0.026631263626377112
dmnelf012,GSR_DMN,hz4,F8,0.050845238012433576
dmnelf012,GSR_DMN,hz4,T7,-0.01219793291697848
dmnelf012,GSR_DMN,hz4,T8,0.11761587734304046
dmnelf012,GSR_DMN,hz4,P7,0.0923078612070568
dmnelf012,GSR_DMN,hz4,P8,0.05643349447193
dmnelf012,GSR_DMN,hz4,Fz,0.03150045087277921
dmnelf012,GSR_DMN,hz4,Cz,0.11277887692331928
dmnelf012,GSR_DMN,hz4,Pz,-0.09222492170577572
dmnelf012,GSR_DMN,hz4,Oz,0.027385392936716366
dmnelf012,GSR_DMN,hz4,FC1,-0.07844375872866807
dmnelf012,GSR_DMN,hz4,FC2,0.1537216618241041
dmnelf012,GSR_DMN,hz4,CP1,0.04064416863842334
dmnelf012,GSR_DMN,hz4,CP2,-0.08176248302811383
dmnelf012,GSR_DMN,hz4,FC5,0.014531753187393193
dmnelf012,GSR_DMN,hz4,FC6,0.005824530354921937
dmnelf012,GSR_DMN,hz4,CP5,0.05444161842461377
dmnelf012,GSR_DMN,hz4,CP6,0.03340532275165663
dmnelf012,GSR_DMN,hz4,TP9,0.08819577733281639
dmnelf012,GSR_DMN,hz4,TP10,0.05462831176025388
dmnelf012,GSR_DMN,hz4,POz,-0.0779561046030148
dmnelf013,GSR_DMN,hz4,Fp1,-0.1478183702017486
dmnelf013,GSR_DMN,hz4,Fp2,-0.1780136730618695
dmnelf013,GSR_DMN,hz4,F3,-0.1061024479889297
dmnelf013,GSR_DMN,hz4,F4,-0.05198219362052922
dmnelf013,GSR_DMN,hz4,C3,0.029772565463225858
dmnelf013,GSR_DMN,hz4,C4,-0.14808535956988766
dmnelf013,GSR_DMN,hz4,P3,-0.09922605781924228
dmnelf013,GSR_DMN,hz4,P4,-0.014366716606333124
dmnelf013,GSR_DMN,hz4,O1,0.007755286361142574
dmnelf013,GSR_DMN,hz4,O2,-0.11018382232144897
dmnelf013,GSR_DMN,hz4,F7,-0.08773364497103428
dmnelf013,GSR_DMN,hz4,F8,-0.08320478080904083
dmnelf013,GSR_DMN,hz4,T7,-0.03120612784266922
dmnelf013,GSR_DMN,hz4,T8,-0.019073015036476286
dmnelf013,GSR_DMN,hz4,P7,-0.08487352156656994
dmnelf013,GSR_DMN,hz4,P8,0.028183024824209216
dmnelf013,GSR_DMN,hz4,Fz,-0.14420580364624794
dmnelf013,GSR_DMN,hz4,Cz,0.09082565209885998
dmnelf013,GSR_DMN,hz4,Pz,-0.20587529600800314
dmnelf013,GSR_DMN,hz4,Oz,-0.047031133865753014
dmnelf013,GSR_DMN,hz4,FC1,-0.02499835744282243
dmnelf013,GSR_DMN,hz4,FC2,-0.1581865684656619
dmnelf013,GSR_DMN,hz4,CP1,-0.1101740453129784
dmnelf013,GSR_DMN,hz4,CP2,0.011144241772461996
dmnelf013,GSR_DMN,hz4,FC5,0.13835732617594423
dmnelf013,GSR_DMN,hz4,FC6,-0.023011737117512976
dmnelf013,GSR_DMN,hz4,CP5,-0.02494153817360912
dmnelf013,GSR_DMN,hz4,CP6,-0.09587864166043976
dmnelf013,GSR_DMN,hz4,TP9,-0.04500141667721397
dmnelf013,GSR_DMN,hz4,TP10,0.10282674942858144
dmnelf013,GSR_DMN,hz4,POz,0.029371083535239866
dmnelf014,GSR_DMN,hz4,Fp1,0.43155961003580434
dmnelf014,GSR_DMN,hz4,Fp2,0.27937796951673843
dmnelf014,GSR_DMN,hz4,F3,0.34526778358345533
dmnelf014,GSR_DMN,hz4,F4,0.34262883262690436
dmnelf014,GSR_DMN,hz4,C3,0.2522791393453688
dmnelf014,GSR_DMN,hz4,C4,0.3185677353730478
dmnelf014,GSR_DMN,hz4,P3,0.2580568199369737
dmnelf014,GSR_DMN,hz4,P4,0.2960273398909349
dmnelf014,GSR_DMN,hz4,O1,0.36359276393083007
dmnelf014,GSR_DMN,hz4,O2,0.3136135530294726
dmnelf014,GSR_DMN,hz4,F7,0.34771245388101796
dmnelf014,GSR_DMN,hz4,F8,0.3617872930067342
dmnelf014,GSR_DMN,hz4,T7,0.06737629433903114
dmnelf014,GSR_DMN,hz4,T8,0.3157794352117183
dmnelf014,GSR_DMN,hz4,P7,0.27485137393040127
dmnelf014,GSR_DMN,hz4,P8,0.37162857888571665
dmnelf014,GSR_DMN,hz4,Fz,0.17068231656500016
dmnelf014,GSR_DMN,hz4,Cz,0.21443122154606944
dmnelf014,GSR_DMN,hz4,Pz,0.16130700208441517
dmnelf014,GSR_DMN,hz4,Oz,0.4056187115469393
dmnelf014,GSR_DMN,hz4,FC1,0.2332485401330339
dmnelf014,GSR_DMN,hz4,FC2,0.2079563792337398
dmnelf014,GSR_DMN,hz4,CP1,0.38658680116315747
dmnelf014,GSR_DMN,hz4,CP2,0.40974962846124086
dmnelf014,GSR_DMN,hz4,FC5,0.3631430575220738
dmnelf014,GSR_DMN,hz4,FC6,0.28078936261898585
dmnelf014,GSR_DMN,hz4,CP5,0.21153513106858535
dmnelf014,GSR_DMN,hz4,CP6,0.26936827687688203
dmnelf014,GSR_DMN,hz4,TP9,0.38070016827765185
dmnelf014,GSR_DMN,hz4,TP10,0.24024213628960628
dmnelf014,GSR_DMN,hz4,POz,0.4409784708969759
dmnelf015,GSR_DMN,hz4,Fp1,0.21540743723609362
dmnelf015,GSR_DMN,hz4,Fp2,0.08663652038480463
dmnelf015,GSR_DMN,hz4,F3,0.036665091371004696
dmnelf015,GSR_DMN,hz4,F4,0.13543759274409217
dmnelf015,GSR_DMN,hz4,C3,-0.03720608065508561
dmnelf015,GSR_DMN,hz4,C4,-0.00018868387236257132
dmnelf015,GSR_DMN,hz4,P3,0.20980822415960312
dmnelf015,GSR_DMN,hz4,P4,0.3293905694097878
dmnelf015,GSR_DMN,hz4,O1,0.2908315283866918
dmnelf015,GSR_DMN,hz4,O2,0.332346905823765
dmnelf015,GSR_DMN,hz4,F7,0.1562767950370646
dmnelf015,GSR_DMN,hz4,F8,0.2378654194049808
dmnelf015,GSR_DMN,hz4,T7,0.19230319290437783
dmnelf015,GSR_DMN,hz4,T8,0.2302833495882955
dmnelf015,GSR_DMN,hz4,P7,0.41155829561513585
dmnelf015,GSR_DMN,hz4,P8,0.2074501749403967
dmnelf015,GSR_DMN,hz4,Fz,0.12055202312627776
dmnelf015,GSR_DMN,hz4,Cz,0.3131893764948312
dmnelf015,GSR_DMN,hz4,Pz,0.35643438428611546
dmnelf015,GSR_DMN,hz4,Oz,0.3086570309672326
dmnelf015,GSR_DMN,hz4,FC1,0.2616455785194634
dmnelf015,GSR_DMN,hz4,FC2,0.18474596939331736
dmnelf015,GSR_DMN,hz4,CP1,0.2835374130336503
dmnelf015,GSR_DMN,hz4,CP2,0.2900000930255048
dmnelf015,GSR_DMN,hz4,FC5,0.24499595984197994
dmnelf015,GSR_DMN,hz4,FC6,0.2301109521611677
dmnelf015,GSR_DMN,hz4,CP5,0.14624063774482157
dmnelf015,GSR_DMN,hz4,CP6,0.26966625508082537
dmnelf015,GSR_DMN,hz4,TP9,0.21810113979538048
dmnelf015,GSR_DMN,hz4,TP10,0.2549439726983467
dmnelf015,GSR_DMN,hz4,POz,0.2261173390460616
dmnelf1001,GSR_DMN,hz4,Fp1,-0.12576938314496466
dmnelf1001,GSR_DMN,hz4,Fp2,-0.0760575996197187
dmnelf1001,GSR_DMN,hz4,F3,0.017676939693986864
dmnelf1001,GSR_DMN,hz4,F4,-0.20193691182021442
dmnelf1001,GSR_DMN,hz4,C3,0.08703089197269584
dmnelf1001,GSR_DMN,hz4,C4,-0.06751105481538154
dmnelf1001,GSR_DMN,hz4,P3,-0.06821066959632228
dmnelf1001,GSR_DMN,hz4,P4,-0.03164963550717009
dmnelf1001,GSR_DMN,hz4,O1,-0.026141723835824224
dmnelf1001,GSR_DMN,hz4,O2,-0.0826181363859996
dmnelf1001,GSR_DMN,hz4,F7,0.03316402677680503
dmnelf1001,GSR_DMN,hz4,F8,-0.11600395304605025
dmnelf1001,GSR_DMN,hz4,T7,-0.162419943166146
dmnelf1001,GSR_DMN,hz4,T8,-0.040562545410069886
dmnelf1001,GSR_DMN,hz4,P7,-0.22004467387529708
dmnelf1001,GSR_DMN,hz4,P8,0.16017158508677776
dmnelf1001,GSR_DMN,hz4,Fz,-0.025639730230180645
dmnelf1001,GSR_DMN,hz4,Cz,-0.013835623554898632
dmnelf1001,GSR_DMN,hz4,Pz,-0.03752818674259166
dmnelf1001,GSR_DMN,hz4,Oz,-0.046328998551357733
dmnelf1001,GSR_DMN,hz4,FC1,-0.12162160551993612
dmnelf1001,GSR_DMN,hz4,FC2,-0.020340616390617135
dmnelf1001,GSR_DMN,hz4,CP1,-0.013326776151571532
dmnelf1001,GSR_DMN,hz4,CP2,0.04629770717874842
dmnelf1001,GSR_DMN,hz4,FC5,0.032846386464226066
dmnelf1001,GSR_DMN,hz4,FC6,-0.18625207172802155
dmnelf1001,GSR_DMN,hz4,CP5,-0.1860569725408926
dmnelf1001,GSR_DMN,hz4,CP6,0.0799579367438272
dmnelf1001,GSR_DMN,hz4,TP9,-0.027584194142226615
dmnelf1001,GSR_DMN,hz4,TP10,-0.08581913852017739
dmnelf1001,GSR_DMN,hz4,POz,0.06872412436425623
dmnelf1002,GSR_DMN,hz4,Fp1,0.0685980231920655
dmnelf1002,GSR_DMN,hz4,Fp2,0.11260706647128554
dmnelf1002,GSR_DMN,hz4,F3,0.1295979262703281
dmnelf1002,GSR_DMN,hz4,F4,0.28629032552815076
dmnelf1002,GSR_DMN,hz4,C3,0.002621891411994138
dmnelf1002,GSR_DMN,hz4,C4,0.19070654998960537
dmnelf1002,GSR_DMN,hz4,P3,0.1690515422067908
dmnelf1002,GSR_DMN,hz4,P4,0.10422433738340804
dmnelf1002,GSR_DMN,hz4,O1,0.10392064084257212
dmnelf1002,GSR_DMN,hz4,O2,0.21402557042960618
dmnelf1002,GSR_DMN,hz4,F7,0.06555680656401798
dmnelf1002,GSR_DMN,hz4,F8,0.22087536544515934
dmnelf1002,GSR_DMN,hz4,T7,0.13490214608089035
dmnelf1002,GSR_DMN,hz4,T8,0.2047056692122331
dmnelf1002,GSR_DMN,hz4,P7,0.16275320240024332
dmnelf1002,GSR_DMN,hz4,P8,0.1582924333382705
dmnelf1002,GSR_DMN,hz4,Fz,0.21266061305417303
dmnelf1002,GSR_DMN,hz4,Cz,0.10442784856594098
dmnelf1002,GSR_DMN,hz4,Pz,0.19758019150306477
dmnelf1002,GSR_DMN,hz4,Oz,0.20015294896830582
dmnelf1002,GSR_DMN,hz4,FC1,0.12859870098718196
dmnelf1002,GSR_DMN,hz4,FC2,0.2558669358907451
dmnelf1002,GSR_DMN,hz4,CP1,0.19618505496171462
dmnelf1002,GSR_DMN,hz4,CP2,0.2504839188932919
dmnelf1002,GSR_DMN,hz4,FC5,0.21917095080718732
dmnelf1002,GSR_DMN,hz4,FC6,0.22241207725051396
dmnelf1002,GSR_DMN,hz4,CP5,0.26830039431153885
dmnelf1002,GSR_DMN,hz4,CP6,0.20804914658248388
dmnelf1002,GSR_DMN,hz4,TP9,0.28205833073322895
dmnelf1002,GSR_DMN,hz4,TP10,0.20765210403571
dmnelf1002,GSR_DMN,hz4,POz,0.14042965762947668
dmnelf1003,GSR_DMN,hz4,Fp1,0.12347063125961875
dmnelf1003,GSR_DMN,hz4,Fp2,0.24770237270658052
dmnelf1003,GSR_DMN,hz4,F3,0.15756501916798227
dmnelf1003,GSR_DMN,hz4,F4,0.14192798704296297
dmnelf1003,GSR_DMN,hz4,C3,0.11434823421575471
dmnelf1003,GSR_DMN,hz4,C4,0.22122784816861535
dmnelf1003,GSR_DMN,hz4,P3,-0.028339761687738094
dmnelf1003,GSR_DMN,hz4,P4,0.055193578574959046
dmnelf1003,GSR_DMN,hz4,O1,0.19942801026080642
dmnelf1003,GSR_DMN,hz4,O2,0.07960273369801843
dmnelf1003,GSR_DMN,hz4,F7,0.23850939380806338
dmnelf1003,GSR_DMN,hz4,F8,0.08003050356843816
dmnelf1003,GSR_DMN,hz4,T7,-0.10138261791973784
dmnelf1003,GSR_DMN,hz4,T8,0.08666977679378579
dmnelf1003,GSR_DMN,hz4,P7,-0.23017817696940263
dmnelf1003,GSR_DMN,hz4,P8,-0.14835195677581015
dmnelf1003,GSR_DMN,hz4,Fz,-0.08105013836623759
dmnelf1003,GSR_DMN,hz4,Cz,0.09599440284368391
dmnelf1003,GSR_DMN,hz4,Pz,0.2383687322255465
dmnelf1003,GSR_DMN,hz4,Oz,0.10528305693467054
dmnelf1003,GSR_DMN,hz4,FC1,0.21864895829429792
dmnelf1003,GSR_DMN,hz4,FC2,0.20214475933354475
dmnelf1003,GSR_DMN,hz4,CP1,0.15228417054418003
dmnelf1003,GSR_DMN,hz4,CP2,0.02342207094163541
dmnelf1003,GSR_DMN,hz4,FC5,0.283482605413173
dmnelf1003,GSR_DMN,hz4,FC6,0.01929873377387445
dmnelf1003,GSR_DMN,hz4,CP5,-0.08398851182690459
dmnelf1003,GSR_DMN,hz4,CP6,-0.13899650370791933
dmnelf1003,GSR_DMN,hz4,TP9,-0.2685203132075301
dmnelf1003,GSR_DMN,hz4,TP10,-0.1865970670114744
dmnelf1003,GSR_DMN,hz4,POz,0.04597148666447459
dmnelf001,GSR_CEN,hz4,Fp1,0.053084955701300215
dmnelf001,GSR_CEN,hz4,Fp2,-0.024687649744026593
dmnelf001,GSR_CEN,hz4,F3,-0.0011034496126686721
dmnelf001,GSR_CEN,hz4,F4,-0.06475466502018626
dmnelf001,GSR_CEN,hz4,C3,0.09099698444481379
dmnelf001,GSR_CEN,hz4,C4,-0.024127857472885008
dmnelf001,GSR_CEN,hz4,P3,0.12419403093243808
dmnelf001,GSR_CEN,hz4,P4,0.10804282994675238
dmnelf001,GSR_CEN,hz4,O1,0.16598987447720245
dmnelf001,GSR_CEN,hz4,O2,0.18750514452088335
dmnelf001,GSR_CEN,hz4,F7,-0.0025681856886261983
dmnelf001,GSR_CEN,hz4,F8,-0.026446824096076304
dmnelf001,GSR_CEN,hz4,T7,-0.109035046229388
dmnelf001,GSR_CEN,hz4,T8,-0.02960649533654044
dmnelf001,GSR_CEN,hz4,P7,0.09698383267429925
dmnelf001,GSR_CEN,hz4,P8,0.12836079749224147
dmnelf001,GSR_CEN,hz4,Fz,0.10515880185866339
dmnelf001,GSR_CEN,hz4,Cz,0.1857637215625987
dmnelf001,GSR_CEN,hz4,Pz,0.05979617894939153
dmnelf001,GSR_CEN,hz4,Oz,0.05095153348600873
dmnelf001,GSR_CEN,hz4,FC1,0.2408039592142364
dmnelf001,GSR_CEN,hz4,FC2,0.0983041675491038
dmnelf001,GSR_CEN,hz4,CP1,-0.0007877903165782636
dmnelf001,GSR_CEN,hz4,CP2,-0.10435997034525346
dmnelf001,GSR_CEN,hz4,FC5,-0.0062819923381484295
dmnelf001,GSR_CEN,hz4,FC6,0.031148281274085404
dmnelf001,GSR_CEN,hz4,CP5,0.0140755751467675
dmnelf001,GSR_CEN,hz4,CP6,0.013421771324666744
dmnelf001,GSR_CEN,hz4,TP9,-0.018414466937036612
dmnelf001,GSR_CEN,hz4,TP10,0.04182897780812398
dmnelf001,GSR_CEN,hz4,POz,-0.14285275574220008
dmnelf004,GSR_CEN,hz4,Fp1,0.18458213891442457
dmnelf004,GSR_CEN,hz4,Fp2,0.3309098495600733
dmnelf004,GSR_CEN,hz4,F3,0.19989653740656593
dmnelf004,GSR_CEN,hz4,F4,0.25221289715217915
dmnelf004,GSR_CEN,hz4,C3,0.1940485754234443
dmnelf004,GSR_CEN,hz4,C4,0.2813479140516735
dmnelf004,GSR_CEN,hz4,P3,0.1630648610009337
dmnelf004,GSR_CEN,hz4,P4,0.2918206705935369
dmnelf004,GSR_CEN,hz4,O1,0.10023638213277035
dmnelf004,GSR_CEN,hz4,O2,0.09861306925942093
dmnelf004,GSR_CEN,hz4,F7,0.11390323260659163
dmnelf004,GSR_CEN,hz4,F8,0.10913844686487839
dmnelf004,GSR_CEN,hz4,T7,0.062460962693318585
dmnelf004,GSR_CEN,hz4,T8,0.1084701516806876
dmnelf004,GSR_CEN,hz4,P7,0.09497317945704527
dmnelf004,GSR_CEN,hz4,P8,0.12059250318120923
dmnelf004,GSR_CEN,hz4,Fz,0.3093464241282922
dmnelf004,GSR_CEN,hz4,Cz,0.2502056561563811
dmnelf004,GSR_CEN,hz4,Pz,0.3272822946421511
dmnelf004,GSR_CEN,hz4,Oz,0.29253322930778536
dmnelf004,GSR_CEN,hz4,FC1,0.2856493361063153
dmnelf004,GSR_CEN,hz4,FC2,0.2712941502574493
dmnelf004,GSR_CEN,hz4,CP1,0.18969677076109784
dmnelf004,GSR_CEN,hz4,CP2,0.15656713820015575
dmnelf004,GSR_CEN,hz4,FC5,0.20222520646587575
dmnelf004,GSR_CEN,hz4,FC6,0.05278039318417391
dmnelf004,GSR_CEN,hz4,CP5,0.307667566511819
dmnelf004,GSR_CEN,hz4,CP6,0.178993696498968
dmnelf004,GSR_CEN,hz4,TP9,0.17228957791100807
dmnelf004,GSR_CEN,hz4,TP10,0.16633680185614083
dmnelf004,GSR_CEN,hz4,POz,0.2003370253920651
dmnelf005,GSR_CEN,hz4,Fp1,0.2492084677217518
dmnelf005,GSR_CEN,hz4,Fp2,0.3526838892219707
dmnelf005,GSR_CEN,hz4,F3,0.45233144951668597
dmnelf005,GSR_CEN,hz4,F4,0.5169734656636331
dmnelf005,GSR_CEN,hz4,C3,0.32105034113677355
dmnelf005,GSR_CEN,hz4,C4,0.3213256325987719
dmnelf005,GSR_CEN,hz4,P3,0.45113550291387616
dmnelf005,GSR_CEN,hz4,P4,0.46212713332642785
dmnelf005,GSR_CEN,hz4,O1,0.3622821632450667
dmnelf005,GSR_CEN,hz4,O2,0.25010115640911235
dmnelf005,GSR_CEN,hz4,F7,0.250815209982554
dmnelf005,GSR_CEN,hz4,F8,0.24850652979534593
dmnelf005,GSR_CEN,hz4,T7,0.289494579195137
dmnelf005,GSR_CEN,hz4,T8,0.4589639119713607
dmnelf005,GSR_CEN,hz4,P7,0.38489980816848135
dmnelf005,GSR_CEN,hz4,P8,0.49188768926565263
dmnelf005,GSR_CEN,hz4,Fz,0.6043080217845802
dmnelf005,GSR_CEN,hz4,Cz,0.2792535458819776
dmnelf005,GSR_CEN,hz4,Pz,0.3061836292138028
dmnelf005,GSR_CEN,hz4,Oz,0.2553100954288706
dmnelf005,GSR_CEN,hz4,FC1,0.5194874010817467
dmnelf005,GSR_CEN,hz4,FC2,0.4717416658696818
dmnelf005,GSR_CEN,hz4,CP1,0.32597899058115665
dmnelf005,GSR_CEN,hz4,CP2,0.28113044618559496
dmnelf005,GSR_CEN,hz4,FC5,0.22945608496632017
dmnelf005,GSR_CEN,hz4,FC6,0.35474945863268886
dmnelf005,GSR_CEN,hz4,CP5,0.45433568282392256
dmnelf005,GSR_CEN,hz4,CP6,0.48949804422987464
dmnelf005,GSR_CEN,hz4,TP9,0.29624752687124656
dmnelf005,GSR_CEN,hz4,TP10,0.3961108058379813
dmnelf005,GSR_CEN,hz4,POz,0.42321250959973145
dmnelf006,GSR_CEN,hz4,Fp1,-0.005215082388984757
dmnelf006,GSR_CEN,hz4,Fp2,-0.023011463587775373
dmnelf006,GSR_CEN,hz4,F3,-0.1285765958821071
dmnelf006,GSR_CEN,hz4,F4,-0.016448183771761913
dmnelf006,GSR_CEN,hz4,C3,-0.10080240839914907
dmnelf006,GSR_CEN,hz4,C4,-0.14151171886370933
dmnelf006,GSR_CEN,hz4,P3,0.1048203225914694
dmnelf006,GSR_CEN,hz4,P4,0.10177130827167662
dmnelf006,GSR_CEN,hz4,O1,0.016226814485396618
dmnelf006,GSR_CEN,hz4,O2,0.03814275693522265
dmnelf006,GSR_CEN,hz4,F7,-0.18375512170375996
dmnelf006,GSR_CEN,hz4,F8,-0.03151173554901438
dmnelf006,GSR_CEN,hz4,T7,-0.20307540479140604
dmnelf006,GSR_CEN,hz4,T8,-0.23046184497539499
dmnelf006,GSR_CEN,hz4,P7,-0.03345550115071651
dmnelf006,GSR_CEN,hz4,P8,-0.20900629267639578
dmnelf006,GSR_CEN,hz4,Fz,-0.08279953678536618
dmnelf006,GSR_CEN,hz4,Cz,-0.009339959403982794
dmnelf006,GSR_CEN,hz4,Pz,0.015659000023137568
dmnelf006,GSR_CEN,hz4,Oz,0.01153550109510414
dmnelf006,GSR_CEN,hz4,FC1,-0.039332626141803995
dmnelf006,GSR_CEN,hz4,FC2,0.17169501200452292
dmnelf006,GSR_CEN,hz4,CP1,0.1022100587144725
dmnelf006,GSR_CEN,hz4,CP2,0.12499229504422046
dmnelf006,GSR_CEN,hz4,FC5,-0.1718887577532332
dmnelf006,GSR_CEN,hz4,FC6,-0.02924544267273243
dmnelf006,GSR_CEN,hz4,CP5,-0.2341619437068326
dmnelf006,GSR_CEN,hz4,CP6,-0.14602931648444634
dmnelf006,GSR_CEN,hz4,TP9,-0.20758105817135275
dmnelf006,GSR_CEN,hz4,TP10,-0.16061490808736567
dmnelf006,GSR_CEN,hz4,POz,-0.02111346720797275
dmnelf007,GSR_CEN,hz4,Fp1,0.23999740504169229
dmnelf007,GSR_CEN,hz4,Fp2,0.21769745504319502
dmnelf007,GSR_CEN,hz4,F3,-0.08884616925321878
dmnelf007,GSR_CEN,hz4,F4,0.0004171226722472065
dmnelf007,GSR_CEN,hz4,C3,0.10873910381675819
dmnelf007,GSR_CEN,hz4,C4,0.17080015054859973
dmnelf007,GSR_CEN,hz4,P3,-0.03173857248916953
dmnelf007,GSR_CEN,hz4,P4,0.09838611661978247
dmnelf007,GSR_CEN,hz4,O1,0.18048683574886293
dmnelf007,GSR_CEN,hz4,O2,0.1787433490452652
dmnelf007,GSR_CEN,hz4,F7,0.09009762462341114
dmnelf007,GSR_CEN,hz4,F8,0.34206794756846637
dmnelf007,GSR_CEN,hz4,T7,0.3612417887170647
dmnelf007,GSR_CEN,hz4,T8,0.14911039230202894
dmnelf007,GSR_CEN,hz4,P7,0.1908195683012185
dmnelf007,GSR_CEN,hz4,P8,-0.022560605819956926
dmnelf007,GSR_CEN,hz4,Fz,0.10139374270504467
dmnelf007,GSR_CEN,hz4,Cz,0.13561693648315803
dmnelf007,GSR_CEN,hz4,Pz,0.3117591046579728
dmnelf007,GSR_CEN,hz4,Oz,-0.016944160338090642
dmnelf007,GSR_CEN,hz4,FC1,0.12680712575417596
dmnelf007,GSR_CEN,hz4,FC2,0.020338312221846178
dmnelf007,GSR_CEN,hz4,CP1,0.05680295168257094
dmnelf007,GSR_CEN,hz4,CP2,0.18754345905495878
dmnelf007,GSR_CEN,hz4,FC5,0.06689587701245149
dmnelf007,GSR_CEN,hz4,FC6,0.250556398280513
dmnelf007,GSR_CEN,hz4,CP5,0.12443399877001152
dmnelf007,GSR_CEN,hz4,CP6,0.16066618984142322
dmnelf007,GSR_CEN,hz4,TP9,0.11404560187384202
dmnelf007,GSR_CEN,hz4,TP10,-0.07636712878840211
dmnelf007,GSR_CEN,hz4,POz,0.0698029509906986
dmnelf008,GSR_CEN,hz4,Fp1,0.3432925248984661
dmnelf008,GSR_CEN,hz4,Fp2,0.48729503462921586
dmnelf008,GSR_CEN,hz4,F3,0.41474518371831604
dmnelf008,GSR_CEN,hz4,F4,0.2842064586055255
dmnelf008,GSR_CEN,hz4,C3,0.16375779662129036
dmnelf008,GSR_CEN,hz4,C4,0.07517136080424593
dmnelf008,GSR_CEN,hz4,P3,0.1449393939030394
dmnelf008,GSR_CEN,hz4,P4,0.1935346967740796
dmnelf008,GSR_CEN,hz4,O1,0.22605454570175743
dmnelf008,GSR_CEN,hz4,O2,0.262349973509157
dmnelf008,GSR_CEN,hz4,F7,0.5374926006442706
dmnelf008,GSR_CEN,hz4,F8,0.3789758572730517
dmnelf008,GSR_CEN,hz4,T7,0.40949053409238756
dmnelf008,GSR_CEN,hz4,T8,0.45113924098564573
dmnelf008,GSR_CEN,hz4,P7,0.3392266608348279
dmnelf008,GSR_CEN,hz4,P8,0.17067528680883928
dmnelf008,GSR_CEN,hz4,Fz,0.22012154915085194
dmnelf008,GSR_CEN,hz4,Cz,0.28452708694209333
dmnelf008,GSR_CEN,hz4,Pz,0.2489202193659944
dmnelf008,GSR_CEN,hz4,Oz,0.2438437305945204
dmnelf008,GSR_CEN,hz4,FC1,0.2701848088805952
dmnelf008,GSR_CEN,hz4,FC2,0.1556348891837375
dmnelf008,GSR_CEN,hz4,CP1,0.19345636296220894
dmnelf008,GSR_CEN,hz4,CP2,0.3682739226170946
dmnelf008,GSR_CEN,hz4,FC5,0.4307486817738823
dmnelf008,GSR_CEN,hz4,FC6,0.2575962355189967
dmnelf008,GSR_CEN,hz4,CP5,0.3769820979842108
dmnelf008,GSR_CEN,hz4,CP6,0.2586906478949399
dmnelf008,GSR_CEN,hz4,TP9,0.46792588362423104
dmnelf008,GSR_CEN,hz4,TP10,0.3318585545806432
dmnelf008,GSR_CEN,hz4,POz,0.3029988778066024
dmnelf009,GSR_CEN,hz4,Fp1,0.13481776080740454
dmnelf009,GSR_CEN,hz4,Fp2,0.2119365604217782
dmnelf009,GSR_CEN,hz4,F3,0.13879257618898241
dmnelf009,GSR_CEN,hz4,F4,0.10886031708660736
dmnelf009,GSR_CEN,hz4,C3,0.12024478185595329
dmnelf009,GSR_CEN,hz4,C4,0.13548490744153271
dmnelf009,GSR_CEN,hz4,P3,0.18188220841413363
dmnelf009,GSR_CEN,hz4,P4,0.1632602522637981
dmnelf009,GSR_CEN,hz4,O1,0.21409405709125462
dmnelf009,GSR_CEN,hz4,O2,-0.07221361581631545
dmnelf009,GSR_CEN,hz4,F7,0.057643608154141664
dmnelf009,GSR_CEN,hz4,F8,0.06273541982556523
dmnelf009,GSR_CEN,hz4,T7,0.056253179704115246
dmnelf009,GSR_CEN,hz4,T8,0.0940837964098497
dmnelf009,GSR_CEN,hz4,P7,0.09473799833949183
dmnelf009,GSR_CEN,hz4,P8,0.20283560996045627
dmnelf009,GSR_CEN,hz4,Fz,0.09824885941114982
dmnelf009,GSR_CEN,hz4,Cz,-0.0006313157427807678
dmnelf009,GSR_CEN,hz4,Pz,0.18471794426674554
dmnelf009,GSR_CEN,hz4,Oz,0.053550529987014636
dmnelf009,GSR_CEN,hz4,FC1,0.1225968085581116
dmnelf009,GSR_CEN,hz4,FC2,0.1663574721731702
dmnelf009,GSR_CEN,hz4,CP1,0.20165643857647608
dmnelf009,GSR_CEN,hz4,CP2,0.20935956769257946
dmnelf009,GSR_CEN,hz4,FC5,0.16498726229366487
dmnelf009,GSR_CEN,hz4,FC6,0.045534848202933124
dmnelf009,GSR_CEN,hz4,CP5,0.13692655526926778
dmnelf009,GSR_CEN,hz4,CP6,0.28579791129215226
dmnelf009,GSR_CEN,hz4,TP9,0.10011762301604799
dmnelf009,GSR_CEN,hz4,TP10,-0.07423516034231953
dmnelf009,GSR_CEN,hz4,POz,0.1343077962959634
dmnelf010,GSR_CEN,hz4,Fp1,0.07829497685579115
dmnelf010,GSR_CEN,hz4,Fp2,-0.16487750589701877
dmnelf010,GSR_CEN,hz4,F3,-0.04927466021455502
dmnelf010,GSR_CEN,hz4,F4,-0.15503795095563125
dmnelf010,GSR_CEN,hz4,C3,0.14251101444802045
dmnelf010,GSR_CEN,hz4,C4,-0.1339569030765219
dmnelf010,GSR_CEN,hz4,P3,-0.2387194858054153
dmnelf010,GSR_CEN,hz4,P4,0.13658108852757572
dmnelf010,GSR_CEN,hz4,O1,-0.07106887982279819
dmnelf010,GSR_CEN,hz4,O2,-0.024631134621679072
dmnelf010,GSR_CEN,hz4,F7,0.08282304968497349
dmnelf010,GSR_CEN,hz4,F8,-0.17650689876171943
dmnelf010,GSR_CEN,hz4,T7,-0.17139807413738373
dmnelf010,GSR_CEN,hz4,T8,-0.02885186039154295
dmnelf010,GSR_CEN,hz4,P7,-0.09307759292416785
dmnelf010,GSR_CEN,hz4,P8,0.0706289118523796
dmnelf010,GSR_CEN,hz4,Fz,-0.08987802079726386
dmnelf010,GSR_CEN,hz4,Cz,-0.09847632820296806
dmnelf010,GSR_CEN,hz4,Pz,-0.07494683604006261
dmnelf010,GSR_CEN,hz4,Oz,-0.20541491901517883
dmnelf010,GSR_CEN,hz4,FC1,0.023158294324689084
dmnelf010,GSR_CEN,hz4,FC2,-0.1365146825280046
dmnelf010,GSR_CEN,hz4,CP1,0.005541983373243698
dmnelf010,GSR_CEN,hz4,CP2,-0.09902258414076723
dmnelf010,GSR_CEN,hz4,FC5,0.1762093174876347
dmnelf010,GSR_CEN,hz4,FC6,-0.15113602136285864
dmnelf010,GSR_CEN,hz4,CP5,-0.062142185088593024
dmnelf010,GSR_CEN,hz4,CP6,0.01846724814433444
dmnelf010,GSR_CEN,hz4,TP9,-0.008098424015030128
dmnelf010,GSR_CEN,hz4,TP10,-0.12667849993603805
dmnelf010,GSR_CEN,hz4,POz,-0.0468540417760491
dmnelf011,GSR_CEN,hz4,Fp1,-0.08279012084816674
dmnelf011,GSR_CEN,hz4,Fp2,-0.04725313443148721
dmnelf011,GSR_CEN,hz4,F3,-0.08807020208903028
dmnelf011,GSR_CEN,hz4,F4,0.007936316128378647
dmnelf011,GSR_CEN,hz4,C3,-0.007207790511706887
dmnelf011,GSR_CEN,hz4,C4,-0.03456522898424862
dmnelf011,GSR_CEN,hz4,P3,0.12487258422829775
dmnelf011,GSR_CEN,hz4,P4,-0.09060173750679795
dmnelf011,GSR_CEN,hz4,O1,-0.10177445252697537
dmnelf011,GSR_CEN,hz4,O2,0.030307601869345505
dmnelf011,GSR_CEN,hz4,F7,0.02962218785826201
dmnelf011,GSR_CEN,hz4,F8,-0.061489322699780746
dmnelf011,GSR_CEN,hz4,T7,0.05232382048317359
dmnelf011,GSR_CEN,hz4,T8,-0.07154197700876269
dmnelf011,GSR_CEN,hz4,P7,0.02995326787537099
dmnelf011,GSR_CEN,hz4,P8,-0.02872514682075538
dmnelf011,GSR_CEN,hz4,Fz,0.08224970645403541
dmnelf011,GSR_CEN,hz4,Cz,-0.030209653344913566
dmnelf011,GSR_CEN,hz4,Pz,0.030417628824274127
dmnelf011,GSR_CEN,hz4,Oz,0.027654650743069976
dmnelf011,GSR_CEN,hz4,FC1,-0.09862556995360454
dmnelf011,GSR_CEN,hz4,FC2,-0.009912716318102116
dmnelf011,GSR_CEN,hz4,CP1,0.06334470416758536
dmnelf011,GSR_CEN,hz4,CP2,0.02966649686299732
dmnelf011,GSR_CEN,hz4,FC5,-0.01141018349760367
dmnelf011,GSR_CEN,hz4,FC6,-0.09402784647007822
dmnelf011,GSR_CEN,hz4,CP5,0.0635536565548709
dmnelf011,GSR_CEN,hz4,CP6,0.06275655723951461
dmnelf011,GSR_CEN,hz4,TP9,0.07604845512279498
dmnelf011,GSR_CEN,hz4,TP10,0.05289396400087685
dmnelf011,GSR_CEN,hz4,POz,-0.22315500806087551
dmnelf012,GSR_CEN,hz4,Fp1,0.27174719861735774
dmnelf012,GSR_CEN,hz4,Fp2,0.02225166197161947
dmnelf012,GSR_CEN,hz4,F3,0.10709372880801105
dmnelf012,GSR_CEN,hz4,F4,0.08845983633201818
dmnelf012,GSR_CEN,hz4,C3,0.07163441087003053
dmnelf012,GSR_CEN,hz4,C4,0.25235923883786127
dmnelf012,GSR_CEN,hz4,P3,0.21662492898032798
dmnelf012,GSR_CEN,hz4,P4,0.2633758188746373
dmnelf012,GSR_CEN,hz4,O1,0.21643444752430352
dmnelf012,GSR_CEN,hz4,O2,0.14639222528557766
dmnelf012,GSR_CEN,hz4,F7,0.12021198587354487
dmnelf012,GSR_CEN,hz4,F8,0.16064664068516538
dmnelf012,GSR_CEN,hz4,T7,0.10929099369260316
dmnelf012,GSR_CEN,hz4,T8,0.1347931174501194
dmnelf012,GSR_CEN,hz4,P7,0.13935593098359988
dmnelf012,GSR_CEN,hz4,P8,0.11628011723149229
dmnelf012,GSR_CEN,hz4,Fz,0.2022927552122894
dmnelf012,GSR_CEN,hz4,Cz,0.33229285185033886
dmnelf012,GSR_CEN,hz4,Pz,0.43173283113849736
dmnelf012,GSR_CEN,hz4,Oz,0.2791291556651928
dmnelf012,GSR_CEN,hz4,FC1,0.13943166747276503
dmnelf012,GSR_CEN,hz4,FC2,-0.01573649122216548
dmnelf012,GSR_CEN,hz4,CP1,0.16673841066689665
dmnelf012,GSR_CEN,hz4,CP2,0.16312174016412817
dmnelf012,GSR_CEN,hz4,FC5,0.13393172998360656
dmnelf012,GSR_CEN,hz4,FC6,0.093051681730101
dmnelf012,GSR_CEN,hz4,CP5,0.14063027410442208
dmnelf012,GSR_CEN,hz4,CP6,0.11036474483049459
dmnelf012,GSR_CEN,hz4,TP9,0.09406713422531399
dmnelf012,GSR_CEN,hz4,TP10,0.16426301586540154
dmnelf012,GSR_CEN,hz4,POz,0.5242949632215975
dmnelf013,GSR_CEN,hz4,Fp1,-0.36678982998262666
dmnelf013,GSR_CEN,hz4,Fp2,-0.3220326516520322
dmnelf013,GSR_CEN,hz4,F3,-0.35683245126780894
dmnelf013,GSR_CEN,hz4,F4,-0.34074819272025314
dmnelf013,GSR_CEN,hz4,C3,-0.130720810714482
dmnelf013,GSR_CEN,hz4,C4,-0.3668116437792991
dmnelf013,GSR_CEN,hz4,P3,-0.39277613593992466
dmnelf013,GSR_CEN,hz4,P4,-0.39571149860900046
dmnelf013,GSR_CEN,hz4,O1,-0.33844052513426304
dmnelf013,GSR_CEN,hz4,O2,-0.37743040906954417
dmnelf013,GSR_CEN,hz4,F7,-0.4393109917624121
dmnelf013,GSR_CEN,hz4,F8,-0.3804903988296002
dmnelf013,GSR_CEN,hz4,T7,-0.4279710764583595
dmnelf013,GSR_CEN,hz4,T8,-0.3240072067491062
dmnelf013,GSR_CEN,hz4,P7,-0.38293450023488074
dmnelf013,GSR_CEN,hz4,P8,-0.280226516379244
dmnelf013,GSR_CEN,hz4,Fz,-0.37873514047581247
dmnelf013,GSR_CEN,hz4,Cz,-0.14579401804775954
dmnelf013,GSR_CEN,hz4,Pz,-0.4109701437210995
dmnelf013,GSR_CEN,hz4,Oz,-0.3399894151791829
dmnelf013,GSR_CEN,hz4,FC1,-0.40870099671495974
dmnelf013,GSR_CEN,hz4,FC2,-0.13543555034053267
dmnelf013,GSR_CEN,hz4,CP1,-0.31723290379901997
dmnelf013,GSR_CEN,hz4,CP2,-0.25878308212271695
dmnelf013,GSR_CEN,hz4,FC5,-0.36495561189995546
dmnelf013,GSR_CEN,hz4,FC6,-0.26491944885807495
dmnelf013,GSR_CEN,hz4,CP5,-0.30396546342894737
dmnelf013,GSR_CEN,hz4,CP6,-0.3627058736688409
dmnelf013,GSR_CEN,hz4,TP9,-0.35139917821682
dmnelf013,GSR_CEN,hz4,TP10,-0.15601133166623848
dmnelf013,GSR_CEN,hz4,POz,-0.3875252410500376
dmnelf014,GSR_CEN,hz4,Fp1,0.030763147680956338
dmnelf014,GSR_CEN,hz4,Fp2,-0.13220221230396945
dmnelf014,GSR_CEN,hz4,F3,0.17234179256908813
dmnelf014,GSR_CEN,hz4,F4,-0.17174488948010871
dmnelf014,GSR_CEN,hz4,C3,0.01459314439039102
dmnelf014,GSR_CEN,hz4,C4,-0.08197605618446535
dmnelf014,GSR_CEN,hz4,P3,-0.0693338430829793
dmnelf014,GSR_CEN,hz4,P4,-0.11305333969500825
dmnelf014,GSR_CEN,hz4,O1,-0.07621742056598257
dmnelf014,GSR_CEN,hz4,O2,0.035574787981586996
dmnelf014,GSR_CEN,hz4,F7,0.10443943872285723
dmnelf014,GSR_CEN,hz4,F8,-0.03508458683055894
dmnelf014,GSR_CEN,hz4,T7,-0.03440306969916146
dmnelf014,GSR_CEN,hz4,T8,0.004574429396744656
dmnelf014,GSR_CEN,hz4,P7,0.02390270722119537
dmnelf014,GSR_CEN,hz4,P8,0.1107925294343195
dmnelf014,GSR_CEN,hz4,Fz,-0.2370555189941881
dmnelf014,GSR_CEN,hz4,Cz,-0.1661857403909172
dmnelf014,GSR_CEN,hz4,Pz,-0.28247932324354286
dmnelf014,GSR_CEN,hz4,Oz,0.18067657168702395
dmnelf014,GSR_CEN,hz4,FC1,-0.1479715091108757
dmnelf014,GSR_CEN,hz4,FC2,-0.14619059652403588
dmnelf014,GSR_CEN,hz4,CP1,-0.24312728423396437
dmnelf014,GSR_CEN,hz4,CP2,-0.09767049516580692
dmnelf014,GSR_CEN,hz4,FC5,-0.1462627825769723
dmnelf014,GSR_CEN,hz4,FC6,-0.09404999224621036
dmnelf014,GSR_CEN,hz4,CP5,-0.23055977799104693
dmnelf014,GSR_CEN,hz4,CP6,0.01238344062045807
dmnelf014,GSR_CEN,hz4,TP9,0.12677495615786977
dmnelf014,GSR_CEN,hz4,TP10,-0.029572244192625885
dmnelf014,GSR_CEN,hz4,POz,-0.004019107431666891
dmnelf015,GSR_CEN,hz4,Fp1,0.3699495408253353
dmnelf015,GSR_CEN,hz4,Fp2,0.45358063898908696
dmnelf015,GSR_CEN,hz4,F3,0.46652628896665094
dmnelf015,GSR_CEN,hz4,F4,0.44709120531318586
dmnelf015,GSR_CEN,hz4,C3,0.4217302748856453
dmnelf015,GSR_CEN,hz4,C4,0.05420498693624705
dmnelf015,GSR_CEN,hz4,P3,0.33773494614115396
dmnelf015,GSR_CEN,hz4,P4,0.3696090912056732
dmnelf015,GSR_CEN,hz4,O1,0.5121344888794267
dmnelf015,GSR_CEN,hz4,O2,0.5373791790540488
dmnelf015,GSR_CEN,hz4,F7,0.5574377540774199
dmnelf015,GSR_CEN,hz4,F8,0.4535244241727253
dmnelf015,GSR_CEN,hz4,T7,0.41339475035575424
dmnelf015,GSR_CEN,hz4,T8,0.35637443343233427
dmnelf015,GSR_CEN,hz4,P7,0.38857865641347844
dmnelf015,GSR_CEN,hz4,P8,0.4666184409924919
dmnelf015,GSR_CEN,hz4,Fz,0.46158816637863176
dmnelf015,GSR_CEN,hz4,Cz,0.5079181854704838
dmnelf015,GSR_CEN,hz4,Pz,0.41449219450561237
dmnelf015,GSR_CEN,hz4,Oz,0.538528569137553
dmnelf015,GSR_CEN,hz4,FC1,0.4123306471617722
dmnelf015,GSR_CEN,hz4,FC2,0.44293574480589526
dmnelf015,GSR_CEN,hz4,CP1,0.27152278395084123
dmnelf015,GSR_CEN,hz4,CP2,0.4012161797536634
dmnelf015,GSR_CEN,hz4,FC5,0.48428047126194673
dmnelf015,GSR_CEN,hz4,FC6,0.32861914076833443
dmnelf015,GSR_CEN,hz4,CP5,0.16761754925189143
dmnelf015,GSR_CEN,hz4,CP6,0.3820290611833805
dmnelf015,GSR_CEN,hz4,TP9,0.4565108130730958
dmnelf015,GSR_CEN,hz4,TP10,0.3840108486919914
dmnelf015,GSR_CEN,hz4,POz,0.433376456502404
dmnelf1001,GSR_CEN,hz4,Fp1,0.021137290295517332
dmnelf1001,GSR_CEN,hz4,Fp2,-0.05922499345224583
dmnelf1001,GSR_CEN,hz4,F3,0.05221185651217018
dmnelf1001,GSR_CEN,hz4,F4,0.011887183039400888
dmnelf1001,GSR_CEN,hz4,C3,0.03856279562062091
dmnelf1001,GSR_CEN,hz4,C4,0.14978683447030347
dmnelf1001,GSR_CEN,hz4,P3,0.033497409471225585
dmnelf1001,GSR_CEN,hz4,P4,0.0630304798968489
dmnelf1001,GSR_CEN,hz4,O1,0.1393582162522232
dmnelf1001,GSR_CEN,hz4,O2,0.2373057605154262
dmnelf1001,GSR_CEN,hz4,F7,-0.08671059955502534
dmnelf1001,GSR_CEN,hz4,F8,0.11056179706208048
dmnelf1001,GSR_CEN,hz4,T7,0.24209980501931205
dmnelf1001,GSR_CEN,hz4,T8,-0.054477314385881256
dmnelf1001,GSR_CEN,hz4,P7,0.054850768679748585
dmnelf1001,GSR_CEN,hz4,P8,0.13393867140990628
dmnelf1001,GSR_CEN,hz4,Fz,0.11978132238124842
dmnelf1001,GSR_CEN,hz4,Cz,0.0458412748778846
dmnelf1001,GSR_CEN,hz4,Pz,0.26174756416810807
dmnelf1001,GSR_CEN,hz4,Oz,0.2068074612365922
dmnelf1001,GSR_CEN,hz4,FC1,0.10660075141086658
dmnelf1001,GSR_CEN,hz4,FC2,0.24888397346700028
dmnelf1001,GSR_CEN,hz4,CP1,0.10250814951280457
dmnelf1001,GSR_CEN,hz4,CP2,0.13560740415979494
dmnelf1001,GSR_CEN,hz4,FC5,0.07085314228424644
dmnelf1001,GSR_CEN,hz4,FC6,0.15976156445537934
dmnelf1001,GSR_CEN,hz4,CP5,0.07617346035498192
dmnelf1001,GSR_CEN,hz4,CP6,0.010861966143991236
dmnelf1001,GSR_CEN,hz4,TP9,0.17477109352022313
dmnelf1001,GSR_CEN,hz4,TP10,0.18273380668356978
dmnelf1001,GSR_CEN,hz4,POz,0.21021535862876917
dmnelf1002,GSR_CEN,hz4,Fp1,0.07749848238677479
dmnelf1002,GSR_CEN,hz4,Fp2,0.22769747699583895
dmnelf1002,GSR_CEN,hz4,F3,0.02094942909921158
dmnelf1002,GSR_CEN,hz4,F4,0.18446524568148384
dmnelf1002,GSR_CEN,hz4,C3,0.2084357881566074
dmnelf1002,GSR_CEN,hz4,C4,0.24010524270290906
dmnelf1002,GSR_CEN,hz4,P3,0.16353600251641626
dmnelf1002,GSR_CEN,hz4,P4,0.18031177072969723
dmnelf1002,GSR_CEN,hz4,O1,0.13919136123357762
dmnelf1002,GSR_CEN,hz4,O2,0.08106639768894733
dmnelf1002,GSR_CEN,hz4,F7,0.25290795301972924
dmnelf1002,GSR_CEN,hz4,F8,0.26775932234182764
dmnelf1002,GSR_CEN,hz4,T7,0.1501532119288014
dmnelf1002,GSR_CEN,hz4,T8,0.20812277171553062
dmnelf1002,GSR_CEN,hz4,P7,0.16371553853321236
dmnelf1002,GSR_CEN,hz4,P8,0.18038146963934393
dmnelf1002,GSR_CEN,hz4,Fz,0.2307690710074953
dmnelf1002,GSR_CEN,hz4,Cz,0.1909728166977233
dmnelf1002,GSR_CEN,hz4,Pz,0.04627194313603274
dmnelf1002,GSR_CEN,hz4,Oz,0.01733249070666428
dmnelf1002,GSR_CEN,hz4,FC1,0.20333695351838507
dmnelf1002,GSR_CEN,hz4,FC2,0.2308793480366247
dmnelf1002,GSR_CEN,hz4,CP1,0.24207978522203583
dmnelf1002,GSR_CEN,hz4,CP2,0.0595650139045656
dmnelf1002,GSR_CEN,hz4,FC5,0.31399165373740284
dmnelf1002,GSR_CEN,hz4,FC6,0.2340743899310323
dmnelf1002,GSR_CEN,hz4,CP5,0.23423164104652466
dmnelf1002,GSR_CEN,hz4,CP6,0.19091258113622422
dmnelf1002,GSR_CEN,hz4,TP9,0.0889696392174082
dmnelf1002,GSR_CEN,hz4,TP10,0.0467241067504761
dmnelf1002,GSR_CEN,hz4,POz,0.052468161941861685
dmnelf1003,GSR_CEN,hz4,Fp1,0.21019901064573054
dmnelf1003,GSR_CEN,hz4,Fp2,0.1654362935769444
dmnelf1003,GSR_CEN,hz4,F3,0.27283581488554304
dmnelf1003,GSR_CEN,hz4,F4,0.14585014028782028
dmnelf1003,GSR_CEN,hz4,C3,0.2864929827655513
dmnelf1003,GSR_CEN,hz4,C4,0.1905348863649344
dmnelf1003,GSR_CEN,hz4,P3,0.24761313978387137
dmnelf1003,GSR_CEN,hz4,P4,0.1346780546837983
dmnelf1003,GSR_CEN,hz4,O1,0.03244687849976885
dmnelf1003,GSR_CEN,hz4,O2,0.024681315418119187
dmnelf1003,GSR_CEN,hz4,F7,0.12228668461183642
dmnelf1003,GSR_CEN,hz4,F8,0.20765445447143052
dmnelf1003,GSR_CEN,hz4,T7,0.2830780093015773
dmnelf1003,GSR_CEN,hz4,T8,0.021711875598534908
dmnelf1003,GSR_CEN,hz4,P7,0.017200774590933974
dmnelf1003,GSR_CEN,hz4,P8,0.2057048757476967
dmnelf1003,GSR_CEN,hz4,Fz,0.15670195116170949
dmnelf1003,GSR_CEN,hz4,Cz,0.39382795198912235
dmnelf1003,GSR_CEN,hz4,Pz,0.44174735045193075
dmnelf1003,GSR_CEN,hz4,Oz,0.1440279850238676
dmnelf1003,GSR_CEN,hz4,FC1,0.05246271406291722
dmnelf1003,GSR_CEN,hz4,FC2,0.09547698007642384
dmnelf1003,GSR_CEN,hz4,CP1,0.37478147016528307
dmnelf1003,GSR_CEN,hz4,CP2,0.40209638251194885
dmnelf1003,GSR_CEN,hz4,FC5,0.31266758597739175
dmnelf1003,GSR_CEN,hz4,FC6,0.2574256608799111
dmnelf1003,GSR_CEN,hz4,CP5,0.26778720099157577
dmnelf1003,GSR_CEN,hz4,CP6,0.3338393090167028
dmnelf1003,GSR_CEN,hz4,TP9,0.018964822760651583
dmnelf1003,GSR_CEN,hz4,TP10,-0.009283693555677437
dmnelf1003,GSR_CEN,hz4,POz,0.18485243436502918
dmnelf001,GSR_PDA,hz4,Fp1,-0.019107203085985916
dmnelf001,GSR_PDA,hz4,Fp2,-0.10734173346272699
dmnelf001,GSR_PDA,hz4,F3,-0.01797846549903228
dmnelf001,GSR_PDA,hz4,F4,-0.05111049295278755
dmnelf001,GSR_PDA,hz4,C3,-0.052974632091400645
dmnelf001,GSR_PDA,hz4,C4,-0.10067513380130587
dmnelf001,GSR_PDA,hz4,P3,-0.12809431048371775
dmnelf001,GSR_PDA,hz4,P4,-0.06675763313095055
dmnelf001,GSR_PDA,hz4,O1,0.04499363869830776
dmnelf001,GSR_PDA,hz4,O2,-0.06618640123596832
dmnelf001,GSR_PDA,hz4,F7,0.0018416274280029857
dmnelf001,GSR_PDA,hz4,F8,-0.07363859602983164
dmnelf001,GSR_PDA,hz4,T7,0.02654075568997903
dmnelf001,GSR_PDA,hz4,T8,-0.1596393281797233
dmnelf001,GSR_PDA,hz4,P7,0.0557513866653474
dmnelf001,GSR_PDA,hz4,P8,-0.11722541264824674
dmnelf001,GSR_PDA,hz4,Fz,0.0371263442593974
dmnelf001,GSR_PDA,hz4,Cz,0.11927264710768024
dmnelf001,GSR_PDA,hz4,Pz,0.0942404823316665
dmnelf001,GSR_PDA,hz4,Oz,0.027697578475299585
dmnelf001,GSR_PDA,hz4,FC1,-0.05723799211231734
dmnelf001,GSR_PDA,hz4,FC2,0.12783840540859165
dmnelf001,GSR_PDA,hz4,CP1,-0.02814251747680305
dmnelf001,GSR_PDA,hz4,CP2,0.13349526658003202
dmnelf001,GSR_PDA,hz4,FC5,-0.051168719981558045
dmnelf001,GSR_PDA,hz4,FC6,-0.17294561206856116
dmnelf001,GSR_PDA,hz4,CP5,0.00614231571674248
dmnelf001,GSR_PDA,hz4,CP6,-0.17955076134412606
dmnelf001,GSR_PDA,hz4,TP9,-0.019598814456576463
dmnelf001,GSR_PDA,hz4,TP10,0.06714858243827271
dmnelf001,GSR_PDA,hz4,POz,0.16266065998469942
dmnelf004,GSR_PDA,hz4,Fp1,0.12337288751035141
dmnelf004,GSR_PDA,hz4,Fp2,0.1652036052116826
dmnelf004,GSR_PDA,hz4,F3,0.03669464263896266
dmnelf004,GSR_PDA,hz4,F4,0.22457795636285377
dmnelf004,GSR_PDA,hz4,C3,0.04127368808659562
dmnelf004,GSR_PDA,hz4,C4,0.25988724492245463
dmnelf004,GSR_PDA,hz4,P3,0.10806535595759426
dmnelf004,GSR_PDA,hz4,P4,0.22043748559594728
dmnelf004,GSR_PDA,hz4,O1,0.2054729311079404
dmnelf004,GSR_PDA,hz4,O2,0.13928210672843555
dmnelf004,GSR_PDA,hz4,F7,0.029572881200488274
dmnelf004,GSR_PDA,hz4,F8,0.040699744639007676
dmnelf004,GSR_PDA,hz4,T7,-0.012354093617351238
dmnelf004,GSR_PDA,hz4,T8,0.08772290835210819
dmnelf004,GSR_PDA,hz4,P7,0.11342638349733898
dmnelf004,GSR_PDA,hz4,P8,0.126885726946544
dmnelf004,GSR_PDA,hz4,Fz,0.3205409083750885
dmnelf004,GSR_PDA,hz4,Cz,0.3443527937134855
dmnelf004,GSR_PDA,hz4,Pz,0.2116212653874134
dmnelf004,GSR_PDA,hz4,Oz,0.3256476131132486
dmnelf004,GSR_PDA,hz4,FC1,0.21779563501933552
dmnelf004,GSR_PDA,hz4,FC2,0.2872963536301014
dmnelf004,GSR_PDA,hz4,CP1,0.1705943677516524
dmnelf004,GSR_PDA,hz4,CP2,0.07156462929750812
dmnelf004,GSR_PDA,hz4,FC5,0.17077303800847915
dmnelf004,GSR_PDA,hz4,FC6,0.10340642142845652
dmnelf004,GSR_PDA,hz4,CP5,0.34470491568673495
dmnelf004,GSR_PDA,hz4,CP6,0.0774902603964339
dmnelf004,GSR_PDA,hz4,TP9,0.00833677555822622
dmnelf004,GSR_PDA,hz4,TP10,0.17955642594552185
dmnelf004,GSR_PDA,hz4,POz,0.16277716214721935
dmnelf005,GSR_PDA,hz4,Fp1,0.21650014287102629
dmnelf005,GSR_PDA,hz4,Fp2,0.2883985118674166
dmnelf005,GSR_PDA,hz4,F3,0.3945995295983836
dmnelf005,GSR_PDA,hz4,F4,0.3472628180363594
dmnelf005,GSR_PDA,hz4,C3,0.3205460310491377
dmnelf005,GSR_PDA,hz4,C4,0.31482166683035234
dmnelf005,GSR_PDA,hz4,P3,0.27725467024898753
dmnelf005,GSR_PDA,hz4,P4,0.41098040020060206
dmnelf005,GSR_PDA,hz4,O1,0.246713483580377
dmnelf005,GSR_PDA,hz4,O2,0.10919485256264563
dmnelf005,GSR_PDA,hz4,F7,0.23923746417314332
dmnelf005,GSR_PDA,hz4,F8,0.1601839062662516
dmnelf005,GSR_PDA,hz4,T7,0.28958156851439654
dmnelf005,GSR_PDA,hz4,T8,0.2994883285650122
dmnelf005,GSR_PDA,hz4,P7,0.21213352675929853
dmnelf005,GSR_PDA,hz4,P8,0.3758161804352975
dmnelf005,GSR_PDA,hz4,Fz,0.4120149160904772
dmnelf005,GSR_PDA,hz4,Cz,0.21651545801589006
dmnelf005,GSR_PDA,hz4,Pz,0.26013451945540395
dmnelf005,GSR_PDA,hz4,Oz,0.21179147501312606
dmnelf005,GSR_PDA,hz4,FC1,0.42463039544865566
dmnelf005,GSR_PDA,hz4,FC2,0.39332652914261207
dmnelf005,GSR_PDA,hz4,CP1,0.19689860237071555
dmnelf005,GSR_PDA,hz4,CP2,0.23722012613821858
dmnelf005,GSR_PDA,hz4,FC5,0.25702014250486815
dmnelf005,GSR_PDA,hz4,FC6,0.15357142694829198
dmnelf005,GSR_PDA,hz4,CP5,0.35034269911878835
dmnelf005,GSR_PDA,hz4,CP6,0.4178780528498923
dmnelf005,GSR_PDA,hz4,TP9,0.10584628721205709
dmnelf005,GSR_PDA,hz4,TP10,0.232039330846877
dmnelf005,GSR_PDA,hz4,POz,0.3508182893556424
dmnelf006,GSR_PDA,hz4,Fp1,0.11046967843248909
dmnelf006,GSR_PDA,hz4,Fp2,0.11293534922863267
dmnelf006,GSR_PDA,hz4,F3,-0.02859349748684091
dmnelf006,GSR_PDA,hz4,F4,0.03628256677873461
dmnelf006,GSR_PDA,hz4,C3,-0.0578947440736529
dmnelf006,GSR_PDA,hz4,C4,-0.08752812730770154
dmnelf006,GSR_PDA,hz4,P3,0.10802972360905982
dmnelf006,GSR_PDA,hz4,P4,0.17520448333642086
dmnelf006,GSR_PDA,hz4,O1,0.21204171453849002
dmnelf006,GSR_PDA,hz4,O2,0.1566815527990382
dmnelf006,GSR_PDA,hz4,F7,0.03950324918112923
dmnelf006,GSR_PDA,hz4,F8,0.045846560519067985
dmnelf006,GSR_PDA,hz4,T7,0.017413460701809408
dmnelf006,GSR_PDA,hz4,T8,-0.11783565687340208
dmnelf006,GSR_PDA,hz4,P7,0.12454144125054187
dmnelf006,GSR_PDA,hz4,P8,-0.023005760630282944
dmnelf006,GSR_PDA,hz4,Fz,0.018136214781654066
dmnelf006,GSR_PDA,hz4,Cz,-0.0019366364364370586
dmnelf006,GSR_PDA,hz4,Pz,0.08514816488198432
dmnelf006,GSR_PDA,hz4,Oz,0.1882054171352717
dmnelf006,GSR_PDA,hz4,FC1,0.011271541732579972
dmnelf006,GSR_PDA,hz4,FC2,0.09643373722344321
dmnelf006,GSR_PDA,hz4,CP1,0.09169730982617699
dmnelf006,GSR_PDA,hz4,CP2,0.030747126201252167
dmnelf006,GSR_PDA,hz4,FC5,-0.059655191832032994
dmnelf006,GSR_PDA,hz4,FC6,0.016490160347998856
dmnelf006,GSR_PDA,hz4,CP5,0.007387026203150692
dmnelf006,GSR_PDA,hz4,CP6,-0.0362280569208605
dmnelf006,GSR_PDA,hz4,TP9,-0.0067218985168211315
dmnelf006,GSR_PDA,hz4,TP10,0.07813537796762561
dmnelf006,GSR_PDA,hz4,POz,0.01713862991994969
dmnelf007,GSR_PDA,hz4,Fp1,0.10682354356515666
dmnelf007,GSR_PDA,hz4,Fp2,0.06443525952538864
dmnelf007,GSR_PDA,hz4,F3,-0.1993018282629786
dmnelf007,GSR_PDA,hz4,F4,0.03115898634385371
dmnelf007,GSR_PDA,hz4,C3,0.2404878088093603
dmnelf007,GSR_PDA,hz4,C4,0.0013841602070801574
dmnelf007,GSR_PDA,hz4,P3,0.08289960800386965
dmnelf007,GSR_PDA,hz4,P4,0.12745531366665047
dmnelf007,GSR_PDA,hz4,O1,0.3670605465260742
dmnelf007,GSR_PDA,hz4,O2,0.11043572060917176
dmnelf007,GSR_PDA,hz4,F7,-0.044993543775468735
dmnelf007,GSR_PDA,hz4,F8,0.20336860300692533
dmnelf007,GSR_PDA,hz4,T7,-0.02016942320132841
dmnelf007,GSR_PDA,hz4,T8,-0.047704686312300515
dmnelf007,GSR_PDA,hz4,P7,0.3241516520930876
dmnelf007,GSR_PDA,hz4,P8,-0.08088350488552569
dmnelf007,GSR_PDA,hz4,Fz,0.2633112989888467
dmnelf007,GSR_PDA,hz4,Cz,0.23155258244573418
dmnelf007,GSR_PDA,hz4,Pz,0.23634732916598544
dmnelf007,GSR_PDA,hz4,Oz,0.11656729839857695
dmnelf007,GSR_PDA,hz4,FC1,-0.05708695725067305
dmnelf007,GSR_PDA,hz4,FC2,0.2219159513315861
dmnelf007,GSR_PDA,hz4,CP1,0.28836169283436486
dmnelf007,GSR_PDA,hz4,CP2,0.09367909997757959
dmnelf007,GSR_PDA,hz4,FC5,-0.06498216456855054
dmnelf007,GSR_PDA,hz4,FC6,0.08272615430688071
dmnelf007,GSR_PDA,hz4,CP5,-0.03168490242747861
dmnelf007,GSR_PDA,hz4,CP6,0.04863095896736263
dmnelf007,GSR_PDA,hz4,TP9,0.2059651961004043
dmnelf007,GSR_PDA,hz4,TP10,0.06995030995442894
dmnelf007,GSR_PDA,hz4,POz,0.23246561341802774
dmnelf008,GSR_PDA,hz4,Fp1,0.24737155816131415
dmnelf008,GSR_PDA,hz4,Fp2,0.39953388166432224
dmnelf008,GSR_PDA,hz4,F3,0.4210202148144155
dmnelf008,GSR_PDA,hz4,F4,0.26103179420733746
dmnelf008,GSR_PDA,hz4,C3,0.07393861610988225
dmnelf008,GSR_PDA,hz4,C4,-0.0016334670551568994
dmnelf008,GSR_PDA,hz4,P3,0.16865934476439715
dmnelf008,GSR_PDA,hz4,P4,0.18335275390377653
dmnelf008,GSR_PDA,hz4,O1,0.1784897307808172
dmnelf008,GSR_PDA,hz4,O2,0.23328890024821294
dmnelf008,GSR_PDA,hz4,F7,0.4872920480753788
dmnelf008,GSR_PDA,hz4,F8,0.2771991998985022
dmnelf008,GSR_PDA,hz4,T7,0.3139718271868408
dmnelf008,GSR_PDA,hz4,T8,0.34582591838093835
dmnelf008,GSR_PDA,hz4,P7,0.1376658827695963
dmnelf008,GSR_PDA,hz4,P8,0.167232072699043
dmnelf008,GSR_PDA,hz4,Fz,0.16042471988617174
dmnelf008,GSR_PDA,hz4,Cz,0.1453827237639031
dmnelf008,GSR_PDA,hz4,Pz,0.2151483750681189
dmnelf008,GSR_PDA,hz4,Oz,0.17635667005340142
dmnelf008,GSR_PDA,hz4,FC1,0.12881362794248236
dmnelf008,GSR_PDA,hz4,FC2,0.10925873116644866
dmnelf008,GSR_PDA,hz4,CP1,0.11053632530311568
dmnelf008,GSR_PDA,hz4,CP2,0.21142526561208463
dmnelf008,GSR_PDA,hz4,FC5,0.39645879267480005
dmnelf008,GSR_PDA,hz4,FC6,0.16978101836961007
dmnelf008,GSR_PDA,hz4,CP5,0.31173498391981447
dmnelf008,GSR_PDA,hz4,CP6,0.23084646436560835
dmnelf008,GSR_PDA,hz4,TP9,0.372881567162486
dmnelf008,GSR_PDA,hz4,TP10,0.24156447464199113
dmnelf008,GSR_PDA,hz4,POz,0.23904281607097214
dmnelf009,GSR_PDA,hz4,Fp1,-0.007320870087929934
dmnelf009,GSR_PDA,hz4,Fp2,-0.13841165031051011
dmnelf009,GSR_PDA,hz4,F3,0.08739539260653724
dmnelf009,GSR_PDA,hz4,F4,-0.10180773770330603
dmnelf009,GSR_PDA,hz4,C3,-0.008428136048876572
dmnelf009,GSR_PDA,hz4,C4,0.06343079186097378
dmnelf009,GSR_PDA,hz4,P3,0.1593901637015694
dmnelf009,GSR_PDA,hz4,P4,0.2747765980350608
dmnelf009,GSR_PDA,hz4,O1,-0.02933573446791162
dmnelf009,GSR_PDA,hz4,O2,0.22956497907733714
dmnelf009,GSR_PDA,hz4,F7,-0.06371671501966401
dmnelf009,GSR_PDA,hz4,F8,0.061125356050239804
dmnelf009,GSR_PDA,hz4,T7,-0.09747426898607256
dmnelf009,GSR_PDA,hz4,T8,0.029188201601094844
dmnelf009,GSR_PDA,hz4,P7,0.05191001047596913
dmnelf009,GSR_PDA,hz4,P8,0.10829424449591794
dmnelf009,GSR_PDA,hz4,Fz,-0.022188323244722353
dmnelf009,GSR_PDA,hz4,Cz,0.30229746828175774
dmnelf009,GSR_PDA,hz4,Pz,0.39436180062193626
dmnelf009,GSR_PDA,hz4,Oz,0.10162793097621152
dmnelf009,GSR_PDA,hz4,FC1,0.15550069016289214
dmnelf009,GSR_PDA,hz4,FC2,-0.05503526695942074
dmnelf009,GSR_PDA,hz4,CP1,0.3462400442520387
dmnelf009,GSR_PDA,hz4,CP2,0.3299269875008208
dmnelf009,GSR_PDA,hz4,FC5,0.20273909006373936
dmnelf009,GSR_PDA,hz4,FC6,0.04535262763569922
dmnelf009,GSR_PDA,hz4,CP5,0.09497027812906694
dmnelf009,GSR_PDA,hz4,CP6,0.32134485302798904
dmnelf009,GSR_PDA,hz4,TP9,0.07356803907783603
dmnelf009,GSR_PDA,hz4,TP10,-0.03514285715456162
dmnelf009,GSR_PDA,hz4,POz,0.23941585476729355
dmnelf010,GSR_PDA,hz4,Fp1,0.2692970701054904
dmnelf010,GSR_PDA,hz4,Fp2,0.09947191723398793
dmnelf010,GSR_PDA,hz4,F3,0.1895993473285766
dmnelf010,GSR_PDA,hz4,F4,0.16280342019410568
dmnelf010,GSR_PDA,hz4,C3,0.16565651776999335
dmnelf010,GSR_PDA,hz4,C4,0.06730501662354284
dmnelf010,GSR_PDA,hz4,P3,0.18692145648463465
dmnelf010,GSR_PDA,hz4,P4,0.1961217273573967
dmnelf010,GSR_PDA,hz4,O1,0.11174253347014756
dmnelf010,GSR_PDA,hz4,O2,0.09052090200593
dmnelf010,GSR_PDA,hz4,F7,0.23623904320722017
dmnelf010,GSR_PDA,hz4,F8,0.0803603033384887
dmnelf010,GSR_PDA,hz4,T7,0.15419713335742047
dmnelf010,GSR_PDA,hz4,T8,0.10911313597951611
dmnelf010,GSR_PDA,hz4,P7,0.17579943753850968
dmnelf010,GSR_PDA,hz4,P8,0.2568038085939812
dmnelf010,GSR_PDA,hz4,Fz,0.21953995690023437
dmnelf010,GSR_PDA,hz4,Cz,0.16545542589664783
dmnelf010,GSR_PDA,hz4,Pz,0.16784639559763626
dmnelf010,GSR_PDA,hz4,Oz,0.12260418897361179
dmnelf010,GSR_PDA,hz4,FC1,0.33474877235965567
dmnelf010,GSR_PDA,hz4,FC2,0.15618089634187637
dmnelf010,GSR_PDA,hz4,CP1,0.2755276544747851
dmnelf010,GSR_PDA,hz4,CP2,0.09144357081979629
dmnelf010,GSR_PDA,hz4,FC5,0.234973084054223
dmnelf010,GSR_PDA,hz4,FC6,0.0743860896704848
dmnelf010,GSR_PDA,hz4,CP5,0.19770853176230863
dmnelf010,GSR_PDA,hz4,CP6,0.22132179503344512
dmnelf010,GSR_PDA,hz4,TP9,0.2059451879430925
dmnelf010,GSR_PDA,hz4,TP10,0.07539987589386538
dmnelf010,GSR_PDA,hz4,POz,0.1480662059777187
dmnelf011,GSR_PDA,hz4,Fp1,0.0009169221602433435
dmnelf011,GSR_PDA,hz4,Fp2,-0.06312466399753024
dmnelf011,GSR_PDA,hz4,F3,-0.01683462096120334
dmnelf011,GSR_PDA,hz4,F4,-0.09113313227413646
dmnelf011,GSR_PDA,hz4,C3,-0.013623881389258935
dmnelf011,GSR_PDA,hz4,C4,-0.10261369954674808
dmnelf011,GSR_PDA,hz4,P3,0.023222797216073073
dmnelf011,GSR_PDA,hz4,P4,-0.09352688288750124
dmnelf011,GSR_PDA,hz4,O1,-0.020188440290602287
dmnelf011,GSR_PDA,hz4,O2,0.0216872674209469
dmnelf011,GSR_PDA,hz4,F7,0.01962756887776474
dmnelf011,GSR_PDA,hz4,F8,0.04331268587642795
dmnelf011,GSR_PDA,hz4,T7,0.039907055410401696
dmnelf011,GSR_PDA,hz4,T8,-0.16571568598764252
dmnelf011,GSR_PDA,hz4,P7,0.07107956892975248
dmnelf011,GSR_PDA,hz4,P8,-0.041251684423553245
dmnelf011,GSR_PDA,hz4,Fz,-0.03779348496501464
dmnelf011,GSR_PDA,hz4,Cz,0.0022526038834309427
dmnelf011,GSR_PDA,hz4,Pz,0.07513225468284415
dmnelf011,GSR_PDA,hz4,Oz,0.03399241299972544
dmnelf011,GSR_PDA,hz4,FC1,-0.023245192969376466
dmnelf011,GSR_PDA,hz4,FC2,-0.0653155584423532
dmnelf011,GSR_PDA,hz4,CP1,-0.02281007548803101
dmnelf011,GSR_PDA,hz4,CP2,0.05983164990341853
dmnelf011,GSR_PDA,hz4,FC5,-0.09139345285125747
dmnelf011,GSR_PDA,hz4,FC6,-0.09231070231390767
dmnelf011,GSR_PDA,hz4,CP5,-0.0607753027415677
dmnelf011,GSR_PDA,hz4,CP6,-0.07633814217524768
dmnelf011,GSR_PDA,hz4,TP9,0.10094386077894853
dmnelf011,GSR_PDA,hz4,TP10,-0.06515784849350868
dmnelf011,GSR_PDA,hz4,POz,0.05655082243912178
dmnelf012,GSR_PDA,hz4,Fp1,0.34848115921816114
dmnelf012,GSR_PDA,hz4,Fp2,0.09863096799346424
dmnelf012,GSR_PDA,hz4,F3,0.1341679874585456
dmnelf012,GSR_PDA,hz4,F4,0.06144654936764006
dmnelf012,GSR_PDA,hz4,C3,0.10587658017411877
dmnelf012,GSR_PDA,hz4,C4,0.20377210117862563
dmnelf012,GSR_PDA,hz4,P3,0.19021718172124258
dmnelf012,GSR_PDA,hz4,P4,0.24908945606738025
dmnelf012,GSR_PDA,hz4,O1,0.2311013074769013
dmnelf012,GSR_PDA,hz4,O2,0.19729650560280332
dmnelf012,GSR_PDA,hz4,F7,0.25618237116751236
dmnelf012,GSR_PDA,hz4,F8,0.1627471311772573
dmnelf012,GSR_PDA,hz4,T7,0.048297520568812306
dmnelf012,GSR_PDA,hz4,T8,0.15738987352870554
dmnelf012,GSR_PDA,hz4,P7,0.13648783902072809
dmnelf012,GSR_PDA,hz4,P8,0.19208289499821407
dmnelf012,GSR_PDA,hz4,Fz,0.17256704429214056
dmnelf012,GSR_PDA,hz4,Cz,0.2514744504858203
dmnelf012,GSR_PDA,hz4,Pz,0.390375140950444
dmnelf012,GSR_PDA,hz4,Oz,0.2350883283364593
dmnelf012,GSR_PDA,hz4,FC1,0.11717717792372612
dmnelf012,GSR_PDA,hz4,FC2,0.1333346552351014
dmnelf012,GSR_PDA,hz4,CP1,0.17432195682114018
dmnelf012,GSR_PDA,hz4,CP2,0.20407330112111882
dmnelf012,GSR_PDA,hz4,FC5,0.12575562758692477
dmnelf012,GSR_PDA,hz4,FC6,0.03161019567794779
dmnelf012,GSR_PDA,hz4,CP5,0.1298049465924765
dmnelf012,GSR_PDA,hz4,CP6,0.1476745826277711
dmnelf012,GSR_PDA,hz4,TP9,0.09225335686371405
dmnelf012,GSR_PDA,hz4,TP10,0.19368040605878364
dmnelf012,GSR_PDA,hz4,POz,0.41826404450363563
dmnelf013,GSR_PDA,hz4,Fp1,0.08908953837818642
dmnelf013,GSR_PDA,hz4,Fp2,0.06794504890208866
dmnelf013,GSR_PDA,hz4,F3,0.11948040400588107
dmnelf013,GSR_PDA,hz4,F4,0.1847777541409976
dmnelf013,GSR_PDA,hz4,C3,0.1487848255976408
dmnelf013,GSR_PDA,hz4,C4,0.1488519120421926
dmnelf013,GSR_PDA,hz4,P3,0.192647008910666
dmnelf013,GSR_PDA,hz4,P4,0.23528728153986586
dmnelf013,GSR_PDA,hz4,O1,0.2762273157726078
dmnelf013,GSR_PDA,hz4,O2,0.19301873061859498
dmnelf013,GSR_PDA,hz4,F7,0.2519795093765274
dmnelf013,GSR_PDA,hz4,F8,0.22610625056521833
dmnelf013,GSR_PDA,hz4,T7,0.25293509733689745
dmnelf013,GSR_PDA,hz4,T8,0.24675679232993297
dmnelf013,GSR_PDA,hz4,P7,0.2585058674415725
dmnelf013,GSR_PDA,hz4,P8,0.17152853436657325
dmnelf013,GSR_PDA,hz4,Fz,0.1367315180050228
dmnelf013,GSR_PDA,hz4,Cz,0.2216094292946471
dmnelf013,GSR_PDA,hz4,Pz,-0.0017021617348819268
dmnelf013,GSR_PDA,hz4,Oz,0.20217053324444126
dmnelf013,GSR_PDA,hz4,FC1,0.2234971655804215
dmnelf013,GSR_PDA,hz4,FC2,0.10116988350622072
dmnelf013,GSR_PDA,hz4,CP1,0.0863613338007141
dmnelf013,GSR_PDA,hz4,CP2,0.287458130861035
dmnelf013,GSR_PDA,hz4,FC5,0.32343057677926723
dmnelf013,GSR_PDA,hz4,FC6,0.25085084992324014
dmnelf013,GSR_PDA,hz4,CP5,0.19971646647119717
dmnelf013,GSR_PDA,hz4,CP6,0.16153212483584717
dmnelf013,GSR_PDA,hz4,TP9,0.27396826694310605
dmnelf013,GSR_PDA,hz4,TP10,0.27583654914581046
dmnelf013,GSR_PDA,hz4,POz,0.3298168802837257
dmnelf014,GSR_PDA,hz4,Fp1,0.012465768180662834
dmnelf014,GSR_PDA,hz4,Fp2,0.01805210106320662
dmnelf014,GSR_PDA,hz4,F3,-0.05743066176842239
dmnelf014,GSR_PDA,hz4,F4,0.06244999765314735
dmnelf014,GSR_PDA,hz4,C3,-0.07398045902306694
dmnelf014,GSR_PDA,hz4,C4,-0.02751804830188247
dmnelf014,GSR_PDA,hz4,P3,0.11070521253568022
dmnelf014,GSR_PDA,hz4,P4,0.033481612401479344
dmnelf014,GSR_PDA,hz4,O1,0.14318738498287442
dmnelf014,GSR_PDA,hz4,O2,0.0886230395539112
dmnelf014,GSR_PDA,hz4,F7,-0.11874936168417467
dmnelf014,GSR_PDA,hz4,F8,0.13078227977080437
dmnelf014,GSR_PDA,hz4,T7,-0.04434280043484502
dmnelf014,GSR_PDA,hz4,T8,-0.11242245677474355
dmnelf014,GSR_PDA,hz4,P7,-0.03911526916406284
dmnelf014,GSR_PDA,hz4,P8,0.02502371220714178
dmnelf014,GSR_PDA,hz4,Fz,-0.006619322031119201
dmnelf014,GSR_PDA,hz4,Cz,0.05246599990842221
dmnelf014,GSR_PDA,hz4,Pz,-0.08969804992430666
dmnelf014,GSR_PDA,hz4,Oz,-0.06294019871953574
dmnelf014,GSR_PDA,hz4,FC1,-0.06705749751378777
dmnelf014,GSR_PDA,hz4,FC2,0.05667030020795956
dmnelf014,GSR_PDA,hz4,CP1,0.14295534662934428
dmnelf014,GSR_PDA,hz4,CP2,0.13029141593722351
dmnelf014,GSR_PDA,hz4,FC5,0.015761368722516274
dmnelf014,GSR_PDA,hz4,FC6,0.01720931905573056
dmnelf014,GSR_PDA,hz4,CP5,0.0173835482920217
dmnelf014,GSR_PDA,hz4,CP6,-0.12083832693029367
dmnelf014,GSR_PDA,hz4,TP9,0.12217027145707456
dmnelf014,GSR_PDA,hz4,TP10,-0.16867953751407186
dmnelf014,GSR_PDA,hz4,POz,0.05455166120847116
dmnelf015,GSR_PDA,hz4,Fp1,0.3944441389904585
dmnelf015,GSR_PDA,hz4,Fp2,0.3352594537948327
dmnelf015,GSR_PDA,hz4,F3,0.3016162505333763
dmnelf015,GSR_PDA,hz4,F4,0.4225616392931806
dmnelf015,GSR_PDA,hz4,C3,0.3091963180423585
dmnelf015,GSR_PDA,hz4,C4,-0.023024429302318294
dmnelf015,GSR_PDA,hz4,P3,0.4500779585960151
dmnelf015,GSR_PDA,hz4,P4,0.4076583353067706
dmnelf015,GSR_PDA,hz4,O1,0.5361349317535304
dmnelf015,GSR_PDA,hz4,O2,0.5068968520294921
dmnelf015,GSR_PDA,hz4,F7,0.39165873239815135
dmnelf015,GSR_PDA,hz4,F8,0.4715219188514246
dmnelf015,GSR_PDA,hz4,T7,0.37110933438438837
dmnelf015,GSR_PDA,hz4,T8,0.3447628053703118
dmnelf015,GSR_PDA,hz4,P7,0.5284244100053843
dmnelf015,GSR_PDA,hz4,P8,0.46189090767961627
dmnelf015,GSR_PDA,hz4,Fz,0.3768820628284686
dmnelf015,GSR_PDA,hz4,Cz,0.4754650341635555
dmnelf015,GSR_PDA,hz4,Pz,0.4577773113914207
dmnelf015,GSR_PDA,hz4,Oz,0.5397762140597332
dmnelf015,GSR_PDA,hz4,FC1,0.476128020157773
dmnelf015,GSR_PDA,hz4,FC2,0.38172690180461943
dmnelf015,GSR_PDA,hz4,CP1,0.3731996958859154
dmnelf015,GSR_PDA,hz4,CP2,0.4532854472403436
dmnelf015,GSR_PDA,hz4,FC5,0.36161320504804617
dmnelf015,GSR_PDA,hz4,FC6,0.379693716684124
dmnelf015,GSR_PDA,hz4,CP5,0.26093523601946705
dmnelf015,GSR_PDA,hz4,CP6,0.4739073954543812
dmnelf015,GSR_PDA,hz4,TP9,0.4063823160988921
dmnelf015,GSR_PDA,hz4,TP10,0.3928258010872094
dmnelf015,GSR_PDA,hz4,POz,0.44191782657169393
dmnelf1001,GSR_PDA,hz4,Fp1,0.06485901681105166
dmnelf1001,GSR_PDA,hz4,Fp2,-0.09559627986113836
dmnelf1001,GSR_PDA,hz4,F3,0.09199704546969537
dmnelf1001,GSR_PDA,hz4,F4,0.017861277261475614
dmnelf1001,GSR_PDA,hz4,C3,-0.02187440967841299
dmnelf1001,GSR_PDA,hz4,C4,0.03581423426663823
dmnelf1001,GSR_PDA,hz4,P3,-0.0061548007514688405
dmnelf1001,GSR_PDA,hz4,P4,-0.04568616548072335
dmnelf1001,GSR_PDA,hz4,O1,0.006313328302894564
dmnelf1001,GSR_PDA,hz4,O2,0.061512525599349104
dmnelf1001,GSR_PDA,hz4,F7,0.03584009767895359
dmnelf1001,GSR_PDA,hz4,F8,0.03816726810659928
dmnelf1001,GSR_PDA,hz4,T7,0.15830786368597904
dmnelf1001,GSR_PDA,hz4,T8,-0.13513918973428307
dmnelf1001,GSR_PDA,hz4,P7,-0.04270478137484529
dmnelf1001,GSR_PDA,hz4,P8,-0.059869098124716705
dmnelf1001,GSR_PDA,hz4,Fz,0.09449613987869553
dmnelf1001,GSR_PDA,hz4,Cz,-0.02830123501634349
dmnelf1001,GSR_PDA,hz4,Pz,0.28209894091894555
dmnelf1001,GSR_PDA,hz4,Oz,0.01571889475014887
dmnelf1001,GSR_PDA,hz4,FC1,0.030708941845186292
dmnelf1001,GSR_PDA,hz4,FC2,0.09372286576031216
dmnelf1001,GSR_PDA,hz4,CP1,0.009135318676020458
dmnelf1001,GSR_PDA,hz4,CP2,0.11447325998971844
dmnelf1001,GSR_PDA,hz4,FC5,0.07416766032625431
dmnelf1001,GSR_PDA,hz4,FC6,0.11855920339712304
dmnelf1001,GSR_PDA,hz4,CP5,0.06316417022955403
dmnelf1001,GSR_PDA,hz4,CP6,-0.04382815120203869
dmnelf1001,GSR_PDA,hz4,TP9,0.032448784593628474
dmnelf1001,GSR_PDA,hz4,TP10,-0.018859903277506255
dmnelf1001,GSR_PDA,hz4,POz,-0.07414835078027976
dmnelf1002,GSR_PDA,hz4,Fp1,0.10002879584698829
dmnelf1002,GSR_PDA,hz4,Fp2,0.15284220392932352
dmnelf1002,GSR_PDA,hz4,F3,0.06492046842543375
dmnelf1002,GSR_PDA,hz4,F4,0.019981932409638647
dmnelf1002,GSR_PDA,hz4,C3,0.17518583623333797
dmnelf1002,GSR_PDA,hz4,C4,0.2195974287335763
dmnelf1002,GSR_PDA,hz4,P3,0.09410407168050813
dmnelf1002,GSR_PDA,hz4,P4,0.12953687048443838
dmnelf1002,GSR_PDA,hz4,O1,0.10663907900468997
dmnelf1002,GSR_PDA,hz4,O2,0.08338831341596493
dmnelf1002,GSR_PDA,hz4,F7,0.2635438788844825
dmnelf1002,GSR_PDA,hz4,F8,0.16140253153113782
dmnelf1002,GSR_PDA,hz4,T7,0.09718177148640718
dmnelf1002,GSR_PDA,hz4,T8,0.05254048133748125
dmnelf1002,GSR_PDA,hz4,P7,0.040593946370008516
dmnelf1002,GSR_PDA,hz4,P8,0.006961192658302058
dmnelf1002,GSR_PDA,hz4,Fz,0.19588975283787197
dmnelf1002,GSR_PDA,hz4,Cz,0.1688210937114282
dmnelf1002,GSR_PDA,hz4,Pz,-0.014727029603979383
dmnelf1002,GSR_PDA,hz4,Oz,0.08677684925875953
dmnelf1002,GSR_PDA,hz4,FC1,0.20741466514485357
dmnelf1002,GSR_PDA,hz4,FC2,0.03432547320733856
dmnelf1002,GSR_PDA,hz4,CP1,0.18973290934309014
dmnelf1002,GSR_PDA,hz4,CP2,0.1460534390984515
dmnelf1002,GSR_PDA,hz4,FC5,0.3128721440955768
dmnelf1002,GSR_PDA,hz4,FC6,0.09574559899231469
dmnelf1002,GSR_PDA,hz4,CP5,0.10423514651880365
dmnelf1002,GSR_PDA,hz4,CP6,0.21302901409055514
dmnelf1002,GSR_PDA,hz4,TP9,-0.030187683374350863
dmnelf1002,GSR_PDA,hz4,TP10,0.05368216578461014
dmnelf1002,GSR_PDA,hz4,POz,0.11320480621561307
dmnelf1003,GSR_PDA,hz4,Fp1,0.11558345425669773
dmnelf1003,GSR_PDA,hz4,Fp2,0.1860361491015443
dmnelf1003,GSR_PDA,hz4,F3,0.05024477887738747
dmnelf1003,GSR_PDA,hz4,F4,-0.041165704170525466
dmnelf1003,GSR_PDA,hz4,C3,0.19452456706550664
dmnelf1003,GSR_PDA,hz4,C4,-0.08481586135545825
dmnelf1003,GSR_PDA,hz4,P3,0.17789762970293083
dmnelf1003,GSR_PDA,hz4,P4,-0.058041686758023875
dmnelf1003,GSR_PDA,hz4,O1,0.014073802685468165
dmnelf1003,GSR_PDA,hz4,O2,-0.0341266174963192
dmnelf1003,GSR_PDA,hz4,F7,-0.027343266976717878
dmnelf1003,GSR_PDA,hz4,F8,0.03962827227269242
dmnelf1003,GSR_PDA,hz4,T7,-0.023775269552697677
dmnelf1003,GSR_PDA,hz4,T8,0.003350831631256936
dmnelf1003,GSR_PDA,hz4,P7,0.22120576798608693
dmnelf1003,GSR_PDA,hz4,P8,0.021926364640564
dmnelf1003,GSR_PDA,hz4,Fz,-0.1182518753704049
dmnelf1003,GSR_PDA,hz4,Cz,0.11582642638760116
dmnelf1003,GSR_PDA,hz4,Pz,0.15747271281266464
dmnelf1003,GSR_PDA,hz4,Oz,-0.038838386118773785
dmnelf1003,GSR_PDA,hz4,FC1,0.12156910651417185
dmnelf1003,GSR_PDA,hz4,FC2,-0.11381790730106045
dmnelf1003,GSR_PDA,hz4,CP1,0.23116325798581655
dmnelf1003,GSR_PDA,hz4,CP2,0.053994262993509
dmnelf1003,GSR_PDA,hz4,FC5,0.02120296840380965
dmnelf1003,GSR_PDA,hz4,FC6,0.04823873284770215
dmnelf1003,GSR_PDA,hz4,CP5,0.13689647862745527
dmnelf1003,GSR_PDA,hz4,CP6,-0.09537746445630514
dmnelf1003,GSR_PDA,hz4,TP9,-0.09437030552238639
dmnelf1003,GSR_PDA,hz4,TP10,-0.17060613196597493
dmnelf1003,GSR_PDA,hz4,POz,-0.08528867244999608
