subject,band,region,lag_sec,lag_tr,r,n_runs,n_tr_total
dmnelf001,0,DMN,-10.0,-8,0.018892971930084487,2,684
dmnelf001,0,DMN,-8.0,-7,-0.0033931466793104626,2,686
dmnelf001,0,DMN,-6.0,-5,0.00708349077815298,2,690
dmnelf001,0,DMN,-4.0,-3,0.009567706555267763,2,694
dmnelf001,0,DMN,-2.0,-2,-0.030120760061514217,2,696
dmnelf001,0,DMN,0.0,0,-0.045865847147519706,2,700
dmnelf001,0,DMN,2.0,2,-0.12042170558663544,2,696
dmnelf001,0,DMN,4.0,3,-0.13857974884064048,2,694
dmnelf001,0,DMN,6.0,5,-0.020472189181611252,2,690
dmnelf001,0,DMN,8.0,7,-0.009374001959907025,2,686
dmnelf001,0,DMN,10.0,8,0.004974285201974515,2,684
dmnelf001,0,CEN,-10.0,-8,-0.0043642676657844395,2,684
dmnelf001,0,CEN,-8.0,-7,-0.03758542020681492,2,686
dmnelf001,0,CEN,-6.0,-5,-0.013127505966683942,2,690
dmnelf001,0,CEN,-4.0,-3,0.03878696738657454,2,694
dmnelf001,0,CEN,-2.0,-2,0.015537997822818084,2,696
dmnelf001,0,CEN,0.0,0,0.09332832382361494,2,700
dmnelf001,0,CEN,2.0,2,0.02189912350516905,2,696
dmnelf001,0,CEN,4.0,3,0.017243783578694473,2,694
dmnelf001,0,CEN,6.0,5,0.12362994605538513,2,690
dmnelf001,0,CEN,8.0,7,0.08272861199863377,2,686
dmnelf001,0,CEN,10.0,8,0.07258448349676712,2,684
dmnelf001,1,DMN,-10.0,-8,0.052201960620030345,2,684
dmnelf001,1,DMN,-8.0,-7,0.028691885831832763,2,686
dmnelf001,1,DMN,-6.0,-5,0.0282820345179741,2,690
dmnelf001,1,DMN,-4.0,-3,0.040014734776247826,2,694
dmnelf001,1,DMN,-2.0,-2,0.017541105653937263,2,696
dmnelf001,1,DMN,0.0,0,0.00496376834210623,2,700
dmnelf001,1,DMN,2.0,2,-0.023438768571367653,2,696
dmnelf001,1,DMN,4.0,3,-0.07103809895132696,2,694
dmnelf001,1,DMN,6.0,5,-0.024199514210388115,2,690
dmnelf001,1,DMN,8.0,7,-0.004244480640112292,2,686
dmnelf001,1,DMN,10.0,8,0.012554757444445157,2,684
dmnelf001,1,CEN,-10.0,-8,-0.03022868879155775,2,684
dmnelf001,1,CEN,-8.0,-7,-0.05088071805021734,2,686
dmnelf001,1,CEN,-6.0,-5,-0.03411243263390147,2,690
dmnelf001,1,CEN,-4.0,-3,-0.026310031190486423,2,694
dmnelf001,1,CEN,-2.0,-2,-0.05614424573383899,2,696
dmnelf001,1,CEN,0.0,0,0.007964634636396215,2,700
dmnelf001,1,CEN,2.0,2,-0.030849450230579934,2,696
dmnelf001,1,CEN,4.0,3,-0.06187692642216742,2,694
dmnelf001,1,CEN,6.0,5,0.03596453003253186,2,690
dmnelf001,1,CEN,8.0,7,0.048656435862660836,2,686
dmnelf001,1,CEN,10.0,8,0.04587899520539811,2,684
dmnelf001,2,DMN,-10.0,-8,0.04363818930358362,2,684
dmnelf001,2,DMN,-8.0,-7,0.028773682217597366,2,686
dmnelf001,2,DMN,-6.0,-5,0.07276800127612372,2,690
dmnelf001,2,DMN,-4.0,-3,0.09104502008323193,2,694
dmnelf001,2,DMN,-2.0,-2,0.12801140539416228,2,696
dmnelf001,2,DMN,0.0,0,0.12796130951676998,2,700
dmnelf001,2,DMN,2.0,2,0.10146038641647476,2,696
dmnelf001,2,DMN,4.0,3,0.05643345948679026,2,694
dmnelf001,2,DMN,6.0,5,0.05546212395482998,2,690
dmnelf001,2,DMN,8.0,7,-0.01430396799413973,2,686
dmnelf001,2,DMN,10.0,8,-0.021975453841415218,2,684
dmnelf001,2,CEN,-10.0,-8,0.0017802845355487202,2,684
dmnelf001,2,CEN,-8.0,-7,-0.0057984804685574974,2,686
dmnelf001,2,CEN,-6.0,-5,0.013774279119108682,2,690
dmnelf001,2,CEN,-4.0,-3,0.016579898407185704,2,694
dmnelf001,2,CEN,-2.0,-2,0.03627641619521887,2,696
dmnelf001,2,CEN,0.0,0,0.06291449879540356,2,700
dmnelf001,2,CEN,2.0,2,0.032665045259956664,2,696
dmnelf001,2,CEN,4.0,3,-0.0060883168057873464,2,694
dmnelf001,2,CEN,6.0,5,0.006736921835242814,2,690
dmnelf001,2,CEN,8.0,7,-0.03181970297237837,2,686
dmnelf001,2,CEN,10.0,8,-0.018348500244800912,2,684
dmnelf001,3,DMN,-10.0,-8,0.00205617744807894,2,684
dmnelf001,3,DMN,-8.0,-7,0.009541402112651129,2,686
dmnelf001,3,DMN,-6.0,-5,0.07592039721916642,2,690
dmnelf001,3,DMN,-4.0,-3,0.132475854154045,2,694
dmnelf001,3,DMN,-2.0,-2,0.14820272866011,2,696
dmnelf001,3,DMN,0.0,0,0.12807828315089,2,700
dmnelf001,3,DMN,2.0,2,0.0928193016004357,2,696
dmnelf001,3,DMN,4.0,3,0.041169241681680555,2,694
dmnelf001,3,DMN,6.0,5,-0.014904734053650235,2,690
dmnelf001,3,DMN,8.0,7,-0.027770895064049415,2,686
dmnelf001,3,DMN,10.0,8,-0.008568416858752542,2,684
dmnelf001,3,CEN,-10.0,-8,0.003816331942698451,2,684
dmnelf001,3,CEN,-8.0,-7,0.008966554449303825,2,686
dmnelf001,3,CEN,-6.0,-5,0.04079822269871627,2,690
dmnelf001,3,CEN,-4.0,-3,0.06850666598771563,2,694
dmnelf001,3,CEN,-2.0,-2,0.0682373291278902,2,696
dmnelf001,3,CEN,0.0,0,0.07880999337837316,2,700
dmnelf001,3,CEN,2.0,2,0.07079611583751418,2,696
dmnelf001,3,CEN,4.0,3,0.021487425666520853,2,694
dmnelf001,3,CEN,6.0,5,-0.028164458412288002,2,690
dmnelf001,3,CEN,8.0,7,-0.05082521388511504,2,686
dmnelf001,3,CEN,10.0,8,-0.016185904253633053,2,684
dmnelf001,4,DMN,-10.0,-8,0.004567489355175109,2,684
dmnelf001,4,DMN,-8.0,-7,0.007240882814238603,2,686
dmnelf001,4,DMN,-6.0,-5,0.05846932202397145,2,690
dmnelf001,4,DMN,-4.0,-3,0.11617582249275299,2,694
dmnelf001,4,DMN,-2.0,-2,0.11494550646047752,2,696
dmnelf001,4,DMN,0.0,0,0.08199624659630432,2,700
dmnelf001,4,DMN,2.0,2,0.03360336157458884,2,696
dmnelf001,4,DMN,4.0,3,-0.017670170046221494,2,694
dmnelf001,4,DMN,6.0,5,-0.06534179803619546,2,690
dmnelf001,4,DMN,8.0,7,-0.07128511051747526,2,686
dmnelf001,4,DMN,10.0,8,-0.04640662463064879,2,684
dmnelf001,4,CEN,-10.0,-8,0.006835522101748017,2,684
dmnelf001,4,CEN,-8.0,-7,-0.00010267920839415458,2,686
dmnelf001,4,CEN,-6.0,-5,0.025373470945835364,2,690
dmnelf001,4,CEN,-4.0,-3,0.06434441994743,2,694
dmnelf001,4,CEN,-2.0,-2,0.0478607887606648,2,696
dmnelf001,4,CEN,0.0,0,0.06925189556126018,2,700
dmnelf001,4,CEN,2.0,2,0.03531563273948173,2,696
dmnelf001,4,CEN,4.0,3,-0.010042508958672787,2,694
dmnelf001,4,CEN,6.0,5,-0.057154982781993165,2,690
dmnelf001,4,CEN,8.0,7,-0.07140236198481482,2,686
dmnelf001,4,CEN,10.0,8,-0.03491658825600973,2,684
dmnelf001,5,DMN,-10.0,-8,0.04389908354357572,2,684
dmnelf001,5,DMN,-8.0,-7,0.027402834598261358,2,686
dmnelf001,5,DMN,-6.0,-5,0.03652983154949653,2,690
dmnelf001,5,DMN,-4.0,-3,0.057292148442249426,2,694
dmnelf001,5,DMN,-2.0,-2,0.026115024047244025,2,696
dmnelf001,5,DMN,0.0,0,0.04950048511927392,2,700
dmnelf001,5,DMN,2.0,2,-0.0047083405072714255,2,696
dmnelf001,5,DMN,4.0,3,-0.04912293126232025,2,694
dmnelf001,5,DMN,6.0,5,-0.0639507796432245,2,690
dmnelf001,5,DMN,8.0,7,-0.06783966637648815,2,686
dmnelf001,5,DMN,10.0,8,-0.062412282847609295,2,684
dmnelf001,5,CEN,-10.0,-8,0.018879676886721382,2,684
dmnelf001,5,CEN,-8.0,-7,-0.0071327085211082735,2,686
dmnelf001,5,CEN,-6.0,-5,0.016687898420496183,2,690
dmnelf001,5,CEN,-4.0,-3,0.03814063896775929,2,694
dmnelf001,5,CEN,-2.0,-2,-0.012311001147591117,2,696
dmnelf001,5,CEN,0.0,0,0.08565479171354817,2,700
dmnelf001,5,CEN,2.0,2,-0.001732738416790772,2,696
dmnelf001,5,CEN,4.0,3,-0.04712624652393348,2,694
dmnelf001,5,CEN,6.0,5,-0.07410978302188236,2,690
dmnelf001,5,CEN,8.0,7,-0.10966044877816236,2,686
dmnelf001,5,CEN,10.0,8,-0.1099135044783849,2,684
dmnelf001,6,DMN,-10.0,-8,0.09492746534256385,2,684
dmnelf001,6,DMN,-8.0,-7,0.08268706600800493,2,686
dmnelf001,6,DMN,-6.0,-5,0.057750457903531414,2,690
dmnelf001,6,DMN,-4.0,-3,0.02630276706012505,2,694
dmnelf001,6,DMN,-2.0,-2,-0.0061070492805347055,2,696
dmnelf001,6,DMN,0.0,0,0.05594853067409319,2,700
dmnelf001,6,DMN,2.0,2,0.008441634216534804,2,696
dmnelf001,6,DMN,4.0,3,-0.021616812834852183,2,694
dmnelf001,6,DMN,6.0,5,-0.01953018074226074,2,690
dmnelf001,6,DMN,8.0,7,-0.020451494869064835,2,686
dmnelf001,6,DMN,10.0,8,-0.04515126331268656,2,684
dmnelf001,6,CEN,-10.0,-8,0.03677418207661086,2,684
dmnelf001,6,CEN,-8.0,-7,0.021144395808426326,2,686
dmnelf001,6,CEN,-6.0,-5,0.011353287088339539,2,690
dmnelf001,6,CEN,-4.0,-3,0.007934287092537025,2,694
dmnelf001,6,CEN,-2.0,-2,-0.03078979168358486,2,696
dmnelf001,6,CEN,0.0,0,0.09625421344060175,2,700
dmnelf001,6,CEN,2.0,2,0.023166021771587036,2,696
dmnelf001,6,CEN,4.0,3,-0.01577895683410287,2,694
dmnelf001,6,CEN,6.0,5,-0.03171340384048858,2,690
dmnelf001,6,CEN,8.0,7,-0.06609292031698934,2,686
dmnelf001,6,CEN,10.0,8,-0.09726748850489729,2,684
dmnelf001,7,DMN,-10.0,-8,0.06503979197474732,2,684
dmnelf001,7,DMN,-8.0,-7,0.05516122762590039,2,686
dmnelf001,7,DMN,-6.0,-5,0.012349000403885911,2,690
dmnelf001,7,DMN,-4.0,-3,0.016772303241168126,2,694
dmnelf001,7,DMN,-2.0,-2,0.006422333967634703,2,696
dmnelf001,7,DMN,0.0,0,0.024396729920504942,2,700
dmnelf001,7,DMN,2.0,2,-0.02441180864486509,2,696
dmnelf001,7,DMN,4.0,3,-0.024535424552786813,2,694
dmnelf001,7,DMN,6.0,5,-0.049664679967862994,2,690
dmnelf001,7,DMN,8.0,7,-0.04667996502663715,2,686
dmnelf001,7,DMN,10.0,8,-0.0858881776444148,2,684
dmnelf001,7,CEN,-10.0,-8,0.01934597898873061,2,684
dmnelf001,7,CEN,-8.0,-7,0.003802779448026702,2,686
dmnelf001,7,CEN,-6.0,-5,-0.018583933616139445,2,690
dmnelf001,7,CEN,-4.0,-3,0.02662457881049021,2,694
dmnelf001,7,CEN,-2.0,-2,0.019510512797010295,2,696
dmnelf001,7,CEN,0.0,0,0.05250419146408033,2,700
dmnelf001,7,CEN,2.0,2,0.012940017341092683,2,696
dmnelf001,7,CEN,4.0,3,-0.013429675704818825,2,694
dmnelf001,7,CEN,6.0,5,-0.05876033920975436,2,690
dmnelf001,7,CEN,8.0,7,-0.06925038403388731,2,686
dmnelf001,7,CEN,10.0,8,-0.09268916232922954,2,684
dmnelf001,8,DMN,-10.0,-8,0.009181552460363025,2,684
dmnelf001,8,DMN,-8.0,-7,0.00152825298555439,2,686
dmnelf001,8,DMN,-6.0,-5,-0.030615532066320922,2,690
dmnelf001,8,DMN,-4.0,-3,-0.02770127733839277,2,694
dmnelf001,8,DMN,-2.0,-2,-0.033698660947970846,2,696
dmnelf001,8,DMN,0.0,0,-0.019704868574556257,2,700
dmnelf001,8,DMN,2.0,2,-0.04745185674320828,2,696
dmnelf001,8,DMN,4.0,3,-0.03691531917745905,2,694
dmnelf001,8,DMN,6.0,5,-0.03749759861182163,2,690
dmnelf001,8,DMN,8.0,7,-0.049778093671454283,2,686
dmnelf001,8,DMN,10.0,8,-0.08195727843761484,2,684
dmnelf001,8,CEN,-10.0,-8,-0.009685065035814781,2,684
dmnelf001,8,CEN,-8.0,-7,-0.014639371254022216,2,686
dmnelf001,8,CEN,-6.0,-5,-0.039473914016692625,2,690
dmnelf001,8,CEN,-4.0,-3,-0.003085087184015034,2,694
dmnelf001,8,CEN,-2.0,-2,0.004842178775676748,2,696
dmnelf001,8,CEN,0.0,0,0.034385671533114746,2,700
dmnelf001,8,CEN,2.0,2,0.00899611789094406,2,696
dmnelf001,8,CEN,4.0,3,-0.007143463438221012,2,694
dmnelf001,8,CEN,6.0,5,-0.02883616850775284,2,690
dmnelf001,8,CEN,8.0,7,-0.052599363995786824,2,686
dmnelf001,8,CEN,10.0,8,-0.0592944369298181,2,684
dmnelf001,9,DMN,-10.0,-8,0.0803736501834324,2,684
dmnelf001,9,DMN,-8.0,-7,0.05969828854781255,2,686
dmnelf001,9,DMN,-6.0,-5,0.05162047471352914,2,690
dmnelf001,9,DMN,-4.0,-3,-0.006030929523025128,2,694
dmnelf001,9,DMN,-2.0,-2,-0.048716154268550686,2,696
dmnelf001,9,DMN,0.0,0,0.031931414253815044,2,700
dmnelf001,9,DMN,2.0,2,0.030747366795334956,2,696
dmnelf001,9,DMN,4.0,3,0.0014268799635837757,2,694
dmnelf001,9,DMN,6.0,5,0.009590199460063472,2,690
dmnelf001,9,DMN,8.0,7,0.014835679174724526,2,686
dmnelf001,9,DMN,10.0,8,-0.010352447932706179,2,684
dmnelf001,9,CEN,-10.0,-8,0.03278317888539543,2,684
dmnelf001,9,CEN,-8.0,-7,0.012677198814141212,2,686
dmnelf001,9,CEN,-6.0,-5,0.027316212025038845,2,690
dmnelf001,9,CEN,-4.0,-3,-0.0055537522664196,2,694
dmnelf001,9,CEN,-2.0,-2,-0.046809508603554734,2,696
dmnelf001,9,CEN,0.0,0,0.09647674442480386,2,700
dmnelf001,9,CEN,2.0,2,0.05725333771471405,2,696
dmnelf001,9,CEN,4.0,3,0.018969499823132507,2,694
dmnelf001,9,CEN,6.0,5,0.012889232645806034,2,690
dmnelf001,9,CEN,8.0,7,-0.03386445711729224,2,686
dmnelf001,9,CEN,10.0,8,-0.07263573163604518,2,684
dmnelf004,0,DMN,-10.0,-8,0.13346386882221267,2,684
dmnelf004,0,DMN,-8.0,-7,0.13016917611368972,2,686
dmnelf004,0,DMN,-6.0,-5,0.16106155428706334,2,690
dmnelf004,0,DMN,-4.0,-3,0.15109525106786603,2,694
dmnelf004,0,DMN,-2.0,-2,0.11821290674884667,2,696
dmnelf004,0,DMN,0.0,0,0.06637597329440785,2,700
dmnelf004,0,DMN,2.0,2,0.0913658495463993,2,696
dmnelf004,0,DMN,4.0,3,0.08687389828232225,2,694
dmnelf004,0,DMN,6.0,5,0.05852277053583749,2,690
dmnelf004,0,DMN,8.0,7,0.06992026145756845,2,686
dmnelf004,0,DMN,10.0,8,0.04411258908133955,2,684
dmnelf004,0,CEN,-10.0,-8,0.002957228828575441,2,684
dmnelf004,0,CEN,-8.0,-7,0.02722566553657695,2,686
dmnelf004,0,CEN,-6.0,-5,0.07148801343245728,2,690
dmnelf004,0,CEN,-4.0,-3,0.06105345646477632,2,694
dmnelf004,0,CEN,-2.0,-2,0.05055886353322658,2,696
dmnelf004,0,CEN,0.0,0,0.04571029521828007,2,700
dmnelf004,0,CEN,2.0,2,0.0737223045467922,2,696
dmnelf004,0,CEN,4.0,3,0.07005969196208792,2,694
dmnelf004,0,CEN,6.0,5,0.03105373650175304,2,690
dmnelf004,0,CEN,8.0,7,0.03304182688210162,2,686
dmnelf004,0,CEN,10.0,8,0.015476102449187845,2,684
dmnelf004,1,DMN,-10.0,-8,0.04990355938796247,2,684
dmnelf004,1,DMN,-8.0,-7,0.06054928408347584,2,686
dmnelf004,1,DMN,-6.0,-5,0.08654631537577925,2,690
dmnelf004,1,DMN,-4.0,-3,0.09364075944071994,2,694
dmnelf004,1,DMN,-2.0,-2,0.08019941074525569,2,696
dmnelf004,1,DMN,0.0,0,0.0367839071905093,2,700
dmnelf004,1,DMN,2.0,2,0.08622630286384762,2,696
dmnelf004,1,DMN,4.0,3,0.0886665118094599,2,694
dmnelf004,1,DMN,6.0,5,0.07013445312820675,2,690
dmnelf004,1,DMN,8.0,7,0.07439543494383237,2,686
dmnelf004,1,DMN,10.0,8,0.07178560482640134,2,684
dmnelf004,1,CEN,-10.0,-8,-0.03010853854918941,2,684
dmnelf004,1,CEN,-8.0,-7,-0.01794651425013868,2,686
dmnelf004,1,CEN,-6.0,-5,0.02557607417989988,2,690
dmnelf004,1,CEN,-4.0,-3,0.035538590224176575,2,694
dmnelf004,1,CEN,-2.0,-2,0.025348769306028095,2,696
dmnelf004,1,CEN,0.0,0,0.0033713045174372154,2,700
dmnelf004,1,CEN,2.0,2,0.004116508996564305,2,696
dmnelf004,1,CEN,4.0,3,-0.005250514526959002,2,694
dmnelf004,1,CEN,6.0,5,-0.0053735101503932774,2,690
dmnelf004,1,CEN,8.0,7,0.01644033103109924,2,686
dmnelf004,1,CEN,10.0,8,0.01267612730648706,2,684
dmnelf004,2,DMN,-10.0,-8,-0.10249722477470315,2,684
dmnelf004,2,DMN,-8.0,-7,-0.1342777500019738,2,686
dmnelf004,2,DMN,-6.0,-5,-0.18069742983007658,2,690
dmnelf004,2,DMN,-4.0,-3,-0.1926548379819444,2,694
dmnelf004,2,DMN,-2.0,-2,-0.17023569179588574,2,696
dmnelf004,2,DMN,0.0,0,-0.10657559094203276,2,700
dmnelf004,2,DMN,2.0,2,-0.00441258349092104,2,696
dmnelf004,2,DMN,4.0,3,0.03308057273365749,2,694
dmnelf004,2,DMN,6.0,5,0.071034309561029,2,690
dmnelf004,2,DMN,8.0,7,0.046847645893818075,2,686
dmnelf004,2,DMN,10.0,8,0.041415236575897865,2,684
dmnelf004,2,CEN,-10.0,-8,-0.03733845517244119,2,684
dmnelf004,2,CEN,-8.0,-7,-0.045799323027399405,2,686
dmnelf004,2,CEN,-6.0,-5,-0.01846376191509968,2,690
dmnelf004,2,CEN,-4.0,-3,-0.003738476220686613,2,694
dmnelf004,2,CEN,-2.0,-2,-0.0036911349590112944,2,696
dmnelf004,2,CEN,0.0,0,-0.018536523800786107,2,700
dmnelf004,2,CEN,2.0,2,-0.04146130736524565,2,696
dmnelf004,2,CEN,4.0,3,-0.061793623531976434,2,694
dmnelf004,2,CEN,6.0,5,-0.0693115492698584,2,690
dmnelf004,2,CEN,8.0,7,-0.05858119894945163,2,686
dmnelf004,2,CEN,10.0,8,-0.0487708530983201,2,684
dmnelf004,3,DMN,-10.0,-8,-0.0925920474829903,2,684
dmnelf004,3,DMN,-8.0,-7,-0.11758857061773387,2,686
dmnelf004,3,DMN,-6.0,-5,-0.1482094183208624,2,690
dmnelf004,3,DMN,-4.0,-3,-0.15727074716744072,2,694
dmnelf004,3,DMN,-2.0,-2,-0.13039519663744684,2,696
dmnelf004,3,DMN,0.0,0,-0.06743645237094628,2,700
dmnelf004,3,DMN,2.0,2,0.011670505620939915,2,696
dmnelf004,3,DMN,4.0,3,0.04340392666915428,2,694
dmnelf004,3,DMN,6.0,5,0.08305414354891437,2,690
dmnelf004,3,DMN,8.0,7,0.06280865383520023,2,686
dmnelf004,3,DMN,10.0,8,0.0653987312621671,2,684
dmnelf004,3,CEN,-10.0,-8,-0.03203923660974554,2,684
dmnelf004,3,CEN,-8.0,-7,-0.03976915579680385,2,686
dmnelf004,3,CEN,-6.0,-5,-0.008391224165302757,2,690
dmnelf004,3,CEN,-4.0,-3,0.0037062815164592873,2,694
dmnelf004,3,CEN,-2.0,-2,0.004372315368546839,2,696
dmnelf004,3,CEN,0.0,0,-0.008780917098000801,2,700
dmnelf004,3,CEN,2.0,2,-0.039058166742884065,2,696
dmnelf004,3,CEN,4.0,3,-0.060019370083322324,2,694
dmnelf004,3,CEN,6.0,5,-0.06458237927607097,2,690
dmnelf004,3,CEN,8.0,7,-0.06714735681144855,2,686
dmnelf004,3,CEN,10.0,8,-0.0581406701013892,2,684
dmnelf004,4,DMN,-10.0,-8,-0.0759896031638663,2,684
dmnelf004,4,DMN,-8.0,-7,-0.08707879331934959,2,686
dmnelf004,4,DMN,-6.0,-5,-0.09476163580410878,2,690
dmnelf004,4,DMN,-4.0,-3,-0.0995842600060051,2,694
dmnelf004,4,DMN,-2.0,-2,-0.07165892913529921,2,696
dmnelf004,4,DMN,0.0,0,0.006720640315207441,2,700
dmnelf004,4,DMN,2.0,2,0.05579894604131027,2,696
dmnelf004,4,DMN,4.0,3,0.07437934941816754,2,694
dmnelf004,4,DMN,6.0,5,0.10338716060032883,2,690
dmnelf004,4,DMN,8.0,7,0.07721950444996675,2,686
dmnelf004,4,DMN,10.0,8,0.0753200264400372,2,684
dmnelf004,4,CEN,-10.0,-8,-0.017801274835803394,2,684
dmnelf004,4,CEN,-8.0,-7,-0.02338560137596089,2,686
dmnelf004,4,CEN,-6.0,-5,0.006940746027627674,2,690
dmnelf004,4,CEN,-4.0,-3,0.011215400892366853,2,694
dmnelf004,4,CEN,-2.0,-2,0.01055493430349794,2,696
dmnelf004,4,CEN,0.0,0,0.013129487671611439,2,700
dmnelf004,4,CEN,2.0,2,-0.015050986025285228,2,696
dmnelf004,4,CEN,4.0,3,-0.037585486095217634,2,694
dmnelf004,4,CEN,6.0,5,-0.043974319413458654,2,690
dmnelf004,4,CEN,8.0,7,-0.06190095121226442,2,686
dmnelf004,4,CEN,10.0,8,-0.0647684319011536,2,684
dmnelf004,5,DMN,-10.0,-8,-0.05491598888304721,2,684
dmnelf004,5,DMN,-8.0,-7,-0.03425800923158953,2,686
dmnelf004,5,DMN,-6.0,-5,0.033171199723071226,2,690
dmnelf004,5,DMN,-4.0,-3,0.015601678101582372,2,694
dmnelf004,5,DMN,-2.0,-2,0.02127467758534634,2,696
dmnelf004,5,DMN,0.0,0,0.10484306645216517,2,700
dmnelf004,5,DMN,2.0,2,0.12399784376928304,2,696
dmnelf004,5,DMN,4.0,3,0.13754566884599329,2,694
dmnelf004,5,DMN,6.0,5,0.15147580344592973,2,690
dmnelf004,5,DMN,8.0,7,0.11770348261858979,2,686
dmnelf004,5,DMN,10.0,8,0.0977660582706733,2,684
dmnelf004,5,CEN,-10.0,-8,0.015564617702767184,2,684
dmnelf004,5,CEN,-8.0,-7,0.0051655991657869075,2,686
dmnelf004,5,CEN,-6.0,-5,0.01221923415227508,2,690
dmnelf004,5,CEN,-4.0,-3,-0.013113314700975135,2,694
dmnelf004,5,CEN,-2.0,-2,-0.011273554612584065,2,696
dmnelf004,5,CEN,0.0,0,0.03096920476936188,2,700
dmnelf004,5,CEN,2.0,2,0.018938876068165456,2,696
dmnelf004,5,CEN,4.0,3,-0.01146594939166489,2,694
dmnelf004,5,CEN,6.0,5,-0.047497452609062525,2,690
dmnelf004,5,CEN,8.0,7,-0.08083778554368311,2,686
dmnelf004,5,CEN,10.0,8,-0.07733736555710227,2,684
dmnelf004,6,DMN,-10.0,-8,-0.10202508176740312,2,684
dmnelf004,6,DMN,-8.0,-7,-0.09225402298001142,2,686
dmnelf004,6,DMN,-6.0,-5,-0.03680535602622532,2,690
dmnelf004,6,DMN,-4.0,-3,-0.030404993516307603,2,694
dmnelf004,6,DMN,-2.0,-2,-0.03645438787342868,2,696
dmnelf004,6,DMN,0.0,0,0.042561832888480415,2,700
dmnelf004,6,DMN,2.0,2,0.10785317683476113,2,696
dmnelf004,6,DMN,4.0,3,0.1395809175003237,2,694
dmnelf004,6,DMN,6.0,5,0.10754637270274901,2,690
dmnelf004,6,DMN,8.0,7,0.07439336232444801,2,686
dmnelf004,6,DMN,10.0,8,0.049048018734579854,2,684
dmnelf004,6,CEN,-10.0,-8,-0.03282615980381151,2,684
dmnelf004,6,CEN,-8.0,-7,-0.045804465375385024,2,686
dmnelf004,6,CEN,-6.0,-5,-0.0357136536687662,2,690
dmnelf004,6,CEN,-4.0,-3,-0.04321714955148108,2,694
dmnelf004,6,CEN,-2.0,-2,-0.04460950172067165,2,696
dmnelf004,6,CEN,0.0,0,-0.011677300227057456,2,700
dmnelf004,6,CEN,2.0,2,-0.006513453801305554,2,696
dmnelf004,6,CEN,4.0,3,-0.02485543185948426,2,694
dmnelf004,6,CEN,6.0,5,-0.08419873170288326,2,690
dmnelf004,6,CEN,8.0,7,-0.10408254968080513,2,686
dmnelf004,6,CEN,10.0,8,-0.09937884442729727,2,684
dmnelf004,7,DMN,-10.0,-8,-0.048517741519533746,2,684
dmnelf004,7,DMN,-8.0,-7,-0.04581941821068506,2,686
dmnelf004,7,DMN,-6.0,-5,-0.020001087350117325,2,690
dmnelf004,7,DMN,-4.0,-3,0.0016582839723071896,2,694
dmnelf004,7,DMN,-2.0,-2,0.0014027931307609627,2,696
dmnelf004,7,DMN,0.0,0,0.04005296610734063,2,700
dmnelf004,7,DMN,2.0,2,0.1065881261973256,2,696
dmnelf004,7,DMN,4.0,3,0.1282262865474243,2,694
dmnelf004,7,DMN,6.0,5,0.09173766502266839,2,690
dmnelf004,7,DMN,8.0,7,0.03463925923384106,2,686
dmnelf004,7,DMN,10.0,8,0.0047287688633555714,2,684
dmnelf004,7,CEN,-10.0,-8,-0.014758899997458209,2,684
dmnelf004,7,CEN,-8.0,-7,-0.020817196760583714,2,686
dmnelf004,7,CEN,-6.0,-5,-0.02038514025950054,2,690
dmnelf004,7,CEN,-4.0,-3,-0.019777306605741517,2,694
dmnelf004,7,CEN,-2.0,-2,-0.01237613463227266,2,696
dmnelf004,7,CEN,0.0,0,0.02626595179718249,2,700
dmnelf004,7,CEN,2.0,2,0.053169409704970666,2,696
dmnelf004,7,CEN,4.0,3,0.03659948876951259,2,694
dmnelf004,7,CEN,6.0,5,-0.023767541189005495,2,690
dmnelf004,7,CEN,8.0,7,-0.045739564110411836,2,686
dmnelf004,7,CEN,10.0,8,-0.054585317366777665,2,684
dmnelf004,8,DMN,-10.0,-8,0.045644000734432144,2,684
dmnelf004,8,DMN,-8.0,-7,0.057465089329208276,2,686
dmnelf004,8,DMN,-6.0,-5,0.07172531790852751,2,690
dmnelf004,8,DMN,-4.0,-3,0.07012032651269931,2,694
dmnelf004,8,DMN,-2.0,-2,0.06380904386319049,2,696
dmnelf004,8,DMN,0.0,0,0.11851027234028692,2,700
dmnelf004,8,DMN,2.0,2,0.08715681970971817,2,696
dmnelf004,8,DMN,4.0,3,0.07399914031085247,2,694
dmnelf004,8,DMN,6.0,5,0.08196705118274462,2,690
dmnelf004,8,DMN,8.0,7,0.025756729526202653,2,686
dmnelf004,8,DMN,10.0,8,0.009884127122908358,2,684
dmnelf004,8,CEN,-10.0,-8,0.07227681735646974,2,684
dmnelf004,8,CEN,-8.0,-7,0.0448649978743017,2,686
dmnelf004,8,CEN,-6.0,-5,0.002917934631118114,2,690
dmnelf004,8,CEN,-4.0,-3,-0.008911324421767444,2,694
dmnelf004,8,CEN,-2.0,-2,-0.009757663499815125,2,696
dmnelf004,8,CEN,0.0,0,0.1007398137650991,2,700
dmnelf004,8,CEN,2.0,2,0.10026622432699932,2,696
dmnelf004,8,CEN,4.0,3,0.06814053927903248,2,694
dmnelf004,8,CEN,6.0,5,0.02581004444544513,2,690
dmnelf004,8,CEN,8.0,7,-0.0065381647142271045,2,686
dmnelf004,8,CEN,10.0,8,-0.01686083293709835,2,684
dmnelf004,9,DMN,-10.0,-8,0.04356656470885264,2,684
dmnelf004,9,DMN,-8.0,-7,0.06081427199276121,2,686
dmnelf004,9,DMN,-6.0,-5,0.09773458386994724,2,690
dmnelf004,9,DMN,-4.0,-3,0.09903153707654941,2,694
dmnelf004,9,DMN,-2.0,-2,0.08654442032675419,2,696
dmnelf004,9,DMN,0.0,0,0.16943967188359638,2,700
dmnelf004,9,DMN,2.0,2,0.11349797228812929,2,696
dmnelf004,9,DMN,4.0,3,0.09050500310757624,2,694
dmnelf004,9,DMN,6.0,5,0.07777606817283761,2,690
dmnelf004,9,DMN,8.0,7,0.030064959219523523,2,686
dmnelf004,9,DMN,10.0,8,0.02640654319120083,2,684
dmnelf004,9,CEN,-10.0,-8,0.058564932609532674,2,684
dmnelf004,9,CEN,-8.0,-7,0.038609504039679075,2,686
dmnelf004,9,CEN,-6.0,-5,0.004397680843481382,2,690
dmnelf004,9,CEN,-4.0,-3,0.008069290706842935,2,694
dmnelf004,9,CEN,-2.0,-2,-0.0016217750044384494,2,696
dmnelf004,9,CEN,0.0,0,0.14372027006189556,2,700
dmnelf004,9,CEN,2.0,2,0.129621053997256,2,696
dmnelf004,9,CEN,4.0,3,0.10368280102651747,2,694
dmnelf004,9,CEN,6.0,5,0.06824599664527098,2,690
dmnelf004,9,CEN,8.0,7,0.02758455682569058,2,686
dmnelf004,9,CEN,10.0,8,0.023180343226490707,2,684
dmnelf005,0,DMN,-10.0,-8,0.03746421877629784,2,684
dmnelf005,0,DMN,-8.0,-7,0.028106268400405768,2,686
dmnelf005,0,DMN,-6.0,-5,-0.010253044195843166,2,690
dmnelf005,0,DMN,-4.0,-3,-0.01146506078895672,2,694
dmnelf005,0,DMN,-2.0,-2,0.00483802313183888,2,696
dmnelf005,0,DMN,0.0,0,-0.046897851209989044,2,700
dmnelf005,0,DMN,2.0,2,-0.06727109643961796,2,696
dmnelf005,0,DMN,4.0,3,-0.11593274879721961,2,694
dmnelf005,0,DMN,6.0,5,-0.13918707168173058,2,690
dmnelf005,0,DMN,8.0,7,-0.10608417668269766,2,686
dmnelf005,0,DMN,10.0,8,-0.0832852447465176,2,684
dmnelf005,0,CEN,-10.0,-8,-6.287045416238847e-05,2,684
dmnelf005,0,CEN,-8.0,-7,0.01978976813364265,2,686
dmnelf005,0,CEN,-6.0,-5,0.0332960585452376,2,690
dmnelf005,0,CEN,-4.0,-3,0.05827463689104764,2,694
dmnelf005,0,CEN,-2.0,-2,0.07473930377547619,2,696
dmnelf005,0,CEN,0.0,0,0.005603268509993114,2,700
dmnelf005,0,CEN,2.0,2,-0.0807344680306292,2,696
dmnelf005,0,CEN,4.0,3,-0.15864904275235828,2,694
dmnelf005,0,CEN,6.0,5,-0.1759480250145888,2,690
dmnelf005,0,CEN,8.0,7,-0.0942471362147384,2,686
dmnelf005,0,CEN,10.0,8,-0.051927025696638644,2,684
dmnelf005,1,DMN,-10.0,-8,0.0468537792589727,2,684
dmnelf005,1,DMN,-8.0,-7,0.024571486886668898,2,686
dmnelf005,1,DMN,-6.0,-5,-0.003259427843569853,2,690
dmnelf005,1,DMN,-4.0,-3,0.014499334938195801,2,694
dmnelf005,1,DMN,-2.0,-2,0.006535385341916673,2,696
dmnelf005,1,DMN,0.0,0,-0.024642772717436732,2,700
dmnelf005,1,DMN,2.0,2,-0.04582874841697311,2,696
dmnelf005,1,DMN,4.0,3,-0.10067143689797554,2,694
dmnelf005,1,DMN,6.0,5,-0.09523924459952958,2,690
dmnelf005,1,DMN,8.0,7,-0.09326032776221889,2,686
dmnelf005,1,DMN,10.0,8,-0.09023119489676214,2,684
dmnelf005,1,CEN,-10.0,-8,0.0322700232203695,2,684
dmnelf005,1,CEN,-8.0,-7,0.02673772115292547,2,686
dmnelf005,1,CEN,-6.0,-5,0.03359595327951684,2,690
dmnelf005,1,CEN,-4.0,-3,0.06739215221934108,2,694
dmnelf005,1,CEN,-2.0,-2,0.05747652352539469,2,696
dmnelf005,1,CEN,0.0,0,-0.012695677222267542,2,700
dmnelf005,1,CEN,2.0,2,-0.0997630043994867,2,696
dmnelf005,1,CEN,4.0,3,-0.17317699059477726,2,694
dmnelf005,1,CEN,6.0,5,-0.20219799610082237,2,690
dmnelf005,1,CEN,8.0,7,-0.16031164711787985,2,686
dmnelf005,1,CEN,10.0,8,-0.13787946414376875,2,684
dmnelf005,2,DMN,-10.0,-8,0.04708483396326647,2,684
dmnelf005,2,DMN,-8.0,-7,0.03221812766654573,2,686
dmnelf005,2,DMN,-6.0,-5,0.031784356956153184,2,690
dmnelf005,2,DMN,-4.0,-3,0.0485344578646931,2,694
dmnelf005,2,DMN,-2.0,-2,0.06609399934692728,2,696
dmnelf005,2,DMN,0.0,0,0.06678753245606385,2,700
dmnelf005,2,DMN,2.0,2,0.08854316966458282,2,696
dmnelf005,2,DMN,4.0,3,0.07355779770171479,2,694
dmnelf005,2,DMN,6.0,5,0.060547035598937676,2,690
dmnelf005,2,DMN,8.0,7,0.005665952209078907,2,686
dmnelf005,2,DMN,10.0,8,-0.01434800335686645,2,684
dmnelf005,2,CEN,-10.0,-8,0.02603458758678282,2,684
dmnelf005,2,CEN,-8.0,-7,0.0009799188073039125,2,686
dmnelf005,2,CEN,-6.0,-5,0.008250210527067665,2,690
dmnelf005,2,CEN,-4.0,-3,0.002116415931372241,2,694
dmnelf005,2,CEN,-2.0,-2,0.011054896867771906,2,696
dmnelf005,2,CEN,0.0,0,-0.04699889435547788,2,700
dmnelf005,2,CEN,2.0,2,-0.09017931946295013,2,696
dmnelf005,2,CEN,4.0,3,-0.13361213727215424,2,694
dmnelf005,2,CEN,6.0,5,-0.18962857439236047,2,690
dmnelf005,2,CEN,8.0,7,-0.18352522893188847,2,686
dmnelf005,2,CEN,10.0,8,-0.1653135105540189,2,684
dmnelf005,3,DMN,-10.0,-8,0.062374324071662414,2,684
dmnelf005,3,DMN,-8.0,-7,0.07720641916953333,2,686
dmnelf005,3,DMN,-6.0,-5,0.048163367650163824,2,690
dmnelf005,3,DMN,-4.0,-3,0.04958213249273044,2,694
dmnelf005,3,DMN,-2.0,-2,0.05885818361755836,2,696
dmnelf005,3,DMN,0.0,0,0.04860233851980075,2,700
dmnelf005,3,DMN,2.0,2,0.06536834474903006,2,696
dmnelf005,3,DMN,4.0,3,0.01868444459505357,2,694
dmnelf005,3,DMN,6.0,5,-0.0004558401146956489,2,690
dmnelf005,3,DMN,8.0,7,-0.028514367568203053,2,686
dmnelf005,3,DMN,10.0,8,-0.04273168072361395,2,684
dmnelf005,3,CEN,-10.0,-8,0.01886292866643257,2,684
dmnelf005,3,CEN,-8.0,-7,0.019744010972278268,2,686
dmnelf005,3,CEN,-6.0,-5,0.007534371433188346,2,690
dmnelf005,3,CEN,-4.0,-3,-0.0019489070225049295,2,694
dmnelf005,3,CEN,-2.0,-2,-0.0011634616245223418,2,696
dmnelf005,3,CEN,0.0,0,-0.06732364061194612,2,700
dmnelf005,3,CEN,2.0,2,-0.1168101910969572,2,696
dmnelf005,3,CEN,4.0,3,-0.17946125248468062,2,694
dmnelf005,3,CEN,6.0,5,-0.20459991670476493,2,690
dmnelf005,3,CEN,8.0,7,-0.1819086552734391,2,686
dmnelf005,3,CEN,10.0,8,-0.162642430350652,2,684
dmnelf005,4,DMN,-10.0,-8,0.08364488894677277,2,684
dmnelf005,4,DMN,-8.0,-7,0.08515514134130626,2,686
dmnelf005,4,DMN,-6.0,-5,0.05259668915265341,2,690
dmnelf005,4,DMN,-4.0,-3,0.04853591446877025,2,694
dmnelf005,4,DMN,-2.0,-2,0.05579181288047533,2,696
dmnelf005,4,DMN,0.0,0,0.025684889077049498,2,700
dmnelf005,4,DMN,2.0,2,0.010133324609083519,2,696
dmnelf005,4,DMN,4.0,3,-0.03956589254878688,2,694
dmnelf005,4,DMN,6.0,5,-0.03183522376997936,2,690
dmnelf005,4,DMN,8.0,7,-0.023166151124947836,2,686
dmnelf005,4,DMN,10.0,8,-0.033328219453822076,2,684
dmnelf005,4,CEN,-10.0,-8,0.0173160863196305,2,684
dmnelf005,4,CEN,-8.0,-7,0.028938981703670135,2,686
dmnelf005,4,CEN,-6.0,-5,0.011840931795070399,2,690
dmnelf005,4,CEN,-4.0,-3,0.00716553374820121,2,694
dmnelf005,4,CEN,-2.0,-2,0.007929520297349021,2,696
dmnelf005,4,CEN,0.0,0,-0.02861434755044248,2,700
dmnelf005,4,CEN,2.0,2,-0.09770606278409327,2,696
dmnelf005,4,CEN,4.0,3,-0.15133609711544987,2,694
dmnelf005,4,CEN,6.0,5,-0.14759041287840768,2,690
dmnelf005,4,CEN,8.0,7,-0.11194675835544621,2,686
dmnelf005,4,CEN,10.0,8,-0.09678309139843899,2,684
dmnelf005,5,DMN,-10.0,-8,0.028181691962184563,2,684
dmnelf005,5,DMN,-8.0,-7,0.00432993184237412,2,686
dmnelf005,5,DMN,-6.0,-5,-0.030178927734622895,2,690
dmnelf005,5,DMN,-4.0,-3,-0.016746996326347,2,694
dmnelf005,5,DMN,-2.0,-2,0.0003840052203426014,2,696
dmnelf005,5,DMN,0.0,0,0.063802481550489,2,700
dmnelf005,5,DMN,2.0,2,0.046707012627283044,2,696
dmnelf005,5,DMN,4.0,3,0.009445380956690019,2,694
dmnelf005,5,DMN,6.0,5,0.016620439727444394,2,690
dmnelf005,5,DMN,8.0,7,0.02282798744222793,2,686
dmnelf005,5,DMN,10.0,8,0.012811381270033272,2,684
dmnelf005,5,CEN,-10.0,-8,0.034939587759070544,2,684
dmnelf005,5,CEN,-8.0,-7,0.023406263995791318,2,686
dmnelf005,5,CEN,-6.0,-5,0.008358039015848185,2,690
dmnelf005,5,CEN,-4.0,-3,0.013452032996594993,2,694
dmnelf005,5,CEN,-2.0,-2,0.03763734613355371,2,696
dmnelf005,5,CEN,0.0,0,0.09771385861732573,2,700
dmnelf005,5,CEN,2.0,2,0.02271999944398512,2,696
dmnelf005,5,CEN,4.0,3,-0.035671944202003,2,694
dmnelf005,5,CEN,6.0,5,-0.05919605266156026,2,690
dmnelf005,5,CEN,8.0,7,-0.035315015361358275,2,686
dmnelf005,5,CEN,10.0,8,-0.037209291093012055,2,684
dmnelf005,6,DMN,-10.0,-8,0.03138891991752323,2,684
dmnelf005,6,DMN,-8.0,-7,0.00626488752163969,2,686
dmnelf005,6,DMN,-6.0,-5,-0.03932678622118855,2,690
dmnelf005,6,DMN,-4.0,-3,-0.023400799997123776,2,694
dmnelf005,6,DMN,-2.0,-2,-0.0045533886153839844,2,696
dmnelf005,6,DMN,0.0,0,0.06444194902484379,2,700
dmnelf005,6,DMN,2.0,2,0.051988091740560065,2,696
dmnelf005,6,DMN,4.0,3,0.0036903902717157055,2,694
dmnelf005,6,DMN,6.0,5,-0.008028197145244633,2,690
dmnelf005,6,DMN,8.0,7,-0.0055321607343371115,2,686
dmnelf005,6,DMN,10.0,8,-0.00913643519244491,2,684
dmnelf005,6,CEN,-10.0,-8,0.014939199503878979,2,684
dmnelf005,6,CEN,-8.0,-7,0.008466694909136747,2,686
dmnelf005,6,CEN,-6.0,-5,0.003312228729810454,2,690
dmnelf005,6,CEN,-4.0,-3,0.02381514902837982,2,694
dmnelf005,6,CEN,-2.0,-2,0.051968570730795374,2,696
dmnelf005,6,CEN,0.0,0,0.10868914649246235,2,700
dmnelf005,6,CEN,2.0,2,0.030570511726901586,2,696
dmnelf005,6,CEN,4.0,3,-0.044367791547395605,2,694
dmnelf005,6,CEN,6.0,5,-0.07439243752428105,2,690
dmnelf005,6,CEN,8.0,7,-0.04601485273185672,2,686
dmnelf005,6,CEN,10.0,8,-0.03700794038366647,2,684
dmnelf005,7,DMN,-10.0,-8,0.039594721942245586,2,684
dmnelf005,7,DMN,-8.0,-7,0.021605743507433467,2,686
dmnelf005,7,DMN,-6.0,-5,-0.031683363477067426,2,690
dmnelf005,7,DMN,-4.0,-3,-0.02515656382714819,2,694
dmnelf005,7,DMN,-2.0,-2,-0.01841616661929701,2,696
dmnelf005,7,DMN,0.0,0,0.014767605451746895,2,700
dmnelf005,7,DMN,2.0,2,-0.01018414899220484,2,696
dmnelf005,7,DMN,4.0,3,-0.06504149797980256,2,694
dmnelf005,7,DMN,6.0,5,-0.09820134481502156,2,690
dmnelf005,7,DMN,8.0,7,-0.08606156128200991,2,686
dmnelf005,7,DMN,10.0,8,-0.08811862915724931,2,684
dmnelf005,7,CEN,-10.0,-8,-0.008781609033866404,2,684
dmnelf005,7,CEN,-8.0,-7,-0.002621166373594172,2,686
dmnelf005,7,CEN,-6.0,-5,0.010570354302846089,2,690
dmnelf005,7,CEN,-4.0,-3,0.0478487479086452,2,694
dmnelf005,7,CEN,-2.0,-2,0.0661453923695338,2,696
dmnelf005,7,CEN,0.0,0,0.05881037005910139,2,700
dmnelf005,7,CEN,2.0,2,-0.02929683879574743,2,696
dmnelf005,7,CEN,4.0,3,-0.10224705410358975,2,694
dmnelf005,7,CEN,6.0,5,-0.13007612938618582,2,690
dmnelf005,7,CEN,8.0,7,-0.08114393782696241,2,686
dmnelf005,7,CEN,10.0,8,-0.05862892770009108,2,684
dmnelf005,8,DMN,-10.0,-8,-0.027284502737216592,2,684
dmnelf005,8,DMN,-8.0,-7,-0.03986864714159189,2,686
dmnelf005,8,DMN,-6.0,-5,-0.04915042040576917,2,690
dmnelf005,8,DMN,-4.0,-3,-0.028147752968810322,2,694
dmnelf005,8,DMN,-2.0,-2,-0.015994303558940808,2,696
dmnelf005,8,DMN,0.0,0,0.09178023337417462,2,700
dmnelf005,8,DMN,2.0,2,0.022629366154783906,2,696
dmnelf005,8,DMN,4.0,3,-0.004548377238929721,2,694
dmnelf005,8,DMN,6.0,5,-0.032606322286211714,2,690
dmnelf005,8,DMN,8.0,7,-0.015669325635879156,2,686
dmnelf005,8,DMN,10.0,8,-0.03904659537696866,2,684
dmnelf005,8,CEN,-10.0,-8,-0.012879751062581253,2,684
dmnelf005,8,CEN,-8.0,-7,-0.004030661302858093,2,686
dmnelf005,8,CEN,-6.0,-5,0.023581944374318545,2,690
dmnelf005,8,CEN,-4.0,-3,0.047695803111566064,2,694
dmnelf005,8,CEN,-2.0,-2,0.06526189500436108,2,696
dmnelf005,8,CEN,0.0,0,0.13599254787871787,2,700
dmnelf005,8,CEN,2.0,2,0.03694492738478251,2,696
dmnelf005,8,CEN,4.0,3,-0.005184902388501803,2,694
dmnelf005,8,CEN,6.0,5,-0.04457670826006953,2,690
dmnelf005,8,CEN,8.0,7,-0.01830883092600434,2,686
dmnelf005,8,CEN,10.0,8,-0.029441260475004286,2,684
dmnelf005,9,DMN,-10.0,-8,-0.025916352502615116,2,684
dmnelf005,9,DMN,-8.0,-7,-0.0418752173848305,2,686
dmnelf005,9,DMN,-6.0,-5,-0.04929213552865472,2,690
dmnelf005,9,DMN,-4.0,-3,-0.033073259620612756,2,694
dmnelf005,9,DMN,-2.0,-2,-0.02128055639337166,2,696
dmnelf005,9,DMN,0.0,0,0.09058651226035881,2,700
dmnelf005,9,DMN,2.0,2,0.03453179011354921,2,696
dmnelf005,9,DMN,4.0,3,0.013814723273320085,2,694
dmnelf005,9,DMN,6.0,5,0.0030475089487865,2,690
dmnelf005,9,DMN,8.0,7,0.020475294355145387,2,686
dmnelf005,9,DMN,10.0,8,-0.003733242971164022,2,684
dmnelf005,9,CEN,-10.0,-8,-0.0005344581826374494,2,684
dmnelf005,9,CEN,-8.0,-7,-4.9585148197580015e-05,2,686
dmnelf005,9,CEN,-6.0,-5,0.015193226352029266,2,690
dmnelf005,9,CEN,-4.0,-3,0.03004154415616903,2,694
dmnelf005,9,CEN,-2.0,-2,0.05160707194868612,2,696
dmnelf005,9,CEN,0.0,0,0.14198909606657723,2,700
dmnelf005,9,CEN,2.0,2,0.061330862341015195,2,696
dmnelf005,9,CEN,4.0,3,0.024279202429452043,2,694
dmnelf005,9,CEN,6.0,5,-0.009086504725005533,2,690
dmnelf005,9,CEN,8.0,7,0.0024852937545921084,2,686
dmnelf005,9,CEN,10.0,8,-0.019922523096526805,2,684
dmnelf006,0,DMN,-10.0,-8,-0.08945880388730572,2,684
dmnelf006,0,DMN,-8.0,-7,-0.09213916710608026,2,686
dmnelf006,0,DMN,-6.0,-5,-0.10470754448741024,2,690
dmnelf006,0,DMN,-4.0,-3,-0.12236295510751193,2,694
dmnelf006,0,DMN,-2.0,-2,-0.11838023103177184,2,696
dmnelf006,0,DMN,0.0,0,-0.15621228632934503,2,700
dmnelf006,0,DMN,2.0,2,-0.19589602095304723,2,696
dmnelf006,0,DMN,4.0,3,-0.23579751542099722,2,694
dmnelf006,0,DMN,6.0,5,-0.22835297026716375,2,690
dmnelf006,0,DMN,8.0,7,-0.29100356836568136,2,686
dmnelf006,0,DMN,10.0,8,-0.3017531294496324,2,684
dmnelf006,0,CEN,-10.0,-8,-0.06872183770375825,2,684
dmnelf006,0,CEN,-8.0,-7,-0.06475209649141506,2,686
dmnelf006,0,CEN,-6.0,-5,-0.048376798899471676,2,690
dmnelf006,0,CEN,-4.0,-3,-0.08704466135948045,2,694
dmnelf006,0,CEN,-2.0,-2,-0.10425784085850474,2,696
dmnelf006,0,CEN,0.0,0,-0.17011032765909104,2,700
dmnelf006,0,CEN,2.0,2,-0.23054830432418807,2,696
dmnelf006,0,CEN,4.0,3,-0.24913122570761306,2,694
dmnelf006,0,CEN,6.0,5,-0.2042163799903427,2,690
dmnelf006,0,CEN,8.0,7,-0.2763465548322779,2,686
dmnelf006,0,CEN,10.0,8,-0.2747152418590241,2,684
dmnelf006,1,DMN,-10.0,-8,-0.19416991212855747,2,684
dmnelf006,1,DMN,-8.0,-7,-0.20580384613525893,2,686
dmnelf006,1,DMN,-6.0,-5,-0.2076101620637274,2,690
dmnelf006,1,DMN,-4.0,-3,-0.21638204675970105,2,694
dmnelf006,1,DMN,-2.0,-2,-0.21325718579172942,2,696
dmnelf006,1,DMN,0.0,0,-0.201712812202204,2,700
dmnelf006,1,DMN,2.0,2,-0.23044735227175028,2,696
dmnelf006,1,DMN,4.0,3,-0.24921859588719186,2,694
dmnelf006,1,DMN,6.0,5,-0.20902632366884435,2,690
dmnelf006,1,DMN,8.0,7,-0.24626985355388897,2,686
dmnelf006,1,DMN,10.0,8,-0.24936981165111097,2,684
dmnelf006,1,CEN,-10.0,-8,-0.16223969186485168,2,684
dmnelf006,1,CEN,-8.0,-7,-0.15724309304388331,2,686
dmnelf006,1,CEN,-6.0,-5,-0.1302290518664076,2,690
dmnelf006,1,CEN,-4.0,-3,-0.14924848307136052,2,694
dmnelf006,1,CEN,-2.0,-2,-0.1703429087094058,2,696
dmnelf006,1,CEN,0.0,0,-0.21001748568857287,2,700
dmnelf006,1,CEN,2.0,2,-0.24099388248424,2,696
dmnelf006,1,CEN,4.0,3,-0.22694051885606426,2,694
dmnelf006,1,CEN,6.0,5,-0.16574671556628515,2,690
dmnelf006,1,CEN,8.0,7,-0.22274928139897535,2,686
dmnelf006,1,CEN,10.0,8,-0.22427733871629868,2,684
dmnelf006,2,DMN,-10.0,-8,-0.22057459407821134,2,684
dmnelf006,2,DMN,-8.0,-7,-0.23915565419051785,2,686
dmnelf006,2,DMN,-6.0,-5,-0.21986528174349426,2,690
dmnelf006,2,DMN,-4.0,-3,-0.24812644557318195,2,694
dmnelf006,2,DMN,-2.0,-2,-0.25929614633205433,2,696
dmnelf006,2,DMN,0.0,0,-0.2719083495285244,2,700
dmnelf006,2,DMN,2.0,2,-0.2899643971127469,2,696
dmnelf006,2,DMN,4.0,3,-0.3186024954845566,2,694
dmnelf006,2,DMN,6.0,5,-0.27289557246879154,2,690
dmnelf006,2,DMN,8.0,7,-0.29747080812781906,2,686
dmnelf006,2,DMN,10.0,8,-0.2923377899920015,2,684
dmnelf006,2,CEN,-10.0,-8,-0.2301117535319401,2,684
dmnelf006,2,CEN,-8.0,-7,-0.2101583243261652,2,686
dmnelf006,2,CEN,-6.0,-5,-0.16742501412498717,2,690
dmnelf006,2,CEN,-4.0,-3,-0.20084926359026964,2,694
dmnelf006,2,CEN,-2.0,-2,-0.23704712771965483,2,696
dmnelf006,2,CEN,0.0,0,-0.26503748790873194,2,700
dmnelf006,2,CEN,2.0,2,-0.2685234717314908,2,696
dmnelf006,2,CEN,4.0,3,-0.278588468092902,2,694
dmnelf006,2,CEN,6.0,5,-0.2242540539255333,2,690
dmnelf006,2,CEN,8.0,7,-0.2699368966106231,2,686
dmnelf006,2,CEN,10.0,8,-0.25732673077505375,2,684
dmnelf006,3,DMN,-10.0,-8,-0.1114502006256323,2,684
dmnelf006,3,DMN,-8.0,-7,-0.13240770321598205,2,686
dmnelf006,3,DMN,-6.0,-5,-0.1390175596122909,2,690
dmnelf006,3,DMN,-4.0,-3,-0.16530996060750094,2,694
dmnelf006,3,DMN,-2.0,-2,-0.17942187114899655,2,696
dmnelf006,3,DMN,0.0,0,-0.21293792638816836,2,700
dmnelf006,3,DMN,2.0,2,-0.2615794525421125,2,696
dmnelf006,3,DMN,4.0,3,-0.30359952874208973,2,694
dmnelf006,3,DMN,6.0,5,-0.274206253975029,2,690
dmnelf006,3,DMN,8.0,7,-0.3181450678624899,2,686
dmnelf006,3,DMN,10.0,8,-0.32352541469561175,2,684
dmnelf006,3,CEN,-10.0,-8,-0.08026846569499733,2,684
dmnelf006,3,CEN,-8.0,-7,-0.063644983214347,2,686
dmnelf006,3,CEN,-6.0,-5,-0.04482509560095511,2,690
dmnelf006,3,CEN,-4.0,-3,-0.07405756507200334,2,694
dmnelf006,3,CEN,-2.0,-2,-0.10896370950714433,2,696
dmnelf006,3,CEN,0.0,0,-0.17735700281426567,2,700
dmnelf006,3,CEN,2.0,2,-0.24647606567704564,2,696
dmnelf006,3,CEN,4.0,3,-0.28262470435964565,2,694
dmnelf006,3,CEN,6.0,5,-0.2404863181621764,2,690
dmnelf006,3,CEN,8.0,7,-0.30922883910014165,2,686
dmnelf006,3,CEN,10.0,8,-0.3064611516172534,2,684
dmnelf006,4,DMN,-10.0,-8,-0.11873324040386758,2,684
dmnelf006,4,DMN,-8.0,-7,-0.132751299051799,2,686
dmnelf006,4,DMN,-6.0,-5,-0.1528772316869088,2,690
dmnelf006,4,DMN,-4.0,-3,-0.16085134304269744,2,694
dmnelf006,4,DMN,-2.0,-2,-0.1657385470651285,2,696
dmnelf006,4,DMN,0.0,0,-0.18738350057175082,2,700
dmnelf006,4,DMN,2.0,2,-0.2067788395748461,2,696
dmnelf006,4,DMN,4.0,3,-0.24793971225978695,2,694
dmnelf006,4,DMN,6.0,5,-0.20434355053206035,2,690
dmnelf006,4,DMN,8.0,7,-0.2651852786906675,2,686
dmnelf006,4,DMN,10.0,8,-0.27021216392957265,2,684
dmnelf006,4,CEN,-10.0,-8,-0.06800961976499197,2,684
dmnelf006,4,CEN,-8.0,-7,-0.054109248299624435,2,686
dmnelf006,4,CEN,-6.0,-5,-0.04304963741558737,2,690
dmnelf006,4,CEN,-4.0,-3,-0.06410531808137451,2,694
dmnelf006,4,CEN,-2.0,-2,-0.09842302110798608,2,696
dmnelf006,4,CEN,0.0,0,-0.18179196103139952,2,700
dmnelf006,4,CEN,2.0,2,-0.2238152330342514,2,696
dmnelf006,4,CEN,4.0,3,-0.24419745090085684,2,694
dmnelf006,4,CEN,6.0,5,-0.17796970604971518,2,690
dmnelf006,4,CEN,8.0,7,-0.25881001148269955,2,686
dmnelf006,4,CEN,10.0,8,-0.26035278068919065,2,684
dmnelf006,5,DMN,-10.0,-8,-0.13519746416553463,2,684
dmnelf006,5,DMN,-8.0,-7,-0.13971578319565447,2,686
dmnelf006,5,DMN,-6.0,-5,-0.1651590286617523,2,690
dmnelf006,5,DMN,-4.0,-3,-0.15796670480916566,2,694
dmnelf006,5,DMN,-2.0,-2,-0.17249193462076554,2,696
dmnelf006,5,DMN,0.0,0,-0.19113298463092818,2,700
dmnelf006,5,DMN,2.0,2,-0.19439443235846254,2,696
dmnelf006,5,DMN,4.0,3,-0.2216268493816472,2,694
dmnelf006,5,DMN,6.0,5,-0.18313529966177802,2,690
dmnelf006,5,DMN,8.0,7,-0.23188938816136173,2,686
dmnelf006,5,DMN,10.0,8,-0.23133837975982813,2,684
dmnelf006,5,CEN,-10.0,-8,-0.09032706307084681,2,684
dmnelf006,5,CEN,-8.0,-7,-0.06506340652305403,2,686
dmnelf006,5,CEN,-6.0,-5,-0.06355972751696803,2,690
dmnelf006,5,CEN,-4.0,-3,-0.08058335873169431,2,694
dmnelf006,5,CEN,-2.0,-2,-0.130496773464003,2,696
dmnelf006,5,CEN,0.0,0,-0.22011315693130626,2,700
dmnelf006,5,CEN,2.0,2,-0.2140190747175823,2,696
dmnelf006,5,CEN,4.0,3,-0.21992069326673147,2,694
dmnelf006,5,CEN,6.0,5,-0.16563111672161956,2,690
dmnelf006,5,CEN,8.0,7,-0.22691780324272792,2,686
dmnelf006,5,CEN,10.0,8,-0.22087418853739388,2,684
dmnelf006,6,DMN,-10.0,-8,-0.1333741017172553,2,684
dmnelf006,6,DMN,-8.0,-7,-0.1367603390382028,2,686
dmnelf006,6,DMN,-6.0,-5,-0.16547004409843138,2,690
dmnelf006,6,DMN,-4.0,-3,-0.1682396974645606,2,694
dmnelf006,6,DMN,-2.0,-2,-0.193002213066735,2,696
dmnelf006,6,DMN,0.0,0,-0.2072721496557069,2,700
dmnelf006,6,DMN,2.0,2,-0.22202820535576498,2,696
dmnelf006,6,DMN,4.0,3,-0.24353038681918818,2,694
dmnelf006,6,DMN,6.0,5,-0.20309450023462447,2,690
dmnelf006,6,DMN,8.0,7,-0.24943525811106088,2,686
dmnelf006,6,DMN,10.0,8,-0.24702348748007583,2,684
dmnelf006,6,CEN,-10.0,-8,-0.1110501356650127,2,684
dmnelf006,6,CEN,-8.0,-7,-0.0792421149551882,2,686
dmnelf006,6,CEN,-6.0,-5,-0.08040056282248308,2,690
dmnelf006,6,CEN,-4.0,-3,-0.09697421426702758,2,694
dmnelf006,6,CEN,-2.0,-2,-0.15140540542460607,2,696
dmnelf006,6,CEN,0.0,0,-0.23247261073704514,2,700
dmnelf006,6,CEN,2.0,2,-0.232674771736204,2,696
dmnelf006,6,CEN,4.0,3,-0.23624769429720757,2,694
dmnelf006,6,CEN,6.0,5,-0.1816749016602353,2,690
dmnelf006,6,CEN,8.0,7,-0.23353967237388207,2,686
dmnelf006,6,CEN,10.0,8,-0.22244045375950128,2,684
dmnelf006,7,DMN,-10.0,-8,-0.11458206290265129,2,684
dmnelf006,7,DMN,-8.0,-7,-0.12226188417948243,2,686
dmnelf006,7,DMN,-6.0,-5,-0.15269356640886825,2,690
dmnelf006,7,DMN,-4.0,-3,-0.17320946826334419,2,694
dmnelf006,7,DMN,-2.0,-2,-0.190194567504885,2,696
dmnelf006,7,DMN,0.0,0,-0.2127390708258277,2,700
dmnelf006,7,DMN,2.0,2,-0.22418093070133943,2,696
dmnelf006,7,DMN,4.0,3,-0.24519882687209216,2,694
dmnelf006,7,DMN,6.0,5,-0.21389630369768434,2,690
dmnelf006,7,DMN,8.0,7,-0.2632008099244161,2,686
dmnelf006,7,DMN,10.0,8,-0.2611817861260964,2,684
dmnelf006,7,CEN,-10.0,-8,-0.08959027859632937,2,684
dmnelf006,7,CEN,-8.0,-7,-0.063761394882635,2,686
dmnelf006,7,CEN,-6.0,-5,-0.06868163443556384,2,690
dmnelf006,7,CEN,-4.0,-3,-0.08817925043259514,2,694
dmnelf006,7,CEN,-2.0,-2,-0.13910083270063328,2,696
dmnelf006,7,CEN,0.0,0,-0.23211346855295234,2,700
dmnelf006,7,CEN,2.0,2,-0.23455204965197318,2,696
dmnelf006,7,CEN,4.0,3,-0.2390695437490092,2,694
dmnelf006,7,CEN,6.0,5,-0.19196587358665249,2,690
dmnelf006,7,CEN,8.0,7,-0.24872541981352309,2,686
dmnelf006,7,CEN,10.0,8,-0.23841327418945304,2,684
dmnelf006,8,DMN,-10.0,-8,-0.14598711311285079,2,684
dmnelf006,8,DMN,-8.0,-7,-0.14993927481764005,2,686
dmnelf006,8,DMN,-6.0,-5,-0.1578367848424647,2,690
dmnelf006,8,DMN,-4.0,-3,-0.17536966143178614,2,694
dmnelf006,8,DMN,-2.0,-2,-0.18730879292382882,2,696
dmnelf006,8,DMN,0.0,0,-0.18665374731096063,2,700
dmnelf006,8,DMN,2.0,2,-0.2080250243106004,2,696
dmnelf006,8,DMN,4.0,3,-0.2342987121083471,2,694
dmnelf006,8,DMN,6.0,5,-0.17920861040742025,2,690
dmnelf006,8,DMN,8.0,7,-0.22736256041401942,2,686
dmnelf006,8,DMN,10.0,8,-0.23018410049141705,2,684
dmnelf006,8,CEN,-10.0,-8,-0.08783935684063711,2,684
dmnelf006,8,CEN,-8.0,-7,-0.06484530743127877,2,686
dmnelf006,8,CEN,-6.0,-5,-0.05306039823895622,2,690
dmnelf006,8,CEN,-4.0,-3,-0.0690618585933759,2,694
dmnelf006,8,CEN,-2.0,-2,-0.11506238772839204,2,696
dmnelf006,8,CEN,0.0,0,-0.18772677572104085,2,700
dmnelf006,8,CEN,2.0,2,-0.2194649834599214,2,696
dmnelf006,8,CEN,4.0,3,-0.22827926969655948,2,694
dmnelf006,8,CEN,6.0,5,-0.15535761722218092,2,690
dmnelf006,8,CEN,8.0,7,-0.21952611249693643,2,686
dmnelf006,8,CEN,10.0,8,-0.21943436564133298,2,684
dmnelf006,9,DMN,-10.0,-8,-0.14418383495869933,2,684
dmnelf006,9,DMN,-8.0,-7,-0.14145272109607165,2,686
dmnelf006,9,DMN,-6.0,-5,-0.14047697918926205,2,690
dmnelf006,9,DMN,-4.0,-3,-0.147364543008792,2,694
dmnelf006,9,DMN,-2.0,-2,-0.1547038806447256,2,696
dmnelf006,9,DMN,0.0,0,-0.10131278541155088,2,700
dmnelf006,9,DMN,2.0,2,-0.13115467466824754,2,696
dmnelf006,9,DMN,4.0,3,-0.17918405754567926,2,694
dmnelf006,9,DMN,6.0,5,-0.07613452830011198,2,690
dmnelf006,9,DMN,8.0,7,-0.09799470885869768,2,686
dmnelf006,9,DMN,10.0,8,-0.10415728108232887,2,684
dmnelf006,9,CEN,-10.0,-8,-0.11029331417259185,2,684
dmnelf006,9,CEN,-8.0,-7,-0.08971230640634804,2,686
dmnelf006,9,CEN,-6.0,-5,-0.062238326985764876,2,690
dmnelf006,9,CEN,-4.0,-3,-0.07043419341251898,2,694
dmnelf006,9,CEN,-2.0,-2,-0.10263422331567129,2,696
dmnelf006,9,CEN,0.0,0,-0.08893293440589387,2,700
dmnelf006,9,CEN,2.0,2,-0.1275166727800373,2,696
dmnelf006,9,CEN,4.0,3,-0.15792292166568697,2,694
dmnelf006,9,CEN,6.0,5,-0.03258504714493871,2,690
dmnelf006,9,CEN,8.0,7,-0.08302442480125549,2,686
dmnelf006,9,CEN,10.0,8,-0.08001488705656992,2,684
dmnelf007,0,DMN,-10.0,-8,-0.019286613348016388,2,684
dmnelf007,0,DMN,-8.0,-7,-0.018414716676664153,2,686
dmnelf007,0,DMN,-6.0,-5,0.03624100336221695,2,690
dmnelf007,0,DMN,-4.0,-3,0.050304401724421396,2,694
dmnelf007,0,DMN,-2.0,-2,0.05757152165653964,2,696
dmnelf007,0,DMN,0.0,0,0.029667073061635317,2,700
dmnelf007,0,DMN,2.0,2,-0.004999601936321196,2,696
dmnelf007,0,DMN,4.0,3,-0.028995584323471046,2,694
dmnelf007,0,DMN,6.0,5,-0.033123974354835446,2,690
dmnelf007,0,DMN,8.0,7,-0.029535484905471136,2,686
dmnelf007,0,DMN,10.0,8,-0.023901567988641296,2,684
dmnelf007,0,CEN,-10.0,-8,-0.01965203859540028,2,684
dmnelf007,0,CEN,-8.0,-7,-0.03658875452594905,2,686
dmnelf007,0,CEN,-6.0,-5,0.014741175804671493,2,690
dmnelf007,0,CEN,-4.0,-3,0.05798038625057831,2,694
dmnelf007,0,CEN,-2.0,-2,0.07655471715138626,2,696
dmnelf007,0,CEN,0.0,0,0.0807719717785849,2,700
dmnelf007,0,CEN,2.0,2,0.08808601105226169,2,696
dmnelf007,0,CEN,4.0,3,0.07301056952551002,2,694
dmnelf007,0,CEN,6.0,5,0.07730367884509075,2,690
dmnelf007,0,CEN,8.0,7,0.06314962380105842,2,686
dmnelf007,0,CEN,10.0,8,0.06520748835287048,2,684
dmnelf007,1,DMN,-10.0,-8,-0.015738877459934655,2,684
dmnelf007,1,DMN,-8.0,-7,-0.02137056492264575,2,686
dmnelf007,1,DMN,-6.0,-5,0.001160051261368777,2,690
dmnelf007,1,DMN,-4.0,-3,-0.015691613737199697,2,694
dmnelf007,1,DMN,-2.0,-2,-0.011081544188960275,2,696
dmnelf007,1,DMN,0.0,0,-0.009667146659233081,2,700
dmnelf007,1,DMN,2.0,2,0.01941789351707846,2,696
dmnelf007,1,DMN,4.0,3,0.010428205803157004,2,694
dmnelf007,1,DMN,6.0,5,-0.07718095057461047,2,690
dmnelf007,1,DMN,8.0,7,-0.07758585072880914,2,686
dmnelf007,1,DMN,10.0,8,-0.06351858166689031,2,684
dmnelf007,1,CEN,-10.0,-8,0.06654446793027799,2,684
dmnelf007,1,CEN,-8.0,-7,0.050922003202499684,2,686
dmnelf007,1,CEN,-6.0,-5,0.059922723561207425,2,690
dmnelf007,1,CEN,-4.0,-3,0.033423701705087835,2,694
dmnelf007,1,CEN,-2.0,-2,0.018856132681704236,2,696
dmnelf007,1,CEN,0.0,0,0.0051421497951600935,2,700
dmnelf007,1,CEN,2.0,2,0.037703081441809415,2,696
dmnelf007,1,CEN,4.0,3,0.04650531401145901,2,694
dmnelf007,1,CEN,6.0,5,-0.009307506656689214,2,690
dmnelf007,1,CEN,8.0,7,-0.06618392784481894,2,686
dmnelf007,1,CEN,10.0,8,-0.08290857423281009,2,684
dmnelf007,2,DMN,-10.0,-8,-0.03118584444692166,2,684
dmnelf007,2,DMN,-8.0,-7,-0.042519237248165954,2,686
dmnelf007,2,DMN,-6.0,-5,-0.025638055689362026,2,690
dmnelf007,2,DMN,-4.0,-3,-0.025370468122558144,2,694
dmnelf007,2,DMN,-2.0,-2,-0.007832397808951909,2,696
dmnelf007,2,DMN,0.0,0,-0.014050807072124397,2,700
dmnelf007,2,DMN,2.0,2,0.007393092673496766,2,696
dmnelf007,2,DMN,4.0,3,-0.014432013815891,2,694
dmnelf007,2,DMN,6.0,5,-0.07107321793572224,2,690
dmnelf007,2,DMN,8.0,7,-0.061617497056491395,2,686
dmnelf007,2,DMN,10.0,8,-0.02601967176559531,2,684
dmnelf007,2,CEN,-10.0,-8,-0.014714028459891884,2,684
dmnelf007,2,CEN,-8.0,-7,-0.025334762559482676,2,686
dmnelf007,2,CEN,-6.0,-5,-0.001469457063906572,2,690
dmnelf007,2,CEN,-4.0,-3,-0.003102396765991608,2,694
dmnelf007,2,CEN,-2.0,-2,-0.0018913283270653384,2,696
dmnelf007,2,CEN,0.0,0,-0.04258281709001015,2,700
dmnelf007,2,CEN,2.0,2,-0.019788857164437287,2,696
dmnelf007,2,CEN,4.0,3,-0.021078427464112707,2,694
dmnelf007,2,CEN,6.0,5,-0.05396213017194369,2,690
dmnelf007,2,CEN,8.0,7,-0.0899362610712467,2,686
dmnelf007,2,CEN,10.0,8,-0.07848153474452152,2,684
dmnelf007,3,DMN,-10.0,-8,0.08352389182208778,2,684
dmnelf007,3,DMN,-8.0,-7,0.08768594845574228,2,686
dmnelf007,3,DMN,-6.0,-5,0.06868795203625457,2,690
dmnelf007,3,DMN,-4.0,-3,0.04254562686346493,2,694
dmnelf007,3,DMN,-2.0,-2,0.013658554869773598,2,696
dmnelf007,3,DMN,0.0,0,-0.016878962642775996,2,700
dmnelf007,3,DMN,2.0,2,-0.03145816734933308,2,696
dmnelf007,3,DMN,4.0,3,-0.042272755687208036,2,694
dmnelf007,3,DMN,6.0,5,-0.07842882783325596,2,690
dmnelf007,3,DMN,8.0,7,-0.0730979551110981,2,686
dmnelf007,3,DMN,10.0,8,-0.041245252020578736,2,684
dmnelf007,3,CEN,-10.0,-8,0.034820933130501386,2,684
dmnelf007,3,CEN,-8.0,-7,0.03308543070519754,2,686
dmnelf007,3,CEN,-6.0,-5,-0.009288877793217581,2,690
dmnelf007,3,CEN,-4.0,-3,-0.0669423911661831,2,694
dmnelf007,3,CEN,-2.0,-2,-0.08614029124639683,2,696
dmnelf007,3,CEN,0.0,0,-0.11799212538519714,2,700
dmnelf007,3,CEN,2.0,2,-0.12759277108064582,2,696
dmnelf007,3,CEN,4.0,3,-0.12638348018154666,2,694
dmnelf007,3,CEN,6.0,5,-0.1275787538365527,2,690
dmnelf007,3,CEN,8.0,7,-0.12430567260709227,2,686
dmnelf007,3,CEN,10.0,8,-0.10103034291706169,2,684
dmnelf007,4,DMN,-10.0,-8,0.08979429029459637,2,684
dmnelf007,4,DMN,-8.0,-7,0.08257469742344636,2,686
dmnelf007,4,DMN,-6.0,-5,0.04204814028366288,2,690
dmnelf007,4,DMN,-4.0,-3,-0.0007228656058929946,2,694
dmnelf007,4,DMN,-2.0,-2,-0.033372662241467954,2,696
dmnelf007,4,DMN,0.0,0,-0.053757913921241754,2,700
dmnelf007,4,DMN,2.0,2,-0.08473153726975695,2,696
dmnelf007,4,DMN,4.0,3,-0.10324804095097241,2,694
dmnelf007,4,DMN,6.0,5,-0.14176172645847876,2,690
dmnelf007,4,DMN,8.0,7,-0.1271300655015923,2,686
dmnelf007,4,DMN,10.0,8,-0.09939924349208999,2,684
dmnelf007,4,CEN,-10.0,-8,0.07339229979411167,2,684
dmnelf007,4,CEN,-8.0,-7,0.06706616360580361,2,686
dmnelf007,4,CEN,-6.0,-5,0.027612810047679234,2,690
dmnelf007,4,CEN,-4.0,-3,-0.04198774395779208,2,694
dmnelf007,4,CEN,-2.0,-2,-0.07644375970557997,2,696
dmnelf007,4,CEN,0.0,0,-0.09626281337986725,2,700
dmnelf007,4,CEN,2.0,2,-0.12395828499545528,2,696
dmnelf007,4,CEN,4.0,3,-0.13748124186207872,2,694
dmnelf007,4,CEN,6.0,5,-0.16110864467336186,2,690
dmnelf007,4,CEN,8.0,7,-0.16494289664454312,2,686
dmnelf007,4,CEN,10.0,8,-0.13681156749773177,2,684
dmnelf007,5,DMN,-10.0,-8,0.036337776732521594,2,684
dmnelf007,5,DMN,-8.0,-7,0.02819972555713198,2,686
dmnelf007,5,DMN,-6.0,-5,0.008804244881363964,2,690
dmnelf007,5,DMN,-4.0,-3,-0.0008954576997369916,2,694
dmnelf007,5,DMN,-2.0,-2,0.003742253572505151,2,696
dmnelf007,5,DMN,0.0,0,0.10973902533029277,2,700
dmnelf007,5,DMN,2.0,2,0.05721418868776998,2,696
dmnelf007,5,DMN,4.0,3,-0.0034821507713454765,2,694
dmnelf007,5,DMN,6.0,5,-0.06696513503350583,2,690
dmnelf007,5,DMN,8.0,7,-0.07874269583641356,2,686
dmnelf007,5,DMN,10.0,8,-0.07393234537475998,2,684
dmnelf007,5,CEN,-10.0,-8,0.003126282877410582,2,684
dmnelf007,5,CEN,-8.0,-7,-0.00036945258709078895,2,686
dmnelf007,5,CEN,-6.0,-5,-0.01237564067082209,2,690
dmnelf007,5,CEN,-4.0,-3,-0.056494477461583904,2,694
dmnelf007,5,CEN,-2.0,-2,-0.07227152766410468,2,696
dmnelf007,5,CEN,0.0,0,0.03074963271939137,2,700
dmnelf007,5,CEN,2.0,2,-0.013144871031817903,2,696
dmnelf007,5,CEN,4.0,3,-0.04512675841645324,2,694
dmnelf007,5,CEN,6.0,5,-0.07032191998245668,2,690
dmnelf007,5,CEN,8.0,7,-0.08034197183720905,2,686
dmnelf007,5,CEN,10.0,8,-0.06443863760565316,2,684
dmnelf007,6,DMN,-10.0,-8,-0.0014201135333999145,2,684
dmnelf007,6,DMN,-8.0,-7,0.004336774968481253,2,686
dmnelf007,6,DMN,-6.0,-5,-0.0046454399322993995,2,690
dmnelf007,6,DMN,-4.0,-3,0.015504976901534814,2,694
dmnelf007,6,DMN,-2.0,-2,0.03929428215945453,2,696
dmnelf007,6,DMN,0.0,0,0.17640442459589534,2,700
dmnelf007,6,DMN,2.0,2,0.11117848907809025,2,696
dmnelf007,6,DMN,4.0,3,0.04155432838233348,2,694
dmnelf007,6,DMN,6.0,5,-0.031852146422081735,2,690
dmnelf007,6,DMN,8.0,7,-0.05531203681252903,2,686
dmnelf007,6,DMN,10.0,8,-0.058092864010965715,2,684
dmnelf007,6,CEN,-10.0,-8,-0.04438860051973899,2,684
dmnelf007,6,CEN,-8.0,-7,-0.02408504599844854,2,686
dmnelf007,6,CEN,-6.0,-5,-0.021859582494706504,2,690
dmnelf007,6,CEN,-4.0,-3,-0.03207240941947644,2,694
dmnelf007,6,CEN,-2.0,-2,-0.032559930118395496,2,696
dmnelf007,6,CEN,0.0,0,0.09529920236595896,2,700
dmnelf007,6,CEN,2.0,2,0.02273263464626201,2,696
dmnelf007,6,CEN,4.0,3,-0.011190498427271323,2,694
dmnelf007,6,CEN,6.0,5,-0.042536285123907315,2,690
dmnelf007,6,CEN,8.0,7,-0.0464389626397482,2,686
dmnelf007,6,CEN,10.0,8,-0.040646338310518816,2,684
dmnelf007,7,DMN,-10.0,-8,-0.009270731658036125,2,684
dmnelf007,7,DMN,-8.0,-7,-0.0007533961404127004,2,686
dmnelf007,7,DMN,-6.0,-5,0.0005670633509139171,2,690
dmnelf007,7,DMN,-4.0,-3,0.021985268860314267,2,694
dmnelf007,7,DMN,-2.0,-2,0.04601685257506041,2,696
dmnelf007,7,DMN,0.0,0,0.14418418148687118,2,700
dmnelf007,7,DMN,2.0,2,0.10177577767681047,2,696
dmnelf007,7,DMN,4.0,3,0.051245718043856824,2,694
dmnelf007,7,DMN,6.0,5,-0.02270891545782559,2,690
dmnelf007,7,DMN,8.0,7,-0.05410199144902699,2,686
dmnelf007,7,DMN,10.0,8,-0.04489546718663796,2,684
dmnelf007,7,CEN,-10.0,-8,-0.026874015877717036,2,684
dmnelf007,7,CEN,-8.0,-7,-0.023614662395454792,2,686
dmnelf007,7,CEN,-6.0,-5,-0.04483713440296374,2,690
dmnelf007,7,CEN,-4.0,-3,-0.05320682955340048,2,694
dmnelf007,7,CEN,-2.0,-2,-0.043120585649407,2,696
dmnelf007,7,CEN,0.0,0,0.008206021033658957,2,700
dmnelf007,7,CEN,2.0,2,-0.048133620090141764,2,696
dmnelf007,7,CEN,4.0,3,-0.06328914875671955,2,694
dmnelf007,7,CEN,6.0,5,-0.1255646924492775,2,690
dmnelf007,7,CEN,8.0,7,-0.16118688584450988,2,686
dmnelf007,7,CEN,10.0,8,-0.1525773127530692,2,684
dmnelf007,8,DMN,-10.0,-8,-0.03689436400864472,2,684
dmnelf007,8,DMN,-8.0,-7,-0.02828017397815932,2,686
dmnelf007,8,DMN,-6.0,-5,-0.003662429301633384,2,690
dmnelf007,8,DMN,-4.0,-3,0.007228640741847348,2,694
dmnelf007,8,DMN,-2.0,-2,0.036555542800025306,2,696
dmnelf007,8,DMN,0.0,0,0.11212310287343466,2,700
dmnelf007,8,DMN,2.0,2,0.0537445079381977,2,696
dmnelf007,8,DMN,4.0,3,0.012638241706876484,2,694
dmnelf007,8,DMN,6.0,5,-0.021571931846434102,2,690
dmnelf007,8,DMN,8.0,7,-0.0447654500985068,2,686
dmnelf007,8,DMN,10.0,8,-0.03456256491069425,2,684
dmnelf007,8,CEN,-10.0,-8,-0.0006607612941239438,2,684
dmnelf007,8,CEN,-8.0,-7,-0.010101325850799429,2,686
dmnelf007,8,CEN,-6.0,-5,-0.011912443619362023,2,690
dmnelf007,8,CEN,-4.0,-3,-0.014876289990100626,2,694
dmnelf007,8,CEN,-2.0,-2,0.0077517750470970665,2,696
dmnelf007,8,CEN,0.0,0,0.07239942198227411,2,700
dmnelf007,8,CEN,2.0,2,0.028959180866893985,2,696
dmnelf007,8,CEN,4.0,3,0.018613079121800047,2,694
dmnelf007,8,CEN,6.0,5,-0.020290414217445697,2,690
dmnelf007,8,CEN,8.0,7,-0.060106166610169744,2,686
dmnelf007,8,CEN,10.0,8,-0.06033394615865594,2,684
dmnelf007,9,DMN,-10.0,-8,-0.01666712612180071,2,684
dmnelf007,9,DMN,-8.0,-7,-0.002934369088066009,2,686
dmnelf007,9,DMN,-6.0,-5,0.016608893294457878,2,690
dmnelf007,9,DMN,-4.0,-3,0.029313642726937414,2,694
dmnelf007,9,DMN,-2.0,-2,0.04672787149622368,2,696
dmnelf007,9,DMN,0.0,0,0.18839983676914135,2,700
dmnelf007,9,DMN,2.0,2,0.11546012246536279,2,696
dmnelf007,9,DMN,4.0,3,0.06825020796482109,2,694
dmnelf007,9,DMN,6.0,5,0.0359751634888495,2,690
dmnelf007,9,DMN,8.0,7,0.014595976872332833,2,686
dmnelf007,9,DMN,10.0,8,0.005259658458968277,2,684
dmnelf007,9,CEN,-10.0,-8,-0.0030556464585205973,2,684
dmnelf007,9,CEN,-8.0,-7,0.019724784416223676,2,686
dmnelf007,9,CEN,-6.0,-5,0.04697144986569349,2,690
dmnelf007,9,CEN,-4.0,-3,0.052149966402400966,2,694
dmnelf007,9,CEN,-2.0,-2,0.05470792199124817,2,696
dmnelf007,9,CEN,0.0,0,0.18476735593037644,2,700
dmnelf007,9,CEN,2.0,2,0.12593410523215876,2,696
dmnelf007,9,CEN,4.0,3,0.08243954649530372,2,694
dmnelf007,9,CEN,6.0,5,0.0584102008852863,2,690
dmnelf007,9,CEN,8.0,7,0.047751012388832885,2,686
dmnelf007,9,CEN,10.0,8,0.030718090130833726,2,684
dmnelf008,0,DMN,-10.0,-8,-0.03142692244670999,2,684
dmnelf008,0,DMN,-8.0,-7,-0.028888954156928555,2,686
dmnelf008,0,DMN,-6.0,-5,0.0016673469440874312,2,690
dmnelf008,0,DMN,-4.0,-3,-0.012846457304130032,2,694
dmnelf008,0,DMN,-2.0,-2,-0.049538636572011865,2,696
dmnelf008,0,DMN,0.0,0,-0.1657070042253201,2,700
dmnelf008,0,DMN,2.0,2,-0.03559622388684023,2,696
dmnelf008,0,DMN,4.0,3,-0.07028191811102392,2,694
dmnelf008,0,DMN,6.0,5,-0.08562553674946585,2,690
dmnelf008,0,DMN,8.0,7,-0.013796644648932101,2,686
dmnelf008,0,DMN,10.0,8,-0.016811378827514906,2,684
dmnelf008,0,CEN,-10.0,-8,-0.02598812532248693,2,684
dmnelf008,0,CEN,-8.0,-7,-0.013084570147485049,2,686
dmnelf008,0,CEN,-6.0,-5,-0.0023635467241668435,2,690
dmnelf008,0,CEN,-4.0,-3,-0.003903068787950634,2,694
dmnelf008,0,CEN,-2.0,-2,0.0009208073700399782,2,696
dmnelf008,0,CEN,0.0,0,0.00358675858946197,2,700
dmnelf008,0,CEN,2.0,2,0.05756036921788483,2,696
dmnelf008,0,CEN,4.0,3,0.09521627269253928,2,694
dmnelf008,0,CEN,6.0,5,0.11901921488526247,2,690
dmnelf008,0,CEN,8.0,7,0.15436119750366062,2,686
dmnelf008,0,CEN,10.0,8,0.16379883419125424,2,684
dmnelf008,1,DMN,-10.0,-8,-0.05946137992980717,2,684
dmnelf008,1,DMN,-8.0,-7,-0.03522793103734228,2,686
dmnelf008,1,DMN,-6.0,-5,-0.010031188569887018,2,690
dmnelf008,1,DMN,-4.0,-3,-0.0012890018499771862,2,694
dmnelf008,1,DMN,-2.0,-2,-0.042663083777910865,2,696
dmnelf008,1,DMN,0.0,0,-0.0949458237634604,2,700
dmnelf008,1,DMN,2.0,2,-0.026391632196867895,2,696
dmnelf008,1,DMN,4.0,3,-0.05347047431283976,2,694
dmnelf008,1,DMN,6.0,5,-0.08673691050446869,2,690
dmnelf008,1,DMN,8.0,7,-0.025757724639563502,2,686
dmnelf008,1,DMN,10.0,8,-0.06528013107911344,2,684
dmnelf008,1,CEN,-10.0,-8,0.015564232991907288,2,684
dmnelf008,1,CEN,-8.0,-7,0.01826800021704519,2,686
dmnelf008,1,CEN,-6.0,-5,0.04730369784274019,2,690
dmnelf008,1,CEN,-4.0,-3,0.06422343513663767,2,694
dmnelf008,1,CEN,-2.0,-2,0.04397481041819636,2,696
dmnelf008,1,CEN,0.0,0,0.034815347524082406,2,700
dmnelf008,1,CEN,2.0,2,0.08802513088354944,2,696
dmnelf008,1,CEN,4.0,3,0.09861015072081326,2,694
dmnelf008,1,CEN,6.0,5,0.09824002566215027,2,690
dmnelf008,1,CEN,8.0,7,0.12291982652978899,2,686
dmnelf008,1,CEN,10.0,8,0.11722757712756601,2,684
dmnelf008,2,DMN,-10.0,-8,-0.00844624315217742,2,684
dmnelf008,2,DMN,-8.0,-7,-0.02390169844306409,2,686
dmnelf008,2,DMN,-6.0,-5,-0.034543914677671234,2,690
dmnelf008,2,DMN,-4.0,-3,-0.01692101050016655,2,694
dmnelf008,2,DMN,-2.0,-2,-0.019599975086892887,2,696
dmnelf008,2,DMN,0.0,0,-0.04088986908232228,2,700
dmnelf008,2,DMN,2.0,2,0.00038330601510533986,2,696
dmnelf008,2,DMN,4.0,3,-0.021436393241309634,2,694
dmnelf008,2,DMN,6.0,5,-0.08803903246155902,2,690
dmnelf008,2,DMN,8.0,7,-0.010857120582547971,2,686
dmnelf008,2,DMN,10.0,8,-0.04748231628171058,2,684
dmnelf008,2,CEN,-10.0,-8,-0.026648446139374952,2,684
dmnelf008,2,CEN,-8.0,-7,-0.01845203422523816,2,686
dmnelf008,2,CEN,-6.0,-5,-0.007118083262521809,2,690
dmnelf008,2,CEN,-4.0,-3,-0.00039359426202678784,2,694
dmnelf008,2,CEN,-2.0,-2,-0.015326409304222846,2,696
dmnelf008,2,CEN,0.0,0,-0.017284021549680013,2,700
dmnelf008,2,CEN,2.0,2,0.054267759973580236,2,696
dmnelf008,2,CEN,4.0,3,0.055979318891492956,2,694
dmnelf008,2,CEN,6.0,5,0.04875882492174599,2,690
dmnelf008,2,CEN,8.0,7,0.08716010982192438,2,686
dmnelf008,2,CEN,10.0,8,0.08565574059784298,2,684
dmnelf008,3,DMN,-10.0,-8,0.001257194831224293,2,684
dmnelf008,3,DMN,-8.0,-7,-0.005959495807117236,2,686
dmnelf008,3,DMN,-6.0,-5,-0.048430649314878456,2,690
dmnelf008,3,DMN,-4.0,-3,-0.007214301854093044,2,694
dmnelf008,3,DMN,-2.0,-2,-0.023314689771850625,2,696
dmnelf008,3,DMN,0.0,0,-0.01484644620295577,2,700
dmnelf008,3,DMN,2.0,2,0.0059083073839170785,2,696
dmnelf008,3,DMN,4.0,3,-0.02123838092938925,2,694
dmnelf008,3,DMN,6.0,5,-0.09640756725620031,2,690
dmnelf008,3,DMN,8.0,7,-0.03683678063243331,2,686
dmnelf008,3,DMN,10.0,8,-0.07135372849278225,2,684
dmnelf008,3,CEN,-10.0,-8,-0.04125007167371102,2,684
dmnelf008,3,CEN,-8.0,-7,-0.023733914407242748,2,686
dmnelf008,3,CEN,-6.0,-5,-0.0015492509387568384,2,690
dmnelf008,3,CEN,-4.0,-3,0.02955299469061465,2,694
dmnelf008,3,CEN,-2.0,-2,0.015474121729105476,2,696
dmnelf008,3,CEN,0.0,0,0.013153235220079171,2,700
dmnelf008,3,CEN,2.0,2,0.09871999549319622,2,696
dmnelf008,3,CEN,4.0,3,0.10573893536950259,2,694
dmnelf008,3,CEN,6.0,5,0.08402533049394492,2,690
dmnelf008,3,CEN,8.0,7,0.10686583348919527,2,686
dmnelf008,3,CEN,10.0,8,0.09538902636727271,2,684
dmnelf008,4,DMN,-10.0,-8,-0.010008369172801108,2,684
dmnelf008,4,DMN,-8.0,-7,-0.005630227636101286,2,686
dmnelf008,4,DMN,-6.0,-5,-0.04373989521597084,2,690
dmnelf008,4,DMN,-4.0,-3,-0.00777938301033468,2,694
dmnelf008,4,DMN,-2.0,-2,-0.06003804760799265,2,696
dmnelf008,4,DMN,0.0,0,0.010678607530877088,2,700
dmnelf008,4,DMN,2.0,2,-0.013670769091490833,2,696
dmnelf008,4,DMN,4.0,3,-0.048610901622457514,2,694
dmnelf008,4,DMN,6.0,5,-0.05531850931759875,2,690
dmnelf008,4,DMN,8.0,7,-0.036640166694444865,2,686
dmnelf008,4,DMN,10.0,8,-0.06611598505067844,2,684
dmnelf008,4,CEN,-10.0,-8,-0.031960808246324725,2,684
dmnelf008,4,CEN,-8.0,-7,-0.006370291660915065,2,686
dmnelf008,4,CEN,-6.0,-5,0.024605075114687572,2,690
dmnelf008,4,CEN,-4.0,-3,0.03672784085312606,2,694
dmnelf008,4,CEN,-2.0,-2,0.026044277224810577,2,696
dmnelf008,4,CEN,0.0,0,0.006710906521674284,2,700
dmnelf008,4,CEN,2.0,2,0.09166697501747036,2,696
dmnelf008,4,CEN,4.0,3,0.0879614492487958,2,694
dmnelf008,4,CEN,6.0,5,0.07516891632173985,2,690
dmnelf008,4,CEN,8.0,7,0.09733044838535253,2,686
dmnelf008,4,CEN,10.0,8,0.09529099024813006,2,684
dmnelf008,5,DMN,-10.0,-8,0.0031422706147625273,2,684
dmnelf008,5,DMN,-8.0,-7,-0.06175653597731745,2,686
dmnelf008,5,DMN,-6.0,-5,-0.07138635494612794,2,690
dmnelf008,5,DMN,-4.0,-3,-0.09665069059341716,2,694
dmnelf008,5,DMN,-2.0,-2,-0.07698455066641,2,696
dmnelf008,5,DMN,0.0,0,0.01712768700413369,2,700
dmnelf008,5,DMN,2.0,2,-0.005908881295709091,2,696
dmnelf008,5,DMN,4.0,3,0.0037407092251649766,2,694
dmnelf008,5,DMN,6.0,5,-0.016619821154966706,2,690
dmnelf008,5,DMN,8.0,7,-0.044674229962097856,2,686
dmnelf008,5,DMN,10.0,8,-0.09157259227483842,2,684
dmnelf008,5,CEN,-10.0,-8,0.028493588537363605,2,684
dmnelf008,5,CEN,-8.0,-7,0.06229475341949605,2,686
dmnelf008,5,CEN,-6.0,-5,0.09906759552971073,2,690
dmnelf008,5,CEN,-4.0,-3,0.09104223625048213,2,694
dmnelf008,5,CEN,-2.0,-2,0.0879340555511654,2,696
dmnelf008,5,CEN,0.0,0,0.12190106707096299,2,700
dmnelf008,5,CEN,2.0,2,0.1809436367984479,2,696
dmnelf008,5,CEN,4.0,3,0.19017704855216427,2,694
dmnelf008,5,CEN,6.0,5,0.1676170028181315,2,690
dmnelf008,5,CEN,8.0,7,0.18402796865362836,2,686
dmnelf008,5,CEN,10.0,8,0.17887506305769912,2,684
dmnelf008,6,DMN,-10.0,-8,-0.02058900917065541,2,684
dmnelf008,6,DMN,-8.0,-7,-0.04836494896648141,2,686
dmnelf008,6,DMN,-6.0,-5,-0.06834334367100911,2,690
dmnelf008,6,DMN,-4.0,-3,-0.12738588089128064,2,694
dmnelf008,6,DMN,-2.0,-2,-0.07689323943213318,2,696
dmnelf008,6,DMN,0.0,0,0.15200553954618176,2,700
dmnelf008,6,DMN,2.0,2,0.07908783850011722,2,696
dmnelf008,6,DMN,4.0,3,0.07130969450318583,2,694
dmnelf008,6,DMN,6.0,5,-0.022794295864000853,2,690
dmnelf008,6,DMN,8.0,7,-0.05671825789775161,2,686
dmnelf008,6,DMN,10.0,8,-0.06841772534571179,2,684
dmnelf008,6,CEN,-10.0,-8,-0.017801183502847675,2,684
dmnelf008,6,CEN,-8.0,-7,-0.004715584611553048,2,686
dmnelf008,6,CEN,-6.0,-5,0.03899425478769511,2,690
dmnelf008,6,CEN,-4.0,-3,0.06609113056990669,2,694
dmnelf008,6,CEN,-2.0,-2,0.09595526111624533,2,696
dmnelf008,6,CEN,0.0,0,0.26614913658791167,2,700
dmnelf008,6,CEN,2.0,2,0.2631646714890031,2,696
dmnelf008,6,CEN,4.0,3,0.2824931301924538,2,694
dmnelf008,6,CEN,6.0,5,0.24509132110713258,2,690
dmnelf008,6,CEN,8.0,7,0.25662623683713065,2,686
dmnelf008,6,CEN,10.0,8,0.24158332863769613,2,684
dmnelf008,7,DMN,-10.0,-8,-0.06112233761076264,2,684
dmnelf008,7,DMN,-8.0,-7,-0.05607106884155965,2,686
dmnelf008,7,DMN,-6.0,-5,-0.051460088990437455,2,690
dmnelf008,7,DMN,-4.0,-3,-0.08645233216495811,2,694
dmnelf008,7,DMN,-2.0,-2,-0.0537221514057145,2,696
dmnelf008,7,DMN,0.0,0,0.19802566710422434,2,700
dmnelf008,7,DMN,2.0,2,0.10409946586713684,2,696
dmnelf008,7,DMN,4.0,3,0.06088015250300764,2,694
dmnelf008,7,DMN,6.0,5,-0.03274278047024459,2,690
dmnelf008,7,DMN,8.0,7,-0.05300381022267449,2,686
dmnelf008,7,DMN,10.0,8,-0.06771085080959968,2,684
dmnelf008,7,CEN,-10.0,-8,-0.03204365248944106,2,684
dmnelf008,7,CEN,-8.0,-7,-0.03455131482629351,2,686
dmnelf008,7,CEN,-6.0,-5,0.001448450092015405,2,690
dmnelf008,7,CEN,-4.0,-3,0.001860621940436888,2,694
dmnelf008,7,CEN,-2.0,-2,0.031929744614135405,2,696
dmnelf008,7,CEN,0.0,0,0.17248069475988909,2,700
dmnelf008,7,CEN,2.0,2,0.1378411846163938,2,696
dmnelf008,7,CEN,4.0,3,0.17125841916592857,2,694
dmnelf008,7,CEN,6.0,5,0.10680749961866312,2,690
dmnelf008,7,CEN,8.0,7,0.13272571821244972,2,686
dmnelf008,7,CEN,10.0,8,0.11880543397876822,2,684
dmnelf008,8,DMN,-10.0,-8,-0.050498708004556185,2,684
dmnelf008,8,DMN,-8.0,-7,-0.01029018721347064,2,686
dmnelf008,8,DMN,-6.0,-5,-0.024911937851925796,2,690
dmnelf008,8,DMN,-4.0,-3,-0.0336757092752907,2,694
dmnelf008,8,DMN,-2.0,-2,-0.03446757671488311,2,696
dmnelf008,8,DMN,0.0,0,0.33453542771156425,2,700
dmnelf008,8,DMN,2.0,2,0.1780153889634745,2,696
dmnelf008,8,DMN,4.0,3,0.11227103335561374,2,694
dmnelf008,8,DMN,6.0,5,0.04615235752771434,2,690
dmnelf008,8,DMN,8.0,7,-0.008496883537956263,2,686
dmnelf008,8,DMN,10.0,8,-0.023618514691615026,2,684
dmnelf008,8,CEN,-10.0,-8,-0.06114987870083382,2,684
dmnelf008,8,CEN,-8.0,-7,-0.07065674940993365,2,686
dmnelf008,8,CEN,-6.0,-5,-0.03202411939641283,2,690
dmnelf008,8,CEN,-4.0,-3,-0.007870519982886619,2,694
dmnelf008,8,CEN,-2.0,-2,-4.693424740021277e-05,2,696
dmnelf008,8,CEN,0.0,0,0.19277061504577966,2,700
dmnelf008,8,CEN,2.0,2,0.13083412745678394,2,696
dmnelf008,8,CEN,4.0,3,0.12256318736076517,2,694
dmnelf008,8,CEN,6.0,5,0.08134724399844022,2,690
dmnelf008,8,CEN,8.0,7,0.07659972347323667,2,686
dmnelf008,8,CEN,10.0,8,0.07882164135371707,2,684
dmnelf008,9,DMN,-10.0,-8,-0.05031355376559873,2,684
dmnelf008,9,DMN,-8.0,-7,-0.009228207958569195,2,686
dmnelf008,9,DMN,-6.0,-5,-0.024675820671700696,2,690
dmnelf008,9,DMN,-4.0,-3,-0.033567285505604866,2,694
dmnelf008,9,DMN,-2.0,-2,-0.03431048540215177,2,696
dmnelf008,9,DMN,0.0,0,0.33653709790320524,2,700
dmnelf008,9,DMN,2.0,2,0.17850252711852996,2,696
dmnelf008,9,DMN,4.0,3,0.11385631338070323,2,694
dmnelf008,9,DMN,6.0,5,0.04741250705022231,2,690
dmnelf008,9,DMN,8.0,7,-0.009698651650419225,2,686
dmnelf008,9,DMN,10.0,8,-0.02351926061142822,2,684
dmnelf008,9,CEN,-10.0,-8,-0.061537527312641095,2,684
dmnelf008,9,CEN,-8.0,-7,-0.07102340136293146,2,686
dmnelf008,9,CEN,-6.0,-5,-0.03132238233531859,2,690
dmnelf008,9,CEN,-4.0,-3,-0.0030722380477625428,2,694
dmnelf008,9,CEN,-2.0,-2,0.0028839379765641057,2,696
dmnelf008,9,CEN,0.0,0,0.19684010190306406,2,700
dmnelf008,9,CEN,2.0,2,0.1366850257576745,2,696
dmnelf008,9,CEN,4.0,3,0.12625340333083018,2,694
dmnelf008,9,CEN,6.0,5,0.08551136590206398,2,690
dmnelf008,9,CEN,8.0,7,0.07882044459185705,2,686
dmnelf008,9,CEN,10.0,8,0.08121692678995014,2,684
dmnelf009,0,DMN,-10.0,-8,-0.04766132080946328,2,684
dmnelf009,0,DMN,-8.0,-7,-0.05005569169885547,2,686
dmnelf009,0,DMN,-6.0,-5,-0.04211861665948741,2,690
dmnelf009,0,DMN,-4.0,-3,-0.04730421527658392,2,694
dmnelf009,0,DMN,-2.0,-2,-0.04072550873847672,2,696
dmnelf009,0,DMN,0.0,0,-0.03390118384466639,2,700
dmnelf009,0,DMN,2.0,2,-0.04440089420740782,2,696
dmnelf009,0,DMN,4.0,3,-0.08449265494356645,2,694
dmnelf009,0,DMN,6.0,5,-0.1347862016213976,2,690
dmnelf009,0,DMN,8.0,7,-0.13376190287657486,2,686
dmnelf009,0,DMN,10.0,8,-0.134127629353175,2,684
dmnelf009,0,CEN,-10.0,-8,-0.004803361611936506,2,684
dmnelf009,0,CEN,-8.0,-7,-0.01220310490498562,2,686
dmnelf009,0,CEN,-6.0,-5,0.022852181064526474,2,690
dmnelf009,0,CEN,-4.0,-3,0.04914982576804439,2,694
dmnelf009,0,CEN,-2.0,-2,0.05869728406898443,2,696
dmnelf009,0,CEN,0.0,0,0.0454852272642158,2,700
dmnelf009,0,CEN,2.0,2,0.012587287922845755,2,696
dmnelf009,0,CEN,4.0,3,-0.02234181075182362,2,694
dmnelf009,0,CEN,6.0,5,-0.07721309060985121,2,690
dmnelf009,0,CEN,8.0,7,-0.055320917122209504,2,686
dmnelf009,0,CEN,10.0,8,-0.046907096723773044,2,684
dmnelf009,1,DMN,-10.0,-8,0.03404108210557951,2,684
dmnelf009,1,DMN,-8.0,-7,0.06366125103879995,2,686
dmnelf009,1,DMN,-6.0,-5,-0.01543076033648548,2,690
dmnelf009,1,DMN,-4.0,-3,0.045665772754945266,2,694
dmnelf009,1,DMN,-2.0,-2,0.011178548047632277,2,696
dmnelf009,1,DMN,0.0,0,0.02463372735843959,2,700
dmnelf009,1,DMN,2.0,2,0.037180952811985295,2,696
dmnelf009,1,DMN,4.0,3,-0.013367872315969618,2,694
dmnelf009,1,DMN,6.0,5,0.027593571320409044,2,690
dmnelf009,1,DMN,8.0,7,-0.016134437067987163,2,686
dmnelf009,1,DMN,10.0,8,0.0034808378613003003,2,684
dmnelf009,1,CEN,-10.0,-8,0.0051347501988740695,2,684
dmnelf009,1,CEN,-8.0,-7,0.026963445782191963,2,686
dmnelf009,1,CEN,-6.0,-5,-0.05059663288091677,2,690
dmnelf009,1,CEN,-4.0,-3,0.005508529841628346,2,694
dmnelf009,1,CEN,-2.0,-2,-0.043280903026074034,2,696
dmnelf009,1,CEN,0.0,0,-0.044170448408949715,2,700
dmnelf009,1,CEN,2.0,2,-0.09723941774390182,2,696
dmnelf009,1,CEN,4.0,3,-0.14238451961754756,2,694
dmnelf009,1,CEN,6.0,5,-0.12101305143479325,2,690
dmnelf009,1,CEN,8.0,7,-0.15373869154219266,2,686
dmnelf009,1,CEN,10.0,8,-0.1194089268472713,2,684
dmnelf009,2,DMN,-10.0,-8,0.08184988119155809,2,684
dmnelf009,2,DMN,-8.0,-7,0.07317556797922217,2,686
dmnelf009,2,DMN,-6.0,-5,0.05573801977276563,2,690
dmnelf009,2,DMN,-4.0,-3,0.06777925029060022,2,694
dmnelf009,2,DMN,-2.0,-2,0.0828750465123874,2,696
dmnelf009,2,DMN,0.0,0,0.10631440764989945,2,700
dmnelf009,2,DMN,2.0,2,0.15506988762108195,2,696
dmnelf009,2,DMN,4.0,3,0.15186187582875968,2,694
dmnelf009,2,DMN,6.0,5,0.15288805393693383,2,690
dmnelf009,2,DMN,8.0,7,0.1798590330069776,2,686
dmnelf009,2,DMN,10.0,8,0.17470922225618798,2,684
dmnelf009,2,CEN,-10.0,-8,-0.11575288716218432,2,684
dmnelf009,2,CEN,-8.0,-7,-0.13500931831310467,2,686
dmnelf009,2,CEN,-6.0,-5,-0.14558458547977016,2,690
dmnelf009,2,CEN,-4.0,-3,-0.1176068143702762,2,694
dmnelf009,2,CEN,-2.0,-2,-0.10570243849100402,2,696
dmnelf009,2,CEN,0.0,0,-0.1281249881702264,2,700
dmnelf009,2,CEN,2.0,2,-0.1451453549347066,2,696
dmnelf009,2,CEN,4.0,3,-0.17098635107834692,2,694
dmnelf009,2,CEN,6.0,5,-0.17181257424924412,2,690
dmnelf009,2,CEN,8.0,7,-0.1452407322123857,2,686
dmnelf009,2,CEN,10.0,8,-0.13823588674738313,2,684
dmnelf009,3,DMN,-10.0,-8,0.07564181900216828,2,684
dmnelf009,3,DMN,-8.0,-7,0.06940267633521571,2,686
dmnelf009,3,DMN,-6.0,-5,0.05095336653472914,2,690
dmnelf009,3,DMN,-4.0,-3,0.059051617638034716,2,694
dmnelf009,3,DMN,-2.0,-2,0.07008149314781459,2,696
dmnelf009,3,DMN,0.0,0,0.09687458807701604,2,700
dmnelf009,3,DMN,2.0,2,0.153403903900018,2,696
dmnelf009,3,DMN,4.0,3,0.12460276426681345,2,694
dmnelf009,3,DMN,6.0,5,0.10215861681840498,2,690
dmnelf009,3,DMN,8.0,7,0.11167571395317075,2,686
dmnelf009,3,DMN,10.0,8,0.115161299166332,2,684
dmnelf009,3,CEN,-10.0,-8,-0.10787684534051645,2,684
dmnelf009,3,CEN,-8.0,-7,-0.11913252194611645,2,686
dmnelf009,3,CEN,-6.0,-5,-0.11372992035181828,2,690
dmnelf009,3,CEN,-4.0,-3,-0.08755587115528266,2,694
dmnelf009,3,CEN,-2.0,-2,-0.08927039633606453,2,696
dmnelf009,3,CEN,0.0,0,-0.11048743367843822,2,700
dmnelf009,3,CEN,2.0,2,-0.14413156151393033,2,696
dmnelf009,3,CEN,4.0,3,-0.19528648968942242,2,694
dmnelf009,3,CEN,6.0,5,-0.2164310470775397,2,690
dmnelf009,3,CEN,8.0,7,-0.19167069716560886,2,686
dmnelf009,3,CEN,10.0,8,-0.17968866435866995,2,684
dmnelf009,4,DMN,-10.0,-8,0.04794671031690808,2,684
dmnelf009,4,DMN,-8.0,-7,0.07189631541628468,2,686
dmnelf009,4,DMN,-6.0,-5,0.023190790009823756,2,690
dmnelf009,4,DMN,-4.0,-3,0.062374451264999346,2,694
dmnelf009,4,DMN,-2.0,-2,0.048562454999627865,2,696
dmnelf009,4,DMN,0.0,0,0.028972207856381327,2,700
dmnelf009,4,DMN,2.0,2,0.05320624657625284,2,696
dmnelf009,4,DMN,4.0,3,-0.03515022659819887,2,694
dmnelf009,4,DMN,6.0,5,-0.05176278570930713,2,690
dmnelf009,4,DMN,8.0,7,-0.13016756603668062,2,686
dmnelf009,4,DMN,10.0,8,-0.10487924000242044,2,684
dmnelf009,4,CEN,-10.0,-8,0.002889902566459746,2,684
dmnelf009,4,CEN,-8.0,-7,0.02260117669170832,2,686
dmnelf009,4,CEN,-6.0,-5,-0.011969304804026058,2,690
dmnelf009,4,CEN,-4.0,-3,0.05126571003953374,2,694
dmnelf009,4,CEN,-2.0,-2,0.014274842588735938,2,696
dmnelf009,4,CEN,0.0,0,-0.03793427468311775,2,700
dmnelf009,4,CEN,2.0,2,-0.12371425937719435,2,696
dmnelf009,4,CEN,4.0,3,-0.22211590187140498,2,694
dmnelf009,4,CEN,6.0,5,-0.20009398290590166,2,690
dmnelf009,4,CEN,8.0,7,-0.24325294262725186,2,686
dmnelf009,4,CEN,10.0,8,-0.20758369619156147,2,684
dmnelf009,5,DMN,-10.0,-8,0.057356699591830644,2,684
dmnelf009,5,DMN,-8.0,-7,0.08216624006059013,2,686
dmnelf009,5,DMN,-6.0,-5,0.008666181700077751,2,690
dmnelf009,5,DMN,-4.0,-3,0.06848995838775325,2,694
dmnelf009,5,DMN,-2.0,-2,0.047034640112393944,2,696
dmnelf009,5,DMN,0.0,0,0.041269698205499035,2,700
dmnelf009,5,DMN,2.0,2,0.019394566498133342,2,696
dmnelf009,5,DMN,4.0,3,-0.07227382772623131,2,694
dmnelf009,5,DMN,6.0,5,-0.0836544568816054,2,690
dmnelf009,5,DMN,8.0,7,-0.1580344946824127,2,686
dmnelf009,5,DMN,10.0,8,-0.11314169494381957,2,684
dmnelf009,5,CEN,-10.0,-8,0.02468097491137679,2,684
dmnelf009,5,CEN,-8.0,-7,0.04040577057090062,2,686
dmnelf009,5,CEN,-6.0,-5,-0.0360161131108655,2,690
dmnelf009,5,CEN,-4.0,-3,0.04549168350053217,2,694
dmnelf009,5,CEN,-2.0,-2,0.003902594146929987,2,696
dmnelf009,5,CEN,0.0,0,-0.018554219791107305,2,700
dmnelf009,5,CEN,2.0,2,-0.14162880671666525,2,696
dmnelf009,5,CEN,4.0,3,-0.2315407141783149,2,694
dmnelf009,5,CEN,6.0,5,-0.20019440702909033,2,690
dmnelf009,5,CEN,8.0,7,-0.24343241714697025,2,686
dmnelf009,5,CEN,10.0,8,-0.18825104717145583,2,684
dmnelf009,6,DMN,-10.0,-8,0.037346807671732984,2,684
dmnelf009,6,DMN,-8.0,-7,0.06422089155938954,2,686
dmnelf009,6,DMN,-6.0,-5,0.01812531305239181,2,690
dmnelf009,6,DMN,-4.0,-3,0.05610495320441575,2,694
dmnelf009,6,DMN,-2.0,-2,0.055116546808994804,2,696
dmnelf009,6,DMN,0.0,0,0.05332065582138656,2,700
dmnelf009,6,DMN,2.0,2,0.05636309737937659,2,696
dmnelf009,6,DMN,4.0,3,0.0024521035729285347,2,694
dmnelf009,6,DMN,6.0,5,-0.024556187634716314,2,690
dmnelf009,6,DMN,8.0,7,-0.03912611881169529,2,686
dmnelf009,6,DMN,10.0,8,-0.010632891736911173,2,684
dmnelf009,6,CEN,-10.0,-8,-0.04022084273515061,2,684
dmnelf009,6,CEN,-8.0,-7,-0.025531743788791528,2,686
dmnelf009,6,CEN,-6.0,-5,-0.07853297197403057,2,690
dmnelf009,6,CEN,-4.0,-3,-0.031018323379240622,2,694
dmnelf009,6,CEN,-2.0,-2,-0.041293176188136424,2,696
dmnelf009,6,CEN,0.0,0,-0.049115536878992304,2,700
dmnelf009,6,CEN,2.0,2,-0.11532650463478807,2,696
dmnelf009,6,CEN,4.0,3,-0.18452511934343463,2,694
dmnelf009,6,CEN,6.0,5,-0.22363498964150322,2,690
dmnelf009,6,CEN,8.0,7,-0.21877547031747163,2,686
dmnelf009,6,CEN,10.0,8,-0.18146076887456464,2,684
dmnelf009,7,DMN,-10.0,-8,0.03183655784398262,2,684
dmnelf009,7,DMN,-8.0,-7,0.06576187080422818,2,686
dmnelf009,7,DMN,-6.0,-5,0.039544900778843484,2,690
dmnelf009,7,DMN,-4.0,-3,0.04898393432940423,2,694
dmnelf009,7,DMN,-2.0,-2,0.051096972063399686,2,696
dmnelf009,7,DMN,0.0,0,0.04334879176727215,2,700
dmnelf009,7,DMN,2.0,2,0.06916575426595119,2,696
dmnelf009,7,DMN,4.0,3,0.036112853347891105,2,694
dmnelf009,7,DMN,6.0,5,0.002679882446820566,2,690
dmnelf009,7,DMN,8.0,7,0.013205584461944564,2,686
dmnelf009,7,DMN,10.0,8,0.029220473721820066,2,684
dmnelf009,7,CEN,-10.0,-8,-0.058575603098284246,2,684
dmnelf009,7,CEN,-8.0,-7,-0.04109940232214268,2,686
dmnelf009,7,CEN,-6.0,-5,-0.0727595465124375,2,690
dmnelf009,7,CEN,-4.0,-3,-0.05778902540795639,2,694
dmnelf009,7,CEN,-2.0,-2,-0.06358845749944612,2,696
dmnelf009,7,CEN,0.0,0,-0.0696880845747371,2,700
dmnelf009,7,CEN,2.0,2,-0.09609807908425769,2,696
dmnelf009,7,CEN,4.0,3,-0.14970853521883648,2,694
dmnelf009,7,CEN,6.0,5,-0.21721309292187838,2,690
dmnelf009,7,CEN,8.0,7,-0.1964222091210147,2,686
dmnelf009,7,CEN,10.0,8,-0.18123758389099637,2,684
dmnelf009,8,DMN,-10.0,-8,0.060767416507708776,2,684
dmnelf009,8,DMN,-8.0,-7,0.09164968931077523,2,686
dmnelf009,8,DMN,-6.0,-5,0.058656462376827936,2,690
dmnelf009,8,DMN,-4.0,-3,0.059160489151647136,2,694
dmnelf009,8,DMN,-2.0,-2,0.05233742137629619,2,696
dmnelf009,8,DMN,0.0,0,0.07375079496620691,2,700
dmnelf009,8,DMN,2.0,2,0.05478763997119412,2,696
dmnelf009,8,DMN,4.0,3,0.023005020223835496,2,694
dmnelf009,8,DMN,6.0,5,-0.015843160846707987,2,690
dmnelf009,8,DMN,8.0,7,-0.01811382974532305,2,686
dmnelf009,8,DMN,10.0,8,-0.019998331443861015,2,684
dmnelf009,8,CEN,-10.0,-8,-0.047606640574414834,2,684
dmnelf009,8,CEN,-8.0,-7,-0.030021047966853873,2,686
dmnelf009,8,CEN,-6.0,-5,-0.0422400510161084,2,690
dmnelf009,8,CEN,-4.0,-3,-0.029285181310259704,2,694
dmnelf009,8,CEN,-2.0,-2,-0.044810031143917774,2,696
dmnelf009,8,CEN,0.0,0,-0.04582995994474906,2,700
dmnelf009,8,CEN,2.0,2,-0.12222552338580206,2,696
dmnelf009,8,CEN,4.0,3,-0.16983083338356575,2,694
dmnelf009,8,CEN,6.0,5,-0.21763644309544763,2,690
dmnelf009,8,CEN,8.0,7,-0.20209251622023153,2,686
dmnelf009,8,CEN,10.0,8,-0.2007648639150905,2,684
dmnelf009,9,DMN,-10.0,-8,0.06125597292042358,2,684
dmnelf009,9,DMN,-8.0,-7,0.0726823204619213,2,686
dmnelf009,9,DMN,-6.0,-5,0.07215263082678226,2,690
dmnelf009,9,DMN,-4.0,-3,0.08477934707832276,2,694
dmnelf009,9,DMN,-2.0,-2,0.0630606769732318,2,696
dmnelf009,9,DMN,0.0,0,0.14431682522962722,2,700
dmnelf009,9,DMN,2.0,2,0.09164990883056238,2,696
dmnelf009,9,DMN,4.0,3,0.06351609397469873,2,694
dmnelf009,9,DMN,6.0,5,-0.004049722099331637,2,690
dmnelf009,9,DMN,8.0,7,-0.015493505598444847,2,686
dmnelf009,9,DMN,10.0,8,-0.01818617408602265,2,684
dmnelf009,9,CEN,-10.0,-8,-0.023176226001525888,2,684
dmnelf009,9,CEN,-8.0,-7,-0.019015221115734407,2,686
dmnelf009,9,CEN,-6.0,-5,-0.008318990834400873,2,690
dmnelf009,9,CEN,-4.0,-3,0.017837175192271005,2,694
dmnelf009,9,CEN,-2.0,-2,-0.00808661238479794,2,696
dmnelf009,9,CEN,0.0,0,0.05064314883660631,2,700
dmnelf009,9,CEN,2.0,2,-0.05825667468094585,2,696
dmnelf009,9,CEN,4.0,3,-0.09497655707168134,2,694
dmnelf009,9,CEN,6.0,5,-0.16005733030600727,2,690
dmnelf009,9,CEN,8.0,7,-0.15591883691600286,2,686
dmnelf009,9,CEN,10.0,8,-0.14645994236368476,2,684
dmnelf010,0,DMN,-10.0,-8,-0.060564558116673495,2,684
dmnelf010,0,DMN,-8.0,-7,-0.03786157940518969,2,686
dmnelf010,0,DMN,-6.0,-5,-0.08195807035248615,2,690
dmnelf010,0,DMN,-4.0,-3,-0.09565949189369291,2,694
dmnelf010,0,DMN,-2.0,-2,-0.10416231606211314,2,696
dmnelf010,0,DMN,0.0,0,0.012678769198894808,2,700
dmnelf010,0,DMN,2.0,2,0.018563843642736753,2,696
dmnelf010,0,DMN,4.0,3,-0.010933817180185674,2,694
dmnelf010,0,DMN,6.0,5,-0.04350158937196748,2,690
dmnelf010,0,DMN,8.0,7,-0.07168647637631408,2,686
dmnelf010,0,DMN,10.0,8,-0.07557278726580935,2,684
dmnelf010,0,CEN,-10.0,-8,-0.129165747034732,2,684
dmnelf010,0,CEN,-8.0,-7,-0.10288179769707632,2,686
dmnelf010,0,CEN,-6.0,-5,-0.13420405450795564,2,690
dmnelf010,0,CEN,-4.0,-3,-0.10734619962922007,2,694
dmnelf010,0,CEN,-2.0,-2,-0.11070652707216448,2,696
dmnelf010,0,CEN,0.0,0,-0.0010929537097362743,2,700
dmnelf010,0,CEN,2.0,2,0.015666748318542242,2,696
dmnelf010,0,CEN,4.0,3,-0.003182084305224307,2,694
dmnelf010,0,CEN,6.0,5,-0.01320594032283997,2,690
dmnelf010,0,CEN,8.0,7,-0.006393708715794382,2,686
dmnelf010,0,CEN,10.0,8,-0.008307931609948202,2,684
dmnelf010,1,DMN,-10.0,-8,-0.018446328679958143,2,684
dmnelf010,1,DMN,-8.0,-7,-0.010606209602890371,2,686
dmnelf010,1,DMN,-6.0,-5,-0.07911690010274779,2,690
dmnelf010,1,DMN,-4.0,-3,-0.1153760305819789,2,694
dmnelf010,1,DMN,-2.0,-2,-0.09609346466258133,2,696
dmnelf010,1,DMN,0.0,0,0.03558978583532338,2,700
dmnelf010,1,DMN,2.0,2,0.059002367173320094,2,696
dmnelf010,1,DMN,4.0,3,0.0561048783592652,2,694
dmnelf010,1,DMN,6.0,5,0.002898186494192278,2,690
dmnelf010,1,DMN,8.0,7,-0.06808592857405851,2,686
dmnelf010,1,DMN,10.0,8,-0.06353077978329545,2,684
dmnelf010,1,CEN,-10.0,-8,-0.005168623603334585,2,684
dmnelf010,1,CEN,-8.0,-7,-0.0034394571359746186,2,686
dmnelf010,1,CEN,-6.0,-5,-0.06494124695036947,2,690
dmnelf010,1,CEN,-4.0,-3,-0.0695629570648372,2,694
dmnelf010,1,CEN,-2.0,-2,-0.057839385373914844,2,696
dmnelf010,1,CEN,0.0,0,0.020535815462907153,2,700
dmnelf010,1,CEN,2.0,2,0.00959406706011379,2,696
dmnelf010,1,CEN,4.0,3,-0.019463128596646492,2,694
dmnelf010,1,CEN,6.0,5,-0.07454805370255198,2,690
dmnelf010,1,CEN,8.0,7,-0.08534559073267688,2,686
dmnelf010,1,CEN,10.0,8,-0.06280711868234899,2,684
dmnelf010,2,DMN,-10.0,-8,-0.06239606564820586,2,684
dmnelf010,2,DMN,-8.0,-7,-0.05159361697400385,2,686
dmnelf010,2,DMN,-6.0,-5,-0.020666491389890265,2,690
dmnelf010,2,DMN,-4.0,-3,-0.010025074587833766,2,694
dmnelf010,2,DMN,-2.0,-2,0.00535606803984478,2,696
dmnelf010,2,DMN,0.0,0,0.08582244403696429,2,700
dmnelf010,2,DMN,2.0,2,0.12341374418276996,2,696
dmnelf010,2,DMN,4.0,3,0.12422356159619061,2,694
dmnelf010,2,DMN,6.0,5,0.10778247388295926,2,690
dmnelf010,2,DMN,8.0,7,0.01730307041450198,2,686
dmnelf010,2,DMN,10.0,8,-0.00198286378427924,2,684
dmnelf010,2,CEN,-10.0,-8,0.062258341938609615,2,684
dmnelf010,2,CEN,-8.0,-7,0.05039866645722468,2,686
dmnelf010,2,CEN,-6.0,-5,0.00827841082750417,2,690
dmnelf010,2,CEN,-4.0,-3,0.010894943507569333,2,694
dmnelf010,2,CEN,-2.0,-2,0.023726276622301506,2,696
dmnelf010,2,CEN,0.0,0,0.05621693201757099,2,700
dmnelf010,2,CEN,2.0,2,0.049576710870000984,2,696
dmnelf010,2,CEN,4.0,3,0.00432145494491487,2,694
dmnelf010,2,CEN,6.0,5,-0.09686934386780911,2,690
dmnelf010,2,CEN,8.0,7,-0.12749399344610665,2,686
dmnelf010,2,CEN,10.0,8,-0.11156817056077152,2,684
dmnelf010,3,DMN,-10.0,-8,-0.0594892951817964,2,684
dmnelf010,3,DMN,-8.0,-7,-0.05048728245328597,2,686
dmnelf010,3,DMN,-6.0,-5,0.00598609949814069,2,690
dmnelf010,3,DMN,-4.0,-3,0.024975167213011882,2,694
dmnelf010,3,DMN,-2.0,-2,0.024367558346088482,2,696
dmnelf010,3,DMN,0.0,0,0.0880586662071185,2,700
dmnelf010,3,DMN,2.0,2,0.09627727232562729,2,696
dmnelf010,3,DMN,4.0,3,0.0696768114651548,2,694
dmnelf010,3,DMN,6.0,5,0.042405086036046064,2,690
dmnelf010,3,DMN,8.0,7,-0.020575339791685902,2,686
dmnelf010,3,DMN,10.0,8,-0.02928475740651628,2,684
dmnelf010,3,CEN,-10.0,-8,0.060808416671092505,2,684
dmnelf010,3,CEN,-8.0,-7,0.05605725809866927,2,686
dmnelf010,3,CEN,-6.0,-5,0.04558495694879233,2,690
dmnelf010,3,CEN,-4.0,-3,0.058094611349895714,2,694
dmnelf010,3,CEN,-2.0,-2,0.06510306453827754,2,696
dmnelf010,3,CEN,0.0,0,0.12717993007841774,2,700
dmnelf010,3,CEN,2.0,2,0.15252946731406133,2,696
dmnelf010,3,CEN,4.0,3,0.1253129269711103,2,694
dmnelf010,3,CEN,6.0,5,0.01986185846498134,2,690
dmnelf010,3,CEN,8.0,7,-0.05125736876757697,2,686
dmnelf010,3,CEN,10.0,8,-0.05454630183847776,2,684
dmnelf010,4,DMN,-10.0,-8,-0.06441270115371041,2,684
dmnelf010,4,DMN,-8.0,-7,-0.05562072577986633,2,686
dmnelf010,4,DMN,-6.0,-5,0.012999137151856736,2,690
dmnelf010,4,DMN,-4.0,-3,0.03789374268885231,2,694
dmnelf010,4,DMN,-2.0,-2,0.03351505708437843,2,696
dmnelf010,4,DMN,0.0,0,0.10047247603828023,2,700
dmnelf010,4,DMN,2.0,2,0.08421757780992563,2,696
dmnelf010,4,DMN,4.0,3,0.0350761408416902,2,694
dmnelf010,4,DMN,6.0,5,-0.012085380443146568,2,690
dmnelf010,4,DMN,8.0,7,-0.03719672937626016,2,686
dmnelf010,4,DMN,10.0,8,-0.041964368464699586,2,684
dmnelf010,4,CEN,-10.0,-8,0.02060949711854408,2,684
dmnelf010,4,CEN,-8.0,-7,0.024020190905446794,2,686
dmnelf010,4,CEN,-6.0,-5,0.03509809979349466,2,690
dmnelf010,4,CEN,-4.0,-3,0.06442474744983295,2,694
dmnelf010,4,CEN,-2.0,-2,0.0729069448648386,2,696
dmnelf010,4,CEN,0.0,0,0.15266340585979743,2,700
dmnelf010,4,CEN,2.0,2,0.18147974730353889,2,696
dmnelf010,4,CEN,4.0,3,0.1637213064477351,2,694
dmnelf010,4,CEN,6.0,5,0.06914683953896017,2,690
dmnelf010,4,CEN,8.0,7,-0.004238871830178045,2,686
dmnelf010,4,CEN,10.0,8,-0.022875032971553143,2,684
dmnelf010,5,DMN,-10.0,-8,-0.06807218273737864,2,684
dmnelf010,5,DMN,-8.0,-7,-0.06724188100081216,2,686
dmnelf010,5,DMN,-6.0,-5,-0.006660161000711331,2,690
dmnelf010,5,DMN,-4.0,-3,0.006140847315058984,2,694
dmnelf010,5,DMN,-2.0,-2,0.009487903623202261,2,696
dmnelf010,5,DMN,0.0,0,0.09548051672764038,2,700
dmnelf010,5,DMN,2.0,2,0.08464581285560176,2,696
dmnelf010,5,DMN,4.0,3,0.023803371895951376,2,694
dmnelf010,5,DMN,6.0,5,-0.03581419042488684,2,690
dmnelf010,5,DMN,8.0,7,-0.041638149880565425,2,686
dmnelf010,5,DMN,10.0,8,-0.0528364118124525,2,684
dmnelf010,5,CEN,-10.0,-8,0.0012124531949512423,2,684
dmnelf010,5,CEN,-8.0,-7,-4.052016417094319e-05,2,686
dmnelf010,5,CEN,-6.0,-5,-0.004551042025631863,2,690
dmnelf010,5,CEN,-4.0,-3,0.03496184909041604,2,694
dmnelf010,5,CEN,-2.0,-2,0.045977733697902874,2,696
dmnelf010,5,CEN,0.0,0,0.10702836452454981,2,700
dmnelf010,5,CEN,2.0,2,0.08915702171659855,2,696
dmnelf010,5,CEN,4.0,3,0.050840297945336996,2,694
dmnelf010,5,CEN,6.0,5,-0.03809187128968795,2,690
dmnelf010,5,CEN,8.0,7,-0.055482135179011474,2,686
dmnelf010,5,CEN,10.0,8,-0.06911258503206553,2,684
dmnelf010,6,DMN,-10.0,-8,-0.08382584638027368,2,684
dmnelf010,6,DMN,-8.0,-7,-0.07127451914055062,2,686
dmnelf010,6,DMN,-6.0,-5,-0.027140436781887822,2,690
dmnelf010,6,DMN,-4.0,-3,-0.014334246100528792,2,694
dmnelf010,6,DMN,-2.0,-2,0.011835737660252787,2,696
dmnelf010,6,DMN,0.0,0,0.08727022045436111,2,700
dmnelf010,6,DMN,2.0,2,0.13595089252392198,2,696
dmnelf010,6,DMN,4.0,3,0.13309998282183563,2,694
dmnelf010,6,DMN,6.0,5,0.09482113712729483,2,690
dmnelf010,6,DMN,8.0,7,0.008289537146876625,2,686
dmnelf010,6,DMN,10.0,8,-0.0122354034765632,2,684
dmnelf010,6,CEN,-10.0,-8,0.022983686805006596,2,684
dmnelf010,6,CEN,-8.0,-7,0.004925925148078287,2,686
dmnelf010,6,CEN,-6.0,-5,-0.02370344281849177,2,690
dmnelf010,6,CEN,-4.0,-3,0.005133219364848882,2,694
dmnelf010,6,CEN,-2.0,-2,0.033272194233361085,2,696
dmnelf010,6,CEN,0.0,0,0.061391165152074705,2,700
dmnelf010,6,CEN,2.0,2,0.055117841173259824,2,696
dmnelf010,6,CEN,4.0,3,0.01016862986660537,2,694
dmnelf010,6,CEN,6.0,5,-0.07519528071006511,2,690
dmnelf010,6,CEN,8.0,7,-0.09496581193609022,2,686
dmnelf010,6,CEN,10.0,8,-0.07552279812509743,2,684
dmnelf010,7,DMN,-10.0,-8,-0.0793406643478144,2,684
dmnelf010,7,DMN,-8.0,-7,-0.0657487134987814,2,686
dmnelf010,7,DMN,-6.0,-5,-0.02231829107582992,2,690
dmnelf010,7,DMN,-4.0,-3,-0.016068686674391288,2,694
dmnelf010,7,DMN,-2.0,-2,0.01368428022401236,2,696
dmnelf010,7,DMN,0.0,0,0.08409358012886213,2,700
dmnelf010,7,DMN,2.0,2,0.13822437428825415,2,696
dmnelf010,7,DMN,4.0,3,0.13113398431476264,2,694
dmnelf010,7,DMN,6.0,5,0.07827038269463557,2,690
dmnelf010,7,DMN,8.0,7,-0.005532155682685872,2,686
dmnelf010,7,DMN,10.0,8,-0.02138658487022688,2,684
dmnelf010,7,CEN,-10.0,-8,0.047952228103772934,2,684
dmnelf010,7,CEN,-8.0,-7,0.025199712170622796,2,686
dmnelf010,7,CEN,-6.0,-5,-0.0013948739619361124,2,690
dmnelf010,7,CEN,-4.0,-3,0.007607524546491505,2,694
dmnelf010,7,CEN,-2.0,-2,0.04304166525144008,2,696
dmnelf010,7,CEN,0.0,0,0.10044813533168825,2,700
dmnelf010,7,CEN,2.0,2,0.12526985656338074,2,696
dmnelf010,7,CEN,4.0,3,0.08481080600581155,2,694
dmnelf010,7,CEN,6.0,5,-0.02645602411563282,2,690
dmnelf010,7,CEN,8.0,7,-0.06798931625465904,2,686
dmnelf010,7,CEN,10.0,8,-0.05528442274667881,2,684
dmnelf010,8,DMN,-10.0,-8,0.009173966005075218,2,684
dmnelf010,8,DMN,-8.0,-7,0.014053911379710545,2,686
dmnelf010,8,DMN,-6.0,-5,0.0036386316982186103,2,690
dmnelf010,8,DMN,-4.0,-3,-0.009052317341415268,2,694
dmnelf010,8,DMN,-2.0,-2,0.010360019720500536,2,696
dmnelf010,8,DMN,0.0,0,0.14080188404037575,2,700
dmnelf010,8,DMN,2.0,2,0.11039101830045193,2,696
dmnelf010,8,DMN,4.0,3,0.07258256279047466,2,694
dmnelf010,8,DMN,6.0,5,0.003925536373752021,2,690
dmnelf010,8,DMN,8.0,7,-0.03610483267367436,2,686
dmnelf010,8,DMN,10.0,8,-0.04960170497880531,2,684
dmnelf010,8,CEN,-10.0,-8,0.058167354363435536,2,684
dmnelf010,8,CEN,-8.0,-7,0.05612264547160295,2,686
dmnelf010,8,CEN,-6.0,-5,0.0303864549748315,2,690
dmnelf010,8,CEN,-4.0,-3,0.017998462835949986,2,694
dmnelf010,8,CEN,-2.0,-2,0.035491437951764834,2,696
dmnelf010,8,CEN,0.0,0,0.16454779523370683,2,700
dmnelf010,8,CEN,2.0,2,0.13153866070595605,2,696
dmnelf010,8,CEN,4.0,3,0.07238150371179536,2,694
dmnelf010,8,CEN,6.0,5,-0.010280462303245565,2,690
dmnelf010,8,CEN,8.0,7,-0.04146630803775667,2,686
dmnelf010,8,CEN,10.0,8,-0.029038924431691444,2,684
dmnelf010,9,DMN,-10.0,-8,0.018703751017442944,2,684
dmnelf010,9,DMN,-8.0,-7,0.02526457903291937,2,686
dmnelf010,9,DMN,-6.0,-5,0.0005540075286813973,2,690
dmnelf010,9,DMN,-4.0,-3,-0.011604988959250741,2,694
dmnelf010,9,DMN,-2.0,-2,-0.005138338401872502,2,696
dmnelf010,9,DMN,0.0,0,0.11703586987198884,2,700
dmnelf010,9,DMN,2.0,2,0.07360078098907177,2,696
dmnelf010,9,DMN,4.0,3,0.0408212914506487,2,694
dmnelf010,9,DMN,6.0,5,-0.014514322638604528,2,690
dmnelf010,9,DMN,8.0,7,-0.038179263209376715,2,686
dmnelf010,9,DMN,10.0,8,-0.04844551499665466,2,684
dmnelf010,9,CEN,-10.0,-8,0.026048103347714586,2,684
dmnelf010,9,CEN,-8.0,-7,0.031615586536312815,2,686
dmnelf010,9,CEN,-6.0,-5,0.008904200500891999,2,690
dmnelf010,9,CEN,-4.0,-3,-0.006680449426927088,2,694
dmnelf010,9,CEN,-2.0,-2,-0.002301672619316845,2,696
dmnelf010,9,CEN,0.0,0,0.12436421296653463,2,700
dmnelf010,9,CEN,2.0,2,0.07948170529952472,2,696
dmnelf010,9,CEN,4.0,3,0.03980229729014566,2,694
dmnelf010,9,CEN,6.0,5,0.02162659512320416,2,690
dmnelf010,9,CEN,8.0,7,0.0037716779102554276,2,686
dmnelf010,9,CEN,10.0,8,0.010075403057564233,2,684
dmnelf011,0,DMN,-10.0,-8,0.006515506109903692,2,684
dmnelf011,0,DMN,-8.0,-7,0.03534384887305668,2,686
dmnelf011,0,DMN,-6.0,-5,0.06001760285925313,2,690
dmnelf011,0,DMN,-4.0,-3,0.0502063218045852,2,694
dmnelf011,0,DMN,-2.0,-2,0.044501019368543795,2,696
dmnelf011,0,DMN,0.0,0,0.06613711204642779,2,700
dmnelf011,0,DMN,2.0,2,0.04491893859171266,2,696
dmnelf011,0,DMN,4.0,3,0.06409682369296826,2,694
dmnelf011,0,DMN,6.0,5,0.09919338195407344,2,690
dmnelf011,0,DMN,8.0,7,0.1086358080712063,2,686
dmnelf011,0,DMN,10.0,8,0.10072361442919786,2,684
dmnelf011,0,CEN,-10.0,-8,-0.041854296009110364,2,684
dmnelf011,0,CEN,-8.0,-7,-0.027918844061025072,2,686
dmnelf011,0,CEN,-6.0,-5,-0.020174755929820716,2,690
dmnelf011,0,CEN,-4.0,-3,-0.026038371736717025,2,694
dmnelf011,0,CEN,-2.0,-2,-0.04614197916417288,2,696
dmnelf011,0,CEN,0.0,0,-0.059115332652292955,2,700
dmnelf011,0,CEN,2.0,2,-0.08663641585792187,2,696
dmnelf011,0,CEN,4.0,3,-0.06597340502273191,2,694
dmnelf011,0,CEN,6.0,5,-0.03444561821159508,2,690
dmnelf011,0,CEN,8.0,7,-0.04913836073118031,2,686
dmnelf011,0,CEN,10.0,8,-0.05505164610811302,2,684
dmnelf011,1,DMN,-10.0,-8,0.04458188941236235,2,684
dmnelf011,1,DMN,-8.0,-7,0.0708933599563993,2,686
dmnelf011,1,DMN,-6.0,-5,0.07143913108300286,2,690
dmnelf011,1,DMN,-4.0,-3,0.08442519665844864,2,694
dmnelf011,1,DMN,-2.0,-2,0.09881246509705309,2,696
dmnelf011,1,DMN,0.0,0,0.13987280879586392,2,700
dmnelf011,1,DMN,2.0,2,0.08238793994585876,2,696
dmnelf011,1,DMN,4.0,3,0.07917224313135741,2,694
dmnelf011,1,DMN,6.0,5,0.065664747613276,2,690
dmnelf011,1,DMN,8.0,7,0.05117347640886787,2,686
dmnelf011,1,DMN,10.0,8,0.03422640486561758,2,684
dmnelf011,1,CEN,-10.0,-8,-0.06290656884924718,2,684
dmnelf011,1,CEN,-8.0,-7,-0.04861991191121913,2,686
dmnelf011,1,CEN,-6.0,-5,-0.04377219119858545,2,690
dmnelf011,1,CEN,-4.0,-3,-0.04423358053879903,2,694
dmnelf011,1,CEN,-2.0,-2,-0.040611104798016925,2,696
dmnelf011,1,CEN,0.0,0,-0.005384136772225267,2,700
dmnelf011,1,CEN,2.0,2,-0.05516050986419821,2,696
dmnelf011,1,CEN,4.0,3,-0.06792408687533448,2,694
dmnelf011,1,CEN,6.0,5,-0.08569199766902784,2,690
dmnelf011,1,CEN,8.0,7,-0.10383883639669532,2,686
dmnelf011,1,CEN,10.0,8,-0.1062773473730854,2,684
dmnelf011,2,DMN,-10.0,-8,0.015302638675618188,2,684
dmnelf011,2,DMN,-8.0,-7,0.05193065098253706,2,686
dmnelf011,2,DMN,-6.0,-5,0.05196381378751934,2,690
dmnelf011,2,DMN,-4.0,-3,0.08257848902482619,2,694
dmnelf011,2,DMN,-2.0,-2,0.10148126800213317,2,696
dmnelf011,2,DMN,0.0,0,0.17011552179764236,2,700
dmnelf011,2,DMN,2.0,2,0.14750406575867836,2,696
dmnelf011,2,DMN,4.0,3,0.14532637918027586,2,694
dmnelf011,2,DMN,6.0,5,0.12227708289057962,2,690
dmnelf011,2,DMN,8.0,7,0.07988159660885162,2,686
dmnelf011,2,DMN,10.0,8,0.04938815959937908,2,684
dmnelf011,2,CEN,-10.0,-8,-0.1193841511882116,2,684
dmnelf011,2,CEN,-8.0,-7,-0.08505999831409192,2,686
dmnelf011,2,CEN,-6.0,-5,-0.08226826851930086,2,690
dmnelf011,2,CEN,-4.0,-3,-0.06181861273121887,2,694
dmnelf011,2,CEN,-2.0,-2,-0.04830253989956654,2,696
dmnelf011,2,CEN,0.0,0,0.039858453167002435,2,700
dmnelf011,2,CEN,2.0,2,0.0445578596832568,2,696
dmnelf011,2,CEN,4.0,3,0.031779277066202594,2,694
dmnelf011,2,CEN,6.0,5,-0.021841769539845582,2,690
dmnelf011,2,CEN,8.0,7,-0.07774755420870405,2,686
dmnelf011,2,CEN,10.0,8,-0.089391576095439,2,684
dmnelf011,3,DMN,-10.0,-8,-0.00754993982495,2,684
dmnelf011,3,DMN,-8.0,-7,0.019296052796204666,2,686
dmnelf011,3,DMN,-6.0,-5,0.006937484984192087,2,690
dmnelf011,3,DMN,-4.0,-3,0.015070321628165474,2,694
dmnelf011,3,DMN,-2.0,-2,0.02713095157707434,2,696
dmnelf011,3,DMN,0.0,0,0.07542597428807281,2,700
dmnelf011,3,DMN,2.0,2,0.08337282440300585,2,696
dmnelf011,3,DMN,4.0,3,0.07654465672139271,2,694
dmnelf011,3,DMN,6.0,5,0.036131969818575166,2,690
dmnelf011,3,DMN,8.0,7,0.01265059950620118,2,686
dmnelf011,3,DMN,10.0,8,-0.007476098658204404,2,684
dmnelf011,3,CEN,-10.0,-8,-0.09149790291578222,2,684
dmnelf011,3,CEN,-8.0,-7,-0.05930780448647382,2,686
dmnelf011,3,CEN,-6.0,-5,-0.04489271837987102,2,690
dmnelf011,3,CEN,-4.0,-3,-0.032989217332248216,2,694
dmnelf011,3,CEN,-2.0,-2,-0.02614405089097825,2,696
dmnelf011,3,CEN,0.0,0,0.011709381286238867,2,700
dmnelf011,3,CEN,2.0,2,0.016891665752176804,2,696
dmnelf011,3,CEN,4.0,3,0.00602961537129324,2,694
dmnelf011,3,CEN,6.0,5,-0.05488708581805884,2,690
dmnelf011,3,CEN,8.0,7,-0.07659676847377468,2,686
dmnelf011,3,CEN,10.0,8,-0.07070965260739433,2,684
dmnelf011,4,DMN,-10.0,-8,0.014090898099950388,2,684
dmnelf011,4,DMN,-8.0,-7,0.0399783267884052,2,686
dmnelf011,4,DMN,-6.0,-5,0.0396491830136261,2,690
dmnelf011,4,DMN,-4.0,-3,0.048408103587103325,2,694
dmnelf011,4,DMN,-2.0,-2,0.0428767874224547,2,696
dmnelf011,4,DMN,0.0,0,0.08439706494834985,2,700
dmnelf011,4,DMN,2.0,2,0.10735190684200434,2,696
dmnelf011,4,DMN,4.0,3,0.09712406307273223,2,694
dmnelf011,4,DMN,6.0,5,0.04581943930933984,2,690
dmnelf011,4,DMN,8.0,7,0.01990645464448095,2,686
dmnelf011,4,DMN,10.0,8,0.012798182179665357,2,684
dmnelf011,4,CEN,-10.0,-8,-0.05083206355746823,2,684
dmnelf011,4,CEN,-8.0,-7,-0.01756789347632072,2,686
dmnelf011,4,CEN,-6.0,-5,-0.02047966928182401,2,690
dmnelf011,4,CEN,-4.0,-3,-0.03526151521889269,2,694
dmnelf011,4,CEN,-2.0,-2,-0.051107128461989046,2,696
dmnelf011,4,CEN,0.0,0,-0.04954849633827079,2,700
dmnelf011,4,CEN,2.0,2,-0.060929828156769186,2,696
dmnelf011,4,CEN,4.0,3,-0.08913283992817199,2,694
dmnelf011,4,CEN,6.0,5,-0.12851577076509346,2,690
dmnelf011,4,CEN,8.0,7,-0.10759251722881001,2,686
dmnelf011,4,CEN,10.0,8,-0.08916960581687017,2,684
dmnelf011,5,DMN,-10.0,-8,0.040468244688069074,2,684
dmnelf011,5,DMN,-8.0,-7,0.04709706035257385,2,686
dmnelf011,5,DMN,-6.0,-5,0.04132543907663846,2,690
dmnelf011,5,DMN,-4.0,-3,0.0607060764286586,2,694
dmnelf011,5,DMN,-2.0,-2,0.06531650571522848,2,696
dmnelf011,5,DMN,0.0,0,0.1518912275640842,2,700
dmnelf011,5,DMN,2.0,2,0.167031950722299,2,696
dmnelf011,5,DMN,4.0,3,0.14534069470920047,2,694
dmnelf011,5,DMN,6.0,5,0.08499882443875635,2,690
dmnelf011,5,DMN,8.0,7,0.04107249503755307,2,686
dmnelf011,5,DMN,10.0,8,0.017248847106711023,2,684
dmnelf011,5,CEN,-10.0,-8,-0.0853168183990995,2,684
dmnelf011,5,CEN,-8.0,-7,-0.08039256351641363,2,686
dmnelf011,5,CEN,-6.0,-5,-0.09363750219888238,2,690
dmnelf011,5,CEN,-4.0,-3,-0.09348535873768261,2,694
dmnelf011,5,CEN,-2.0,-2,-0.10115205443340464,2,696
dmnelf011,5,CEN,0.0,0,-0.05416627241963349,2,700
dmnelf011,5,CEN,2.0,2,-0.05047938824802236,2,696
dmnelf011,5,CEN,4.0,3,-0.10229819983403453,2,694
dmnelf011,5,CEN,6.0,5,-0.16125644811314238,2,690
dmnelf011,5,CEN,8.0,7,-0.16633024873471722,2,686
dmnelf011,5,CEN,10.0,8,-0.16228610723333325,2,684
dmnelf011,6,DMN,-10.0,-8,0.026524984574884548,2,684
dmnelf011,6,DMN,-8.0,-7,0.030164551646633894,2,686
dmnelf011,6,DMN,-6.0,-5,0.01720110873714813,2,690
dmnelf011,6,DMN,-4.0,-3,0.031597039283832944,2,694
dmnelf011,6,DMN,-2.0,-2,0.0242645170073732,2,696
dmnelf011,6,DMN,0.0,0,0.10344411927950346,2,700
dmnelf011,6,DMN,2.0,2,0.10528472517780102,2,696
dmnelf011,6,DMN,4.0,3,0.09281548405736033,2,694
dmnelf011,6,DMN,6.0,5,0.03864713930059657,2,690
dmnelf011,6,DMN,8.0,7,0.013982774505683014,2,686
dmnelf011,6,DMN,10.0,8,-0.010457167240688816,2,684
dmnelf011,6,CEN,-10.0,-8,-0.053040967711651024,2,684
dmnelf011,6,CEN,-8.0,-7,-0.059421790217255036,2,686
dmnelf011,6,CEN,-6.0,-5,-0.07814263454955918,2,690
dmnelf011,6,CEN,-4.0,-3,-0.07293231857668216,2,694
dmnelf011,6,CEN,-2.0,-2,-0.08829303639320538,2,696
dmnelf011,6,CEN,0.0,0,-0.04131564534554847,2,700
dmnelf011,6,CEN,2.0,2,-0.04937515090670043,2,696
dmnelf011,6,CEN,4.0,3,-0.09496186735981896,2,694
dmnelf011,6,CEN,6.0,5,-0.17415531708747575,2,690
dmnelf011,6,CEN,8.0,7,-0.17927425738827132,2,686
dmnelf011,6,CEN,10.0,8,-0.1732954213667386,2,684
dmnelf011,7,DMN,-10.0,-8,0.004473837065671798,2,684
dmnelf011,7,DMN,-8.0,-7,-0.007889784793281517,2,686
dmnelf011,7,DMN,-6.0,-5,-0.035464495150740724,2,690
dmnelf011,7,DMN,-4.0,-3,-0.02271038596350286,2,694
dmnelf011,7,DMN,-2.0,-2,-0.0438159152416509,2,696
dmnelf011,7,DMN,0.0,0,0.04433061009624402,2,700
dmnelf011,7,DMN,2.0,2,0.01409204565742004,2,696
dmnelf011,7,DMN,4.0,3,0.020623176088651163,2,694
dmnelf011,7,DMN,6.0,5,-0.01931942920359975,2,690
dmnelf011,7,DMN,8.0,7,-0.027945235845785253,2,686
dmnelf011,7,DMN,10.0,8,-0.04647236571516381,2,684
dmnelf011,7,CEN,-10.0,-8,0.018317409098941157,2,684
dmnelf011,7,CEN,-8.0,-7,0.007463126884637633,2,686
dmnelf011,7,CEN,-6.0,-5,-0.022393563902244833,2,690
dmnelf011,7,CEN,-4.0,-3,-0.031089617225786525,2,694
dmnelf011,7,CEN,-2.0,-2,-0.053817500930801745,2,696
dmnelf011,7,CEN,0.0,0,0.009393393553258043,2,700
dmnelf011,7,CEN,2.0,2,-0.02059655214297801,2,696
dmnelf011,7,CEN,4.0,3,-0.03546940785380918,2,694
dmnelf011,7,CEN,6.0,5,-0.09464632847184931,2,690
dmnelf011,7,CEN,8.0,7,-0.09645310197462473,2,686
dmnelf011,7,CEN,10.0,8,-0.0924708999802223,2,684
dmnelf011,8,DMN,-10.0,-8,0.044090499884090945,2,684
dmnelf011,8,DMN,-8.0,-7,0.012747941618519061,2,686
dmnelf011,8,DMN,-6.0,-5,-0.0003905103160013218,2,690
dmnelf011,8,DMN,-4.0,-3,-0.01675490318692923,2,694
dmnelf011,8,DMN,-2.0,-2,-0.017114932505990853,2,696
dmnelf011,8,DMN,0.0,0,0.10379850100090761,2,700
dmnelf011,8,DMN,2.0,2,0.04347690345719558,2,696
dmnelf011,8,DMN,4.0,3,0.045663833608223375,2,694
dmnelf011,8,DMN,6.0,5,0.02074096990583232,2,690
dmnelf011,8,DMN,8.0,7,-0.013921745775104103,2,686
dmnelf011,8,DMN,10.0,8,-0.02044801586358839,2,684
dmnelf011,8,CEN,-10.0,-8,0.08129700714752791,2,684
dmnelf011,8,CEN,-8.0,-7,0.0610229363849436,2,686
dmnelf011,8,CEN,-6.0,-5,0.036586338174866076,2,690
dmnelf011,8,CEN,-4.0,-3,-0.017229778828315275,2,694
dmnelf011,8,CEN,-2.0,-2,-0.026473079242850698,2,696
dmnelf011,8,CEN,0.0,0,0.07609881022179252,2,700
dmnelf011,8,CEN,2.0,2,0.051900108574553995,2,696
dmnelf011,8,CEN,4.0,3,0.055016446352003076,2,694
dmnelf011,8,CEN,6.0,5,0.05009618401092232,2,690
dmnelf011,8,CEN,8.0,7,0.020069258296316547,2,686
dmnelf011,8,CEN,10.0,8,0.014932758234353872,2,684
dmnelf011,9,DMN,-10.0,-8,0.05364132510404652,2,684
dmnelf011,9,DMN,-8.0,-7,0.040944333202126884,2,686
dmnelf011,9,DMN,-6.0,-5,0.04193759923602987,2,690
dmnelf011,9,DMN,-4.0,-3,0.02166064850030869,2,694
dmnelf011,9,DMN,-2.0,-2,0.016953605632186057,2,696
dmnelf011,9,DMN,0.0,0,0.12545817233795414,2,700
dmnelf011,9,DMN,2.0,2,0.08225449259525504,2,696
dmnelf011,9,DMN,4.0,3,0.07772295724199293,2,694
dmnelf011,9,DMN,6.0,5,0.046373892805979096,2,690
dmnelf011,9,DMN,8.0,7,-0.0001810989510614368,2,686
dmnelf011,9,DMN,10.0,8,-0.003138665711919834,2,684
dmnelf011,9,CEN,-10.0,-8,0.09383903435241966,2,684
dmnelf011,9,CEN,-8.0,-7,0.07678271550752162,2,686
dmnelf011,9,CEN,-6.0,-5,0.058531847930207166,2,690
dmnelf011,9,CEN,-4.0,-3,0.00919912503249841,2,694
dmnelf011,9,CEN,-2.0,-2,-0.0038575852294086685,2,696
dmnelf011,9,CEN,0.0,0,0.1015130928222278,2,700
dmnelf011,9,CEN,2.0,2,0.09333896314166501,2,696
dmnelf011,9,CEN,4.0,3,0.09345248218810666,2,694
dmnelf011,9,CEN,6.0,5,0.092698185862989,2,690
dmnelf011,9,CEN,8.0,7,0.053119428564552,2,686
dmnelf011,9,CEN,10.0,8,0.03927307628431185,2,684
dmnelf012,0,DMN,-10.0,-8,0.09188301893083772,2,684
dmnelf012,0,DMN,-8.0,-7,0.07367689887853056,2,686
dmnelf012,0,DMN,-6.0,-5,0.08322733946499122,2,690
dmnelf012,0,DMN,-4.0,-3,0.07994830878847246,2,694
dmnelf012,0,DMN,-2.0,-2,0.06713298989340863,2,696
dmnelf012,0,DMN,0.0,0,0.09860120545284318,2,700
dmnelf012,0,DMN,2.0,2,0.07840191948553091,2,696
dmnelf012,0,DMN,4.0,3,0.008906145097237176,2,694
dmnelf012,0,DMN,6.0,5,-0.10266460061579093,2,690
dmnelf012,0,DMN,8.0,7,-0.11641064598561623,2,686
dmnelf012,0,DMN,10.0,8,-0.09800007508767437,2,684
dmnelf012,0,CEN,-10.0,-8,-0.01006660078950697,2,684
dmnelf012,0,CEN,-8.0,-7,-0.02282245765282968,2,686
dmnelf012,0,CEN,-6.0,-5,-0.026182891757529112,2,690
dmnelf012,0,CEN,-4.0,-3,-0.03700580243164181,2,694
dmnelf012,0,CEN,-2.0,-2,-0.03413557790600435,2,696
dmnelf012,0,CEN,0.0,0,0.01645616480022391,2,700
dmnelf012,0,CEN,2.0,2,0.010764022793286454,2,696
dmnelf012,0,CEN,4.0,3,-0.057635111572882654,2,694
dmnelf012,0,CEN,6.0,5,-0.08198873755943799,2,690
dmnelf012,0,CEN,8.0,7,-0.04054326353479117,2,686
dmnelf012,0,CEN,10.0,8,-0.016053799553018885,2,684
dmnelf012,1,DMN,-10.0,-8,-0.002905680659757649,2,684
dmnelf012,1,DMN,-8.0,-7,-0.013559425032134828,2,686
dmnelf012,1,DMN,-6.0,-5,-0.053412039062461066,2,690
dmnelf012,1,DMN,-4.0,-3,-0.06568434023811678,2,694
dmnelf012,1,DMN,-2.0,-2,-0.08946812497670396,2,696
dmnelf012,1,DMN,0.0,0,-0.029835217522112902,2,700
dmnelf012,1,DMN,2.0,2,-0.03833607814057313,2,696
dmnelf012,1,DMN,4.0,3,-0.05091158989395353,2,694
dmnelf012,1,DMN,6.0,5,-0.1626727645266304,2,690
dmnelf012,1,DMN,8.0,7,-0.14807741620918952,2,686
dmnelf012,1,DMN,10.0,8,-0.144304352023245,2,684
dmnelf012,1,CEN,-10.0,-8,-0.009459907055312277,2,684
dmnelf012,1,CEN,-8.0,-7,-0.010408854633061963,2,686
dmnelf012,1,CEN,-6.0,-5,-0.05094664588179538,2,690
dmnelf012,1,CEN,-4.0,-3,-0.019758528988467416,2,694
dmnelf012,1,CEN,-2.0,-2,-0.032712253779255615,2,696
dmnelf012,1,CEN,0.0,0,0.04718690645779815,2,700
dmnelf012,1,CEN,2.0,2,0.03866348851503435,2,696
dmnelf012,1,CEN,4.0,3,0.009437214045843011,2,694
dmnelf012,1,CEN,6.0,5,-0.0905109316047817,2,690
dmnelf012,1,CEN,8.0,7,-0.045310239149699366,2,686
dmnelf012,1,CEN,10.0,8,-0.0407618063117771,2,684
dmnelf012,2,DMN,-10.0,-8,0.02929443622403994,2,684
dmnelf012,2,DMN,-8.0,-7,-0.01367673319826217,2,686
dmnelf012,2,DMN,-6.0,-5,-0.07324189065221297,2,690
dmnelf012,2,DMN,-4.0,-3,-0.08329937989067498,2,694
dmnelf012,2,DMN,-2.0,-2,-0.08311471645763246,2,696
dmnelf012,2,DMN,0.0,0,-0.08536045499678506,2,700
dmnelf012,2,DMN,2.0,2,-0.1012985871845138,2,696
dmnelf012,2,DMN,4.0,3,-0.14443605244711008,2,694
dmnelf012,2,DMN,6.0,5,-0.2131706130171391,2,690
dmnelf012,2,DMN,8.0,7,-0.17229687237229419,2,686
dmnelf012,2,DMN,10.0,8,-0.16409894310920764,2,684
dmnelf012,2,CEN,-10.0,-8,0.003677795063461534,2,684
dmnelf012,2,CEN,-8.0,-7,-0.03305432768855152,2,686
dmnelf012,2,CEN,-6.0,-5,-0.06945631873102141,2,690
dmnelf012,2,CEN,-4.0,-3,-0.0188211153903788,2,694
dmnelf012,2,CEN,-2.0,-2,0.00030429212186347223,2,696
dmnelf012,2,CEN,0.0,0,0.05930972628495111,2,700
dmnelf012,2,CEN,2.0,2,0.06436108021714815,2,696
dmnelf012,2,CEN,4.0,3,0.017248758456726066,2,694
dmnelf012,2,CEN,6.0,5,-0.03662326918847287,2,690
dmnelf012,2,CEN,8.0,7,0.012763435215077352,2,686
dmnelf012,2,CEN,10.0,8,0.02618763533633092,2,684
dmnelf012,3,DMN,-10.0,-8,0.026657113844862183,2,684
dmnelf012,3,DMN,-8.0,-7,-0.010697934887853889,2,686
dmnelf012,3,DMN,-6.0,-5,-0.08248085138836822,2,690
dmnelf012,3,DMN,-4.0,-3,-0.09052846595694022,2,694
dmnelf012,3,DMN,-2.0,-2,-0.11471889562366272,2,696
dmnelf012,3,DMN,0.0,0,-0.07428926594980635,2,700
dmnelf012,3,DMN,2.0,2,-0.09164299613300625,2,696
dmnelf012,3,DMN,4.0,3,-0.10949636174964456,2,694
dmnelf012,3,DMN,6.0,5,-0.16287567867384226,2,690
dmnelf012,3,DMN,8.0,7,-0.12754317775911536,2,686
dmnelf012,3,DMN,10.0,8,-0.13049615013941146,2,684
dmnelf012,3,CEN,-10.0,-8,0.04731369446581983,2,684
dmnelf012,3,CEN,-8.0,-7,0.018958983172283755,2,686
dmnelf012,3,CEN,-6.0,-5,-0.019625492881444044,2,690
dmnelf012,3,CEN,-4.0,-3,0.03357713816600885,2,694
dmnelf012,3,CEN,-2.0,-2,0.026428756529926607,2,696
dmnelf012,3,CEN,0.0,0,0.0867274500881013,2,700
dmnelf012,3,CEN,2.0,2,0.05306059951483607,2,696
dmnelf012,3,CEN,4.0,3,0.01342998006399708,2,694
dmnelf012,3,CEN,6.0,5,-0.1091321917882706,2,690
dmnelf012,3,CEN,8.0,7,-0.07926923486949079,2,686
dmnelf012,3,CEN,10.0,8,-0.07663226852065538,2,684
dmnelf012,4,DMN,-10.0,-8,-0.0037388461616228927,2,684
dmnelf012,4,DMN,-8.0,-7,-0.02057522919855048,2,686
dmnelf012,4,DMN,-6.0,-5,-0.05053161922347797,2,690
dmnelf012,4,DMN,-4.0,-3,-0.048014217738933225,2,694
dmnelf012,4,DMN,-2.0,-2,-0.08008494755124737,2,696
dmnelf012,4,DMN,0.0,0,-0.006361236707567893,2,700
dmnelf012,4,DMN,2.0,2,-0.010609563077090817,2,696
dmnelf012,4,DMN,4.0,3,-0.0140808364714874,2,694
dmnelf012,4,DMN,6.0,5,-0.06449185425738894,2,690
dmnelf012,4,DMN,8.0,7,-0.046217796970312634,2,686
dmnelf012,4,DMN,10.0,8,-0.05283013517209341,2,684
dmnelf012,4,CEN,-10.0,-8,0.030197251969628483,2,684
dmnelf012,4,CEN,-8.0,-7,0.007596204101196012,2,686
dmnelf012,4,CEN,-6.0,-5,-0.02681411635582899,2,690
dmnelf012,4,CEN,-4.0,-3,0.01150636277624484,2,694
dmnelf012,4,CEN,-2.0,-2,-0.01056720906668574,2,696
dmnelf012,4,CEN,0.0,0,0.04876698049545031,2,700
dmnelf012,4,CEN,2.0,2,-0.014441017634325128,2,696
dmnelf012,4,CEN,4.0,3,-0.060543282928184776,2,694
dmnelf012,4,CEN,6.0,5,-0.1852953083346496,2,690
dmnelf012,4,CEN,8.0,7,-0.13582068691520757,2,686
dmnelf012,4,CEN,10.0,8,-0.1279555089174222,2,684
dmnelf012,5,DMN,-10.0,-8,-0.012131245176602868,2,684
dmnelf012,5,DMN,-8.0,-7,0.00839915353376666,2,686
dmnelf012,5,DMN,-6.0,-5,0.01355788472759406,2,690
dmnelf012,5,DMN,-4.0,-3,0.005433045316899648,2,694
dmnelf012,5,DMN,-2.0,-2,-0.013396273178177428,2,696
dmnelf012,5,DMN,0.0,0,0.11957032945487225,2,700
dmnelf012,5,DMN,2.0,2,0.08877733634959785,2,696
dmnelf012,5,DMN,4.0,3,0.0772844566116235,2,694
dmnelf012,5,DMN,6.0,5,0.07897251841690192,2,690
dmnelf012,5,DMN,8.0,7,0.048915359536517315,2,686
dmnelf012,5,DMN,10.0,8,0.03546170397888684,2,684
dmnelf012,5,CEN,-10.0,-8,0.019869413454341373,2,684
dmnelf012,5,CEN,-8.0,-7,0.023470148642880908,2,686
dmnelf012,5,CEN,-6.0,-5,0.004248833057976271,2,690
dmnelf012,5,CEN,-4.0,-3,0.0026826952165181755,2,694
dmnelf012,5,CEN,-2.0,-2,-0.011585162533873875,2,696
dmnelf012,5,CEN,0.0,0,0.06948518748429147,2,700
dmnelf012,5,CEN,2.0,2,-0.04153913084471976,2,696
dmnelf012,5,CEN,4.0,3,-0.08935259430818505,2,694
dmnelf012,5,CEN,6.0,5,-0.13768687776961702,2,690
dmnelf012,5,CEN,8.0,7,-0.12589045936284562,2,686
dmnelf012,5,CEN,10.0,8,-0.12345549753557339,2,684
dmnelf012,6,DMN,-10.0,-8,0.04017469648297019,2,684
dmnelf012,6,DMN,-8.0,-7,0.046778653418086895,2,686
dmnelf012,6,DMN,-6.0,-5,0.0348061882599849,2,690
dmnelf012,6,DMN,-4.0,-3,0.04868196042063349,2,694
dmnelf012,6,DMN,-2.0,-2,0.01979274359605329,2,696
dmnelf012,6,DMN,0.0,0,0.1723320517819353,2,700
dmnelf012,6,DMN,2.0,2,0.08917478808780362,2,696
dmnelf012,6,DMN,4.0,3,0.07797038876632564,2,694
dmnelf012,6,DMN,6.0,5,0.08161898541302727,2,690
dmnelf012,6,DMN,8.0,7,0.06355255028188804,2,686
dmnelf012,6,DMN,10.0,8,0.05779318455351393,2,684
dmnelf012,6,CEN,-10.0,-8,0.012622127933978395,2,684
dmnelf012,6,CEN,-8.0,-7,0.013302254895362301,2,686
dmnelf012,6,CEN,-6.0,-5,-0.009296322746702924,2,690
dmnelf012,6,CEN,-4.0,-3,0.02404435288291236,2,694
dmnelf012,6,CEN,-2.0,-2,-0.005231908768752043,2,696
dmnelf012,6,CEN,0.0,0,0.1379576292825418,2,700
dmnelf012,6,CEN,2.0,2,0.02058771205791243,2,696
dmnelf012,6,CEN,4.0,3,0.005064591478360453,2,694
dmnelf012,6,CEN,6.0,5,-0.008597735146364584,2,690
dmnelf012,6,CEN,8.0,7,0.003995469161210929,2,686
dmnelf012,6,CEN,10.0,8,-0.0011109243734258615,2,684
dmnelf012,7,DMN,-10.0,-8,-0.0035701841345027294,2,684
dmnelf012,7,DMN,-8.0,-7,-0.007759030132961005,2,686
dmnelf012,7,DMN,-6.0,-5,-0.015359955196635884,2,690
dmnelf012,7,DMN,-4.0,-3,0.008571475677233903,2,694
dmnelf012,7,DMN,-2.0,-2,-0.008488561495180656,2,696
dmnelf012,7,DMN,0.0,0,0.07541541005928966,2,700
dmnelf012,7,DMN,2.0,2,0.01130755672734813,2,696
dmnelf012,7,DMN,4.0,3,0.028098694193723957,2,694
dmnelf012,7,DMN,6.0,5,0.024676877728321542,2,690
dmnelf012,7,DMN,8.0,7,0.04707369011591135,2,686
dmnelf012,7,DMN,10.0,8,0.03461504139583203,2,684
dmnelf012,7,CEN,-10.0,-8,-0.016112841764438078,2,684
dmnelf012,7,CEN,-8.0,-7,-0.01389481777327485,2,686
dmnelf012,7,CEN,-6.0,-5,-0.013200535822481306,2,690
dmnelf012,7,CEN,-4.0,-3,0.03051260588735965,2,694
dmnelf012,7,CEN,-2.0,-2,-0.00618832760566963,2,696
dmnelf012,7,CEN,0.0,0,0.07036756386038605,2,700
dmnelf012,7,CEN,2.0,2,-0.024581679600582673,2,696
dmnelf012,7,CEN,4.0,3,-0.02655065251722302,2,694
dmnelf012,7,CEN,6.0,5,-0.05693445128635629,2,690
dmnelf012,7,CEN,8.0,7,-0.020588662372012765,2,686
dmnelf012,7,CEN,10.0,8,-0.03854018824880191,2,684
dmnelf012,8,DMN,-10.0,-8,0.03644038681110429,2,684
dmnelf012,8,DMN,-8.0,-7,0.054344289610519965,2,686
dmnelf012,8,DMN,-6.0,-5,0.04622279479610388,2,690
dmnelf012,8,DMN,-4.0,-3,0.07282600556019092,2,694
dmnelf012,8,DMN,-2.0,-2,0.04872880622883483,2,696
dmnelf012,8,DMN,0.0,0,0.16141562792664774,2,700
dmnelf012,8,DMN,2.0,2,0.10032174991111803,2,696
dmnelf012,8,DMN,4.0,3,0.09275631807894079,2,694
dmnelf012,8,DMN,6.0,5,0.07711547449936544,2,690
dmnelf012,8,DMN,8.0,7,0.06552765822358403,2,686
dmnelf012,8,DMN,10.0,8,0.046490306723312856,2,684
dmnelf012,8,CEN,-10.0,-8,0.004728737950872306,2,684
dmnelf012,8,CEN,-8.0,-7,0.019928025690011186,2,686
dmnelf012,8,CEN,-6.0,-5,0.008852267658040973,2,690
dmnelf012,8,CEN,-4.0,-3,0.03745750381942878,2,694
dmnelf012,8,CEN,-2.0,-2,0.00611966462881175,2,696
dmnelf012,8,CEN,0.0,0,0.07591501125217083,2,700
dmnelf012,8,CEN,2.0,2,-0.026577405071428722,2,696
dmnelf012,8,CEN,4.0,3,-0.038342634124855314,2,694
dmnelf012,8,CEN,6.0,5,-0.05821491656114753,2,690
dmnelf012,8,CEN,8.0,7,-0.0457893246310695,2,686
dmnelf012,8,CEN,10.0,8,-0.0601212339109173,2,684
dmnelf012,9,DMN,-10.0,-8,0.0685649898876838,2,684
dmnelf012,9,DMN,-8.0,-7,0.07465740648839558,2,686
dmnelf012,9,DMN,-6.0,-5,0.08086437719966987,2,690
dmnelf012,9,DMN,-4.0,-3,0.07582843206949272,2,694
dmnelf012,9,DMN,-2.0,-2,0.050261689262201086,2,696
dmnelf012,9,DMN,0.0,0,0.18359737861637224,2,700
dmnelf012,9,DMN,2.0,2,0.10244890521499715,2,696
dmnelf012,9,DMN,4.0,3,0.06500908410951764,2,694
dmnelf012,9,DMN,6.0,5,0.07302144978814429,2,690
dmnelf012,9,DMN,8.0,7,0.055881952063831244,2,686
dmnelf012,9,DMN,10.0,8,0.06339203721881315,2,684
dmnelf012,9,CEN,-10.0,-8,0.019875835330709742,2,684
dmnelf012,9,CEN,-8.0,-7,0.02436425591200544,2,686
dmnelf012,9,CEN,-6.0,-5,0.041993062888057375,2,690
dmnelf012,9,CEN,-4.0,-3,0.05850133265695234,2,694
dmnelf012,9,CEN,-2.0,-2,0.048371471431968585,2,696
dmnelf012,9,CEN,0.0,0,0.15169734013220035,2,700
dmnelf012,9,CEN,2.0,2,0.03193937146591817,2,696
dmnelf012,9,CEN,4.0,3,0.003930448824264975,2,694
dmnelf012,9,CEN,6.0,5,0.01943532502476047,2,690
dmnelf012,9,CEN,8.0,7,0.016105310626692466,2,686
dmnelf012,9,CEN,10.0,8,0.018436445226542548,2,684
dmnelf013,0,DMN,-10.0,-8,0.025639494296442304,2,684
dmnelf013,0,DMN,-8.0,-7,0.03146881176782013,2,686
dmnelf013,0,DMN,-6.0,-5,0.03347509843634962,2,690
dmnelf013,0,DMN,-4.0,-3,-0.06115549831152877,2,694
dmnelf013,0,DMN,-2.0,-2,0.04095714699364752,2,696
dmnelf013,0,DMN,0.0,0,-0.21859859128275894,2,700
dmnelf013,0,DMN,2.0,2,-0.10302757561429889,2,696
dmnelf013,0,DMN,4.0,3,-0.014735339629413702,2,694
dmnelf013,0,DMN,6.0,5,-0.2121652731000541,2,690
dmnelf013,0,DMN,8.0,7,0.09306112095526531,2,686
dmnelf013,0,DMN,10.0,8,-0.0023224088247391786,2,684
dmnelf013,0,CEN,-10.0,-8,0.021705753076113457,2,684
dmnelf013,0,CEN,-8.0,-7,0.01599660256635013,2,686
dmnelf013,0,CEN,-6.0,-5,0.03323823437007597,2,690
dmnelf013,0,CEN,-4.0,-3,0.057619144153116815,2,694
dmnelf013,0,CEN,-2.0,-2,0.09126010938846194,2,696
dmnelf013,0,CEN,0.0,0,-0.20157967217614972,2,700
dmnelf013,0,CEN,2.0,2,-0.039028374468581976,2,696
dmnelf013,0,CEN,4.0,3,0.011932449828093192,2,694
dmnelf013,0,CEN,6.0,5,-0.10656227329760332,2,690
dmnelf013,0,CEN,8.0,7,-0.036034318068443566,2,686
dmnelf013,0,CEN,10.0,8,-0.011066417890275957,2,684
dmnelf013,1,DMN,-10.0,-8,0.018035430118703736,2,684
dmnelf013,1,DMN,-8.0,-7,0.028833355584002057,2,686
dmnelf013,1,DMN,-6.0,-5,0.03251716633615017,2,690
dmnelf013,1,DMN,-4.0,-3,-0.056452861787318044,2,694
dmnelf013,1,DMN,-2.0,-2,0.014151583903962865,2,696
dmnelf013,1,DMN,0.0,0,-0.24148359691555485,2,700
dmnelf013,1,DMN,2.0,2,-0.13184058326254042,2,696
dmnelf013,1,DMN,4.0,3,-0.09647779952011588,2,694
dmnelf013,1,DMN,6.0,5,-0.2106486961863034,2,690
dmnelf013,1,DMN,8.0,7,0.09950749059980175,2,686
dmnelf013,1,DMN,10.0,8,0.03597068012354772,2,684
dmnelf013,1,CEN,-10.0,-8,0.020534422241333592,2,684
dmnelf013,1,CEN,-8.0,-7,0.02619827895942248,2,686
dmnelf013,1,CEN,-6.0,-5,0.04787701444495305,2,690
dmnelf013,1,CEN,-4.0,-3,0.0481338487988333,2,694
dmnelf013,1,CEN,-2.0,-2,0.07905736746916385,2,696
dmnelf013,1,CEN,0.0,0,-0.23050254478941956,2,700
dmnelf013,1,CEN,2.0,2,-0.10492849894990994,2,696
dmnelf013,1,CEN,4.0,3,-0.04484283736054592,2,694
dmnelf013,1,CEN,6.0,5,-0.15969156378543714,2,690
dmnelf013,1,CEN,8.0,7,-0.046460471360905364,2,686
dmnelf013,1,CEN,10.0,8,0.00516183897489862,2,684
dmnelf013,2,DMN,-10.0,-8,0.011846008028357119,2,684
dmnelf013,2,DMN,-8.0,-7,0.020726393858162995,2,686
dmnelf013,2,DMN,-6.0,-5,0.018303426601570888,2,690
dmnelf013,2,DMN,-4.0,-3,-0.09637377800666326,2,694
dmnelf013,2,DMN,-2.0,-2,0.028752533975707942,2,696
dmnelf013,2,DMN,0.0,0,-0.26430146753396844,2,700
dmnelf013,2,DMN,2.0,2,-0.1370307614806654,2,696
dmnelf013,2,DMN,4.0,3,-0.11869557919004714,2,694
dmnelf013,2,DMN,6.0,5,-0.21046782280386842,2,690
dmnelf013,2,DMN,8.0,7,0.10475523446389086,2,686
dmnelf013,2,DMN,10.0,8,0.03070436159280759,2,684
dmnelf013,2,CEN,-10.0,-8,0.009021860638351862,2,684
dmnelf013,2,CEN,-8.0,-7,0.010334233020913805,2,686
dmnelf013,2,CEN,-6.0,-5,0.035831977746595675,2,690
dmnelf013,2,CEN,-4.0,-3,0.050262935011258794,2,694
dmnelf013,2,CEN,-2.0,-2,0.057412851780265665,2,696
dmnelf013,2,CEN,0.0,0,-0.2637132368050561,2,700
dmnelf013,2,CEN,2.0,2,-0.12278869857959357,2,696
dmnelf013,2,CEN,4.0,3,-0.06048147641476227,2,694
dmnelf013,2,CEN,6.0,5,-0.17674199801729543,2,690
dmnelf013,2,CEN,8.0,7,-0.04676632153134719,2,686
dmnelf013,2,CEN,10.0,8,-0.0037617989075499473,2,684
dmnelf013,3,DMN,-10.0,-8,0.017422457996121764,2,684
dmnelf013,3,DMN,-8.0,-7,0.03210606946682939,2,686
dmnelf013,3,DMN,-6.0,-5,0.013119171711097093,2,690
dmnelf013,3,DMN,-4.0,-3,-0.2106546907950106,2,694
dmnelf013,3,DMN,-2.0,-2,0.06060657561317721,2,696
dmnelf013,3,DMN,0.0,0,-0.26902397546969387,2,700
dmnelf013,3,DMN,2.0,2,-0.062032526783525756,2,696
dmnelf013,3,DMN,4.0,3,-0.11906034051357794,2,694
dmnelf013,3,DMN,6.0,5,-0.1359758091706907,2,690
dmnelf013,3,DMN,8.0,7,0.07661842337085661,2,686
dmnelf013,3,DMN,10.0,8,0.008480759151121392,2,684
dmnelf013,3,CEN,-10.0,-8,0.009766227167895589,2,684
dmnelf013,3,CEN,-8.0,-7,0.0011243141478166953,2,686
dmnelf013,3,CEN,-6.0,-5,0.04264978114591934,2,690
dmnelf013,3,CEN,-4.0,-3,0.09269968597552397,2,694
dmnelf013,3,CEN,-2.0,-2,0.03754978716674368,2,696
dmnelf013,3,CEN,0.0,0,-0.2878007842680692,2,700
dmnelf013,3,CEN,2.0,2,-0.04537535299854975,2,696
dmnelf013,3,CEN,4.0,3,-0.07420276937702977,2,694
dmnelf013,3,CEN,6.0,5,-0.09222331842596534,2,690
dmnelf013,3,CEN,8.0,7,-0.06231012105379812,2,686
dmnelf013,3,CEN,10.0,8,-0.027037612321709148,2,684
dmnelf013,4,DMN,-10.0,-8,0.014642579418428262,2,684
dmnelf013,4,DMN,-8.0,-7,0.034940523453193116,2,686
dmnelf013,4,DMN,-6.0,-5,0.003452922836514651,2,690
dmnelf013,4,DMN,-4.0,-3,-0.28095469232756914,2,694
dmnelf013,4,DMN,-2.0,-2,0.07760854457247067,2,696
dmnelf013,4,DMN,0.0,0,-0.32546924602989696,2,700
dmnelf013,4,DMN,2.0,2,-0.008400358362562022,2,696
dmnelf013,4,DMN,4.0,3,-0.05921177144520033,2,694
dmnelf013,4,DMN,6.0,5,-0.07303111692694352,2,690
dmnelf013,4,DMN,8.0,7,0.061651060928327214,2,686
dmnelf013,4,DMN,10.0,8,-0.002615202689136994,2,684
dmnelf013,4,CEN,-10.0,-8,0.007722921271594243,2,684
dmnelf013,4,CEN,-8.0,-7,-0.008163387253794157,2,686
dmnelf013,4,CEN,-6.0,-5,0.02586353771000797,2,690
dmnelf013,4,CEN,-4.0,-3,0.09796657798898603,2,694
dmnelf013,4,CEN,-2.0,-2,0.023552962361798036,2,696
dmnelf013,4,CEN,0.0,0,-0.3570340437239254,2,700
dmnelf013,4,CEN,2.0,2,0.01661445427749946,2,696
dmnelf013,4,CEN,4.0,3,-0.021886238537382897,2,694
dmnelf013,4,CEN,6.0,5,-0.06952313804538499,2,690
dmnelf013,4,CEN,8.0,7,-0.05674678643445273,2,686
dmnelf013,4,CEN,10.0,8,-0.0213927795777349,2,684
dmnelf013,5,DMN,-10.0,-8,0.027365138157068446,2,684
dmnelf013,5,DMN,-8.0,-7,0.049237918640720246,2,686
dmnelf013,5,DMN,-6.0,-5,0.014860608050071606,2,690
dmnelf013,5,DMN,-4.0,-3,-0.35329169165839186,2,694
dmnelf013,5,DMN,-2.0,-2,0.010919062891206619,2,696
dmnelf013,5,DMN,0.0,0,-0.25900252247923294,2,700
dmnelf013,5,DMN,2.0,2,-0.028908124487390736,2,696
dmnelf013,5,DMN,4.0,3,0.00438753453121957,2,694
dmnelf013,5,DMN,6.0,5,0.009371167731498011,2,690
dmnelf013,5,DMN,8.0,7,0.04761038809039597,2,686
dmnelf013,5,DMN,10.0,8,0.004400714143153277,2,684
dmnelf013,5,CEN,-10.0,-8,0.020246008301604414,2,684
dmnelf013,5,CEN,-8.0,-7,0.001451726096649114,2,686
dmnelf013,5,CEN,-6.0,-5,0.008514940203377307,2,690
dmnelf013,5,CEN,-4.0,-3,0.031506432261016716,2,694
dmnelf013,5,CEN,-2.0,-2,0.06155140898099965,2,696
dmnelf013,5,CEN,0.0,0,-0.2862396835146329,2,700
dmnelf013,5,CEN,2.0,2,0.008404295921338435,2,696
dmnelf013,5,CEN,4.0,3,0.03885617824969051,2,694
dmnelf013,5,CEN,6.0,5,0.007696066254270687,2,690
dmnelf013,5,CEN,8.0,7,-0.025399413649351683,2,686
dmnelf013,5,CEN,10.0,8,-0.007207163784713844,2,684
dmnelf013,6,DMN,-10.0,-8,0.04395334344733678,2,684
dmnelf013,6,DMN,-8.0,-7,0.05750753406397475,2,686
dmnelf013,6,DMN,-6.0,-5,0.028215276540379763,2,690
dmnelf013,6,DMN,-4.0,-3,-0.3959712893613704,2,694
dmnelf013,6,DMN,-2.0,-2,-0.03738692228845755,2,696
dmnelf013,6,DMN,0.0,0,-0.22516310442450055,2,700
dmnelf013,6,DMN,2.0,2,-0.03911625381682211,2,696
dmnelf013,6,DMN,4.0,3,0.0351463189476424,2,694
dmnelf013,6,DMN,6.0,5,0.050951087838397635,2,690
dmnelf013,6,DMN,8.0,7,0.032332185870892594,2,686
dmnelf013,6,DMN,10.0,8,0.0008930135752453946,2,684
dmnelf013,6,CEN,-10.0,-8,0.03386601014810162,2,684
dmnelf013,6,CEN,-8.0,-7,0.014946229071616876,2,686
dmnelf013,6,CEN,-6.0,-5,0.0099710158766108,2,690
dmnelf013,6,CEN,-4.0,-3,-0.03393864186946,2,694
dmnelf013,6,CEN,-2.0,-2,0.11217904465872801,2,696
dmnelf013,6,CEN,0.0,0,-0.24888588739631934,2,700
dmnelf013,6,CEN,2.0,2,0.013097590993067168,2,696
dmnelf013,6,CEN,4.0,3,0.06741980898693624,2,694
dmnelf013,6,CEN,6.0,5,0.057529383789651604,2,690
dmnelf013,6,CEN,8.0,7,-0.002988898113052557,2,686
dmnelf013,6,CEN,10.0,8,-0.011181072545765124,2,684
dmnelf013,7,DMN,-10.0,-8,0.047694211788936,2,684
dmnelf013,7,DMN,-8.0,-7,0.05637812505615577,2,686
dmnelf013,7,DMN,-6.0,-5,0.030098992641446914,2,690
dmnelf013,7,DMN,-4.0,-3,-0.40419395410213355,2,694
dmnelf013,7,DMN,-2.0,-2,-0.031903256199595435,2,696
dmnelf013,7,DMN,0.0,0,-0.17066403617465334,2,700
dmnelf013,7,DMN,2.0,2,-0.07359174056446506,2,696
dmnelf013,7,DMN,4.0,3,-0.023274417007769447,2,694
dmnelf013,7,DMN,6.0,5,0.06516731251634567,2,690
dmnelf013,7,DMN,8.0,7,0.032112619173903956,2,686
dmnelf013,7,DMN,10.0,8,0.008882784453010974,2,684
dmnelf013,7,CEN,-10.0,-8,0.03990544858733428,2,684
dmnelf013,7,CEN,-8.0,-7,0.019623791457201927,2,686
dmnelf013,7,CEN,-6.0,-5,0.018700078168728883,2,690
dmnelf013,7,CEN,-4.0,-3,-0.030142943363948235,2,694
dmnelf013,7,CEN,-2.0,-2,0.11715434046032228,2,696
dmnelf013,7,CEN,0.0,0,-0.19783403777374067,2,700
dmnelf013,7,CEN,2.0,2,0.004913283381884083,2,696
dmnelf013,7,CEN,4.0,3,0.03411131825369888,2,694
dmnelf013,7,CEN,6.0,5,0.07399836884612306,2,690
dmnelf013,7,CEN,8.0,7,0.020604316534604834,2,686
dmnelf013,7,CEN,10.0,8,-0.014339623516746428,2,684
dmnelf013,8,DMN,-10.0,-8,0.04034006151957843,2,684
dmnelf013,8,DMN,-8.0,-7,0.045773412825579236,2,686
dmnelf013,8,DMN,-6.0,-5,0.01892736239656134,2,690
dmnelf013,8,DMN,-4.0,-3,-0.3971237725249029,2,694
dmnelf013,8,DMN,-2.0,-2,-0.01924220267254225,2,696
dmnelf013,8,DMN,0.0,0,-0.11465275214538771,2,700
dmnelf013,8,DMN,2.0,2,-0.01761555746191776,2,696
dmnelf013,8,DMN,4.0,3,-0.007607813790626207,2,694
dmnelf013,8,DMN,6.0,5,0.056905432139794355,2,690
dmnelf013,8,DMN,8.0,7,0.03765394288366777,2,686
dmnelf013,8,DMN,10.0,8,0.02196513337824281,2,684
dmnelf013,8,CEN,-10.0,-8,0.027540464938204556,2,684
dmnelf013,8,CEN,-8.0,-7,0.007053895728448732,2,686
dmnelf013,8,CEN,-6.0,-5,0.006793007149263267,2,690
dmnelf013,8,CEN,-4.0,-3,-0.004822595856128982,2,694
dmnelf013,8,CEN,-2.0,-2,0.09602194212903468,2,696
dmnelf013,8,CEN,0.0,0,-0.14552057495707835,2,700
dmnelf013,8,CEN,2.0,2,0.03997974087894744,2,696
dmnelf013,8,CEN,4.0,3,0.04647085086366329,2,694
dmnelf013,8,CEN,6.0,5,0.06543332311416902,2,690
dmnelf013,8,CEN,8.0,7,0.03466867893765651,2,686
dmnelf013,8,CEN,10.0,8,0.004697907114241382,2,684
dmnelf013,9,DMN,-10.0,-8,0.03005417914000813,2,684
dmnelf013,9,DMN,-8.0,-7,0.03630144405382073,2,686
dmnelf013,9,DMN,-6.0,-5,0.0032396462538965853,2,690
dmnelf013,9,DMN,-4.0,-3,-0.4092911058543189,2,694
dmnelf013,9,DMN,-2.0,-2,-0.07482698563577664,2,696
dmnelf013,9,DMN,0.0,0,-0.09061354566975034,2,700
dmnelf013,9,DMN,2.0,2,0.015036742278251159,2,696
dmnelf013,9,DMN,4.0,3,0.03673080474881318,2,694
dmnelf013,9,DMN,6.0,5,0.03680054877412147,2,690
dmnelf013,9,DMN,8.0,7,0.0320211971151,2,686
dmnelf013,9,DMN,10.0,8,0.020647633920935753,2,684
dmnelf013,9,CEN,-10.0,-8,0.015993678226955434,2,684
dmnelf013,9,CEN,-8.0,-7,-0.004510838143306971,2,686
dmnelf013,9,CEN,-6.0,-5,-0.01822979680025773,2,690
dmnelf013,9,CEN,-4.0,-3,-0.06717722845111294,2,694
dmnelf013,9,CEN,-2.0,-2,0.08987405898603486,2,696
dmnelf013,9,CEN,0.0,0,-0.12775319872569257,2,700
dmnelf013,9,CEN,2.0,2,0.05421513041275969,2,696
dmnelf013,9,CEN,4.0,3,0.06164492882132697,2,694
dmnelf013,9,CEN,6.0,5,0.03759137381371082,2,690
dmnelf013,9,CEN,8.0,7,0.018856459506765975,2,686
dmnelf013,9,CEN,10.0,8,0.0047665820974169435,2,684
dmnelf014,0,DMN,-10.0,-8,-0.004273182409576375,2,684
dmnelf014,0,DMN,-8.0,-7,-0.0019288254886906842,2,686
dmnelf014,0,DMN,-6.0,-5,-0.005435498675840685,2,690
dmnelf014,0,DMN,-4.0,-3,0.05637481617694794,2,694
dmnelf014,0,DMN,-2.0,-2,0.03751806888266695,2,696
dmnelf014,0,DMN,0.0,0,0.05071858715476668,2,700
dmnelf014,0,DMN,2.0,2,-0.028512896321071998,2,696
dmnelf014,0,DMN,4.0,3,-0.0016753708391023183,2,694
dmnelf014,0,DMN,6.0,5,-0.0627133809843402,2,690
dmnelf014,0,DMN,8.0,7,-0.13647526394035223,2,686
dmnelf014,0,DMN,10.0,8,-0.12266434528800847,2,684
dmnelf014,0,CEN,-10.0,-8,0.048739415929845514,2,684
dmnelf014,0,CEN,-8.0,-7,0.064501893648364,2,686
dmnelf014,0,CEN,-6.0,-5,0.07835144300857125,2,690
dmnelf014,0,CEN,-4.0,-3,0.11644151646311589,2,694
dmnelf014,0,CEN,-2.0,-2,0.07865478477549638,2,696
dmnelf014,0,CEN,0.0,0,0.06153440697621547,2,700
dmnelf014,0,CEN,2.0,2,-0.010807424327920317,2,696
dmnelf014,0,CEN,4.0,3,0.034104523113993396,2,694
dmnelf014,0,CEN,6.0,5,0.009169321850122661,2,690
dmnelf014,0,CEN,8.0,7,-0.06756159122524605,2,686
dmnelf014,0,CEN,10.0,8,-0.07483689070337739,2,684
dmnelf014,1,DMN,-10.0,-8,0.0006571693307682205,2,684
dmnelf014,1,DMN,-8.0,-7,0.005521242327898184,2,686
dmnelf014,1,DMN,-6.0,-5,0.015155958108226217,2,690
dmnelf014,1,DMN,-4.0,-3,0.0072060955992017065,2,694
dmnelf014,1,DMN,-2.0,-2,0.010068004525448725,2,696
dmnelf014,1,DMN,0.0,0,0.030183897625830205,2,700
dmnelf014,1,DMN,2.0,2,0.05923824102872727,2,696
dmnelf014,1,DMN,4.0,3,0.049793278071594976,2,694
dmnelf014,1,DMN,6.0,5,-0.051328824377766535,2,690
dmnelf014,1,DMN,8.0,7,-0.05174921018158674,2,686
dmnelf014,1,DMN,10.0,8,-0.0646834639795051,2,684
dmnelf014,1,CEN,-10.0,-8,0.06813213382917889,2,684
dmnelf014,1,CEN,-8.0,-7,0.07189368300819259,2,686
dmnelf014,1,CEN,-6.0,-5,0.069748347203442,2,690
dmnelf014,1,CEN,-4.0,-3,0.035735237717924064,2,694
dmnelf014,1,CEN,-2.0,-2,0.03831388796486151,2,696
dmnelf014,1,CEN,0.0,0,0.05428222439597417,2,700
dmnelf014,1,CEN,2.0,2,0.07100954036461812,2,696
dmnelf014,1,CEN,4.0,3,0.07876333305819026,2,694
dmnelf014,1,CEN,6.0,5,-0.04370598075601425,2,690
dmnelf014,1,CEN,8.0,7,-0.03627489637030511,2,686
dmnelf014,1,CEN,10.0,8,-0.05381645838642488,2,684
dmnelf014,2,DMN,-10.0,-8,-0.012881337724032601,2,684
dmnelf014,2,DMN,-8.0,-7,-0.024289707564017427,2,686
dmnelf014,2,DMN,-6.0,-5,-0.003082974641308174,2,690
dmnelf014,2,DMN,-4.0,-3,-0.020445704065211113,2,694
dmnelf014,2,DMN,-2.0,-2,-0.025648928724179454,2,696
dmnelf014,2,DMN,0.0,0,0.015778732650472495,2,700
dmnelf014,2,DMN,2.0,2,0.01732599250028692,2,696
dmnelf014,2,DMN,4.0,3,0.018577284657991758,2,694
dmnelf014,2,DMN,6.0,5,-0.038037936776008044,2,690
dmnelf014,2,DMN,8.0,7,0.0018162590342074682,2,686
dmnelf014,2,DMN,10.0,8,-0.013559482817405282,2,684
dmnelf014,2,CEN,-10.0,-8,0.08349629000318357,2,684
dmnelf014,2,CEN,-8.0,-7,0.07505896443887843,2,686
dmnelf014,2,CEN,-6.0,-5,0.08219816785206696,2,690
dmnelf014,2,CEN,-4.0,-3,0.025447886419031788,2,694
dmnelf014,2,CEN,-2.0,-2,0.010919463627662638,2,696
dmnelf014,2,CEN,0.0,0,0.07146329859965946,2,700
dmnelf014,2,CEN,2.0,2,0.07986540258010207,2,696
dmnelf014,2,CEN,4.0,3,0.08966719588586662,2,694
dmnelf014,2,CEN,6.0,5,-0.018946166690322543,2,690
dmnelf014,2,CEN,8.0,7,0.029520882396241923,2,686
dmnelf014,2,CEN,10.0,8,0.0032133640810118784,2,684
dmnelf014,3,DMN,-10.0,-8,-0.03389938658849888,2,684
dmnelf014,3,DMN,-8.0,-7,-0.04847741382498297,2,686
dmnelf014,3,DMN,-6.0,-5,-0.024857893991871004,2,690
dmnelf014,3,DMN,-4.0,-3,-0.046154202569674126,2,694
dmnelf014,3,DMN,-2.0,-2,-0.036280739629568376,2,696
dmnelf014,3,DMN,0.0,0,0.027048077777063837,2,700
dmnelf014,3,DMN,2.0,2,-0.00039534196574961906,2,696
dmnelf014,3,DMN,4.0,3,-0.0445144673205987,2,694
dmnelf014,3,DMN,6.0,5,0.03159600986149695,2,690
dmnelf014,3,DMN,8.0,7,-0.031681658492074175,2,686
dmnelf014,3,DMN,10.0,8,-0.03091355992166111,2,684
dmnelf014,3,CEN,-10.0,-8,0.03737977270156869,2,684
dmnelf014,3,CEN,-8.0,-7,0.033225008004943296,2,686
dmnelf014,3,CEN,-6.0,-5,0.043536679361762275,2,690
dmnelf014,3,CEN,-4.0,-3,0.004367164483870864,2,694
dmnelf014,3,CEN,-2.0,-2,0.014379643237746865,2,696
dmnelf014,3,CEN,0.0,0,0.04821722591308996,2,700
dmnelf014,3,CEN,2.0,2,0.020875836721762964,2,696
dmnelf014,3,CEN,4.0,3,-0.02364919313623463,2,694
dmnelf014,3,CEN,6.0,5,0.05503033365028891,2,690
dmnelf014,3,CEN,8.0,7,-0.007105205434899766,2,686
dmnelf014,3,CEN,10.0,8,-0.004995939606167379,2,684
dmnelf014,4,DMN,-10.0,-8,0.0184407154094235,2,684
dmnelf014,4,DMN,-8.0,-7,0.019180625203296803,2,686
dmnelf014,4,DMN,-6.0,-5,0.011600785975371506,2,690
dmnelf014,4,DMN,-4.0,-3,-0.026028325862646626,2,694
dmnelf014,4,DMN,-2.0,-2,-0.014222608886159043,2,696
dmnelf014,4,DMN,0.0,0,0.06711956090556603,2,700
dmnelf014,4,DMN,2.0,2,0.0544058157899185,2,696
dmnelf014,4,DMN,4.0,3,-0.012072001831573469,2,694
dmnelf014,4,DMN,6.0,5,0.037733927923511545,2,690
dmnelf014,4,DMN,8.0,7,-0.037812559874137196,2,686
dmnelf014,4,DMN,10.0,8,-0.018982554821541108,2,684
dmnelf014,4,CEN,-10.0,-8,0.06678975877014887,2,684
dmnelf014,4,CEN,-8.0,-7,0.08052510985494946,2,686
dmnelf014,4,CEN,-6.0,-5,0.06464821387835354,2,690
dmnelf014,4,CEN,-4.0,-3,0.011644224142484571,2,694
dmnelf014,4,CEN,-2.0,-2,0.018656033033963522,2,696
dmnelf014,4,CEN,0.0,0,0.0665074349821753,2,700
dmnelf014,4,CEN,2.0,2,0.04959267771585183,2,696
dmnelf014,4,CEN,4.0,3,-0.031874349501254805,2,694
dmnelf014,4,CEN,6.0,5,0.03931910541239347,2,690
dmnelf014,4,CEN,8.0,7,-0.03637510642935989,2,686
dmnelf014,4,CEN,10.0,8,-0.00961879190655957,2,684
dmnelf014,5,DMN,-10.0,-8,0.06893775526042285,2,684
dmnelf014,5,DMN,-8.0,-7,0.07160442978653815,2,686
dmnelf014,5,DMN,-6.0,-5,0.07241541426143501,2,690
dmnelf014,5,DMN,-4.0,-3,0.02855741283504799,2,694
dmnelf014,5,DMN,-2.0,-2,0.03483998911931302,2,696
dmnelf014,5,DMN,0.0,0,0.13316429957201692,2,700
dmnelf014,5,DMN,2.0,2,0.023556951999369233,2,696
dmnelf014,5,DMN,4.0,3,-0.0313955872602075,2,694
dmnelf014,5,DMN,6.0,5,-0.04962911958220364,2,690
dmnelf014,5,DMN,8.0,7,-0.012035020887028621,2,686
dmnelf014,5,DMN,10.0,8,0.004948223490248253,2,684
dmnelf014,5,CEN,-10.0,-8,0.0871122312913299,2,684
dmnelf014,5,CEN,-8.0,-7,0.09470274502828521,2,686
dmnelf014,5,CEN,-6.0,-5,0.0879925990493872,2,690
dmnelf014,5,CEN,-4.0,-3,0.02786932516214474,2,694
dmnelf014,5,CEN,-2.0,-2,0.02005987400333779,2,696
dmnelf014,5,CEN,0.0,0,0.1352945863278859,2,700
dmnelf014,5,CEN,2.0,2,0.053249244550243116,2,696
dmnelf014,5,CEN,4.0,3,-0.0012103978925146312,2,694
dmnelf014,5,CEN,6.0,5,-0.044957339848354476,2,690
dmnelf014,5,CEN,8.0,7,-0.0019462206047414915,2,686
dmnelf014,5,CEN,10.0,8,0.01572769638620087,2,684
dmnelf014,6,DMN,-10.0,-8,0.07568435332911475,2,684
dmnelf014,6,DMN,-8.0,-7,0.07674582707366333,2,686
dmnelf014,6,DMN,-6.0,-5,0.08685423551083964,2,690
dmnelf014,6,DMN,-4.0,-3,0.06697492782500741,2,694
dmnelf014,6,DMN,-2.0,-2,0.06341128011129614,2,696
dmnelf014,6,DMN,0.0,0,0.1349398577249444,2,700
dmnelf014,6,DMN,2.0,2,0.008350219097816698,2,696
dmnelf014,6,DMN,4.0,3,-0.023439298972309185,2,694
dmnelf014,6,DMN,6.0,5,-0.057843491927456234,2,690
dmnelf014,6,DMN,8.0,7,-0.010003025628597385,2,686
dmnelf014,6,DMN,10.0,8,-0.004125960066068653,2,684
dmnelf014,6,CEN,-10.0,-8,0.09707940505792588,2,684
dmnelf014,6,CEN,-8.0,-7,0.09826746135912516,2,686
dmnelf014,6,CEN,-6.0,-5,0.10174096331570581,2,690
dmnelf014,6,CEN,-4.0,-3,0.07277201468528824,2,694
dmnelf014,6,CEN,-2.0,-2,0.056485942503962286,2,696
dmnelf014,6,CEN,0.0,0,0.14919605582340034,2,700
dmnelf014,6,CEN,2.0,2,0.056876348079508886,2,696
dmnelf014,6,CEN,4.0,3,0.028908435353533695,2,694
dmnelf014,6,CEN,6.0,5,-0.04118462632549578,2,690
dmnelf014,6,CEN,8.0,7,0.013891483738044864,2,686
dmnelf014,6,CEN,10.0,8,0.012696192450860073,2,684
dmnelf014,7,DMN,-10.0,-8,0.0662696987822672,2,684
dmnelf014,7,DMN,-8.0,-7,0.0811869317362634,2,686
dmnelf014,7,DMN,-6.0,-5,0.07346481129385798,2,690
dmnelf014,7,DMN,-4.0,-3,0.0666268269738447,2,694
dmnelf014,7,DMN,-2.0,-2,0.06071685984282597,2,696
dmnelf014,7,DMN,0.0,0,0.12813907840572536,2,700
dmnelf014,7,DMN,2.0,2,0.009820897509096111,2,696
dmnelf014,7,DMN,4.0,3,-0.023187747116222922,2,694
dmnelf014,7,DMN,6.0,5,-0.07861520922323872,2,690
dmnelf014,7,DMN,8.0,7,-0.04907304644333354,2,686
dmnelf014,7,DMN,10.0,8,-0.04062143871058515,2,684
dmnelf014,7,CEN,-10.0,-8,0.10724435337030155,2,684
dmnelf014,7,CEN,-8.0,-7,0.120034012818086,2,686
dmnelf014,7,CEN,-6.0,-5,0.10102365773141081,2,690
dmnelf014,7,CEN,-4.0,-3,0.0931842376497622,2,694
dmnelf014,7,CEN,-2.0,-2,0.07378126020796777,2,696
dmnelf014,7,CEN,0.0,0,0.1501698686680365,2,700
dmnelf014,7,CEN,2.0,2,0.06120431265873311,2,696
dmnelf014,7,CEN,4.0,3,0.02942691889377831,2,694
dmnelf014,7,CEN,6.0,5,-0.06159860128572766,2,690
dmnelf014,7,CEN,8.0,7,-0.03261120753129332,2,686
dmnelf014,7,CEN,10.0,8,-0.027868420039634204,2,684
dmnelf014,8,DMN,-10.0,-8,0.05425306407737382,2,684
dmnelf014,8,DMN,-8.0,-7,0.05836453932377511,2,686
dmnelf014,8,DMN,-6.0,-5,0.04294982161562243,2,690
dmnelf014,8,DMN,-4.0,-3,0.06365601246751791,2,694
dmnelf014,8,DMN,-2.0,-2,0.009149715454139175,2,696
dmnelf014,8,DMN,0.0,0,0.0671597544231637,2,700
dmnelf014,8,DMN,2.0,2,-0.031317288948874124,2,696
dmnelf014,8,DMN,4.0,3,-0.040379508639780695,2,694
dmnelf014,8,DMN,6.0,5,-0.06302982179932422,2,690
dmnelf014,8,DMN,8.0,7,-0.037232084780198564,2,686
dmnelf014,8,DMN,10.0,8,-0.05152103505000264,2,684
dmnelf014,8,CEN,-10.0,-8,0.11012295917528872,2,684
dmnelf014,8,CEN,-8.0,-7,0.10547284908108343,2,686
dmnelf014,8,CEN,-6.0,-5,0.09269861008930512,2,690
dmnelf014,8,CEN,-4.0,-3,0.10272641091290212,2,694
dmnelf014,8,CEN,-2.0,-2,0.045874820078930637,2,696
dmnelf014,8,CEN,0.0,0,0.11291185468544156,2,700
dmnelf014,8,CEN,2.0,2,0.0467904282156181,2,696
dmnelf014,8,CEN,4.0,3,0.03051543699564422,2,694
dmnelf014,8,CEN,6.0,5,-0.027617226246247843,2,690
dmnelf014,8,CEN,8.0,7,-0.005646789398597742,2,686
dmnelf014,8,CEN,10.0,8,-0.009691139655371531,2,684
dmnelf014,9,DMN,-10.0,-8,0.07407087132377327,2,684
dmnelf014,9,DMN,-8.0,-7,0.0724907392722708,2,686
dmnelf014,9,DMN,-6.0,-5,0.07742099310980276,2,690
dmnelf014,9,DMN,-4.0,-3,0.07604794045830253,2,694
dmnelf014,9,DMN,-2.0,-2,0.06220366281606522,2,696
dmnelf014,9,DMN,0.0,0,0.13559007519948788,2,700
dmnelf014,9,DMN,2.0,2,-0.020459126058171566,2,696
dmnelf014,9,DMN,4.0,3,-0.04263416251825515,2,694
dmnelf014,9,DMN,6.0,5,-0.043055708990155685,2,690
dmnelf014,9,DMN,8.0,7,0.01089377664078474,2,686
dmnelf014,9,DMN,10.0,8,0.010875349349742672,2,684
dmnelf014,9,CEN,-10.0,-8,0.08671541019490112,2,684
dmnelf014,9,CEN,-8.0,-7,0.08036400956431058,2,686
dmnelf014,9,CEN,-6.0,-5,0.07728450573154484,2,690
dmnelf014,9,CEN,-4.0,-3,0.061094677416349295,2,694
dmnelf014,9,CEN,-2.0,-2,0.04058245955727521,2,696
dmnelf014,9,CEN,0.0,0,0.14582427259283598,2,700
dmnelf014,9,CEN,2.0,2,0.024471136165302974,2,696
dmnelf014,9,CEN,4.0,3,0.005858167850727701,2,694
dmnelf014,9,CEN,6.0,5,-0.032395616108841604,2,690
dmnelf014,9,CEN,8.0,7,0.03331287486887283,2,686
dmnelf014,9,CEN,10.0,8,0.030569226729443007,2,684
dmnelf015,0,DMN,-10.0,-8,-0.05224534938633263,2,684
dmnelf015,0,DMN,-8.0,-7,-0.06024140345623816,2,686
dmnelf015,0,DMN,-6.0,-5,-0.0676936321063748,2,690
dmnelf015,0,DMN,-4.0,-3,-0.04596169956273954,2,694
dmnelf015,0,DMN,-2.0,-2,-0.04002194542185129,2,696
dmnelf015,0,DMN,0.0,0,-0.042272494700632254,2,700
dmnelf015,0,DMN,2.0,2,-0.11946538862768606,2,696
dmnelf015,0,DMN,4.0,3,-0.11407879227879855,2,694
dmnelf015,0,DMN,6.0,5,-0.044706219444382835,2,690
dmnelf015,0,DMN,8.0,7,0.03149634692482042,2,686
dmnelf015,0,DMN,10.0,8,0.027205075413706134,2,684
dmnelf015,0,CEN,-10.0,-8,-0.08895181332225409,2,684
dmnelf015,0,CEN,-8.0,-7,-0.09940263792654952,2,686
dmnelf015,0,CEN,-6.0,-5,-0.10763496184423799,2,690
dmnelf015,0,CEN,-4.0,-3,-0.03674002947578714,2,694
dmnelf015,0,CEN,-2.0,-2,-0.017404783338109818,2,696
dmnelf015,0,CEN,0.0,0,0.004064777895109298,2,700
dmnelf015,0,CEN,2.0,2,-0.10677135006728392,2,696
dmnelf015,0,CEN,4.0,3,-0.1135646656331641,2,694
dmnelf015,0,CEN,6.0,5,-0.06201812625382285,2,690
dmnelf015,0,CEN,8.0,7,-0.013741446691785652,2,686
dmnelf015,0,CEN,10.0,8,-0.003880943017031421,2,684
dmnelf015,1,DMN,-10.0,-8,0.023084061303835775,2,684
dmnelf015,1,DMN,-8.0,-7,0.01681651331531377,2,686
dmnelf015,1,DMN,-6.0,-5,0.0013040107971889964,2,690
dmnelf015,1,DMN,-4.0,-3,-0.039329886963427756,2,694
dmnelf015,1,DMN,-2.0,-2,-0.032165732366688564,2,696
dmnelf015,1,DMN,0.0,0,0.008852183969236106,2,700
dmnelf015,1,DMN,2.0,2,0.10956255908160263,2,696
dmnelf015,1,DMN,4.0,3,0.12495829592124534,2,694
dmnelf015,1,DMN,6.0,5,0.05521210658568579,2,690
dmnelf015,1,DMN,8.0,7,0.013546612219458088,2,686
dmnelf015,1,DMN,10.0,8,0.018781862392432076,2,684
dmnelf015,1,CEN,-10.0,-8,-0.049757509161338635,2,684
dmnelf015,1,CEN,-8.0,-7,-0.05116526432032511,2,686
dmnelf015,1,CEN,-6.0,-5,-0.031480916271427066,2,690
dmnelf015,1,CEN,-4.0,-3,-0.05441822085160908,2,694
dmnelf015,1,CEN,-2.0,-2,-0.05403619643652772,2,696
dmnelf015,1,CEN,0.0,0,-0.08649461906932074,2,700
dmnelf015,1,CEN,2.0,2,-0.11009151944021708,2,696
dmnelf015,1,CEN,4.0,3,-0.13201347870508082,2,694
dmnelf015,1,CEN,6.0,5,-0.1788547394734066,2,690
dmnelf015,1,CEN,8.0,7,-0.1297817376809009,2,686
dmnelf015,1,CEN,10.0,8,-0.10110008037702878,2,684
dmnelf015,2,DMN,-10.0,-8,-0.013401401146027444,2,684
dmnelf015,2,DMN,-8.0,-7,-0.00851213035918517,2,686
dmnelf015,2,DMN,-6.0,-5,-0.01278025305606563,2,690
dmnelf015,2,DMN,-4.0,-3,-0.012452214166972581,2,694
dmnelf015,2,DMN,-2.0,-2,0.02868890181115922,2,696
dmnelf015,2,DMN,0.0,0,0.08529377878749532,2,700
dmnelf015,2,DMN,2.0,2,0.17539541614509738,2,696
dmnelf015,2,DMN,4.0,3,0.17821649497212977,2,694
dmnelf015,2,DMN,6.0,5,0.07267500163741776,2,690
dmnelf015,2,DMN,8.0,7,-0.02729945533068289,2,686
dmnelf015,2,DMN,10.0,8,-0.047311513064152176,2,684
dmnelf015,2,CEN,-10.0,-8,-0.06894718199762848,2,684
dmnelf015,2,CEN,-8.0,-7,-0.059762840631859195,2,686
dmnelf015,2,CEN,-6.0,-5,-0.0335821663708672,2,690
dmnelf015,2,CEN,-4.0,-3,-0.02996359999384476,2,694
dmnelf015,2,CEN,-2.0,-2,-0.024047023086669273,2,696
dmnelf015,2,CEN,0.0,0,-0.08047832322110013,2,700
dmnelf015,2,CEN,2.0,2,-0.10855396867981049,2,696
dmnelf015,2,CEN,4.0,3,-0.1367258179217361,2,694
dmnelf015,2,CEN,6.0,5,-0.17952666793925937,2,690
dmnelf015,2,CEN,8.0,7,-0.15145269041454976,2,686
dmnelf015,2,CEN,10.0,8,-0.13625146873342248,2,684
dmnelf015,3,DMN,-10.0,-8,-0.07193661412137438,2,684
dmnelf015,3,DMN,-8.0,-7,-0.05999042029522494,2,686
dmnelf015,3,DMN,-6.0,-5,-0.04519360604637921,2,690
dmnelf015,3,DMN,-4.0,-3,-0.014300169734274087,2,694
dmnelf015,3,DMN,-2.0,-2,0.039913266875543967,2,696
dmnelf015,3,DMN,0.0,0,0.12088246012339511,2,700
dmnelf015,3,DMN,2.0,2,0.18551492333716935,2,696
dmnelf015,3,DMN,4.0,3,0.18326447697580195,2,694
dmnelf015,3,DMN,6.0,5,0.08441009201600837,2,690
dmnelf015,3,DMN,8.0,7,-0.027241767927698834,2,686
dmnelf015,3,DMN,10.0,8,-0.06891873835874485,2,684
dmnelf015,3,CEN,-10.0,-8,-0.04334162924111082,2,684
dmnelf015,3,CEN,-8.0,-7,-0.02058360857512726,2,686
dmnelf015,3,CEN,-6.0,-5,0.017595997766202073,2,690
dmnelf015,3,CEN,-4.0,-3,0.0408008325558305,2,694
dmnelf015,3,CEN,-2.0,-2,0.048150620462058015,2,696
dmnelf015,3,CEN,0.0,0,0.02465830924889205,2,700
dmnelf015,3,CEN,2.0,2,0.02460092462612505,2,696
dmnelf015,3,CEN,4.0,3,-0.00701879323635062,2,694
dmnelf015,3,CEN,6.0,5,-0.06687669667463318,2,690
dmnelf015,3,CEN,8.0,7,-0.08013105978894712,2,686
dmnelf015,3,CEN,10.0,8,-0.08259388354202936,2,684
dmnelf015,4,DMN,-10.0,-8,-0.09378274637304479,2,684
dmnelf015,4,DMN,-8.0,-7,-0.07857938855472589,2,686
dmnelf015,4,DMN,-6.0,-5,-0.06169554545325135,2,690
dmnelf015,4,DMN,-4.0,-3,-0.04554222635623015,2,694
dmnelf015,4,DMN,-2.0,-2,-0.003240913286024968,2,696
dmnelf015,4,DMN,0.0,0,0.0708549079983543,2,700
dmnelf015,4,DMN,2.0,2,0.13004545134839515,2,696
dmnelf015,4,DMN,4.0,3,0.13434110235253546,2,694
dmnelf015,4,DMN,6.0,5,0.06200508189454646,2,690
dmnelf015,4,DMN,8.0,7,-0.02095323344522312,2,686
dmnelf015,4,DMN,10.0,8,-0.057334055654053515,2,684
dmnelf015,4,CEN,-10.0,-8,-0.03758287333790381,2,684
dmnelf015,4,CEN,-8.0,-7,-0.003350541895124688,2,686
dmnelf015,4,CEN,-6.0,-5,0.04738746340900915,2,690
dmnelf015,4,CEN,-4.0,-3,0.05972972965118422,2,694
dmnelf015,4,CEN,-2.0,-2,0.06824003209778966,2,696
dmnelf015,4,CEN,0.0,0,0.06953480411859551,2,700
dmnelf015,4,CEN,2.0,2,0.07764068604573401,2,696
dmnelf015,4,CEN,4.0,3,0.04841614245916129,2,694
dmnelf015,4,CEN,6.0,5,-0.02466278668503006,2,690
dmnelf015,4,CEN,8.0,7,-0.04816401962148245,2,686
dmnelf015,4,CEN,10.0,8,-0.060075663502562444,2,684
dmnelf015,5,DMN,-10.0,-8,-0.05500104435891685,2,684
dmnelf015,5,DMN,-8.0,-7,-0.05318633490207745,2,686
dmnelf015,5,DMN,-6.0,-5,-0.03879658430210076,2,690
dmnelf015,5,DMN,-4.0,-3,-0.04782263331889045,2,694
dmnelf015,5,DMN,-2.0,-2,-0.04248433875065606,2,696
dmnelf015,5,DMN,0.0,0,-0.004069435690550436,2,700
dmnelf015,5,DMN,2.0,2,0.06244644241382428,2,696
dmnelf015,5,DMN,4.0,3,0.08214850068490986,2,694
dmnelf015,5,DMN,6.0,5,0.004802983612753492,2,690
dmnelf015,5,DMN,8.0,7,-0.04150308758977763,2,686
dmnelf015,5,DMN,10.0,8,-0.04997385292768197,2,684
dmnelf015,5,CEN,-10.0,-8,-0.07678577189099935,2,684
dmnelf015,5,CEN,-8.0,-7,-0.06746903862706906,2,686
dmnelf015,5,CEN,-6.0,-5,-0.016969588536146968,2,690
dmnelf015,5,CEN,-4.0,-3,0.007809966422379862,2,694
dmnelf015,5,CEN,-2.0,-2,0.0002637023289179129,2,696
dmnelf015,5,CEN,0.0,0,-0.05275589035924098,2,700
dmnelf015,5,CEN,2.0,2,-0.11057943366457848,2,696
dmnelf015,5,CEN,4.0,3,-0.1384223093153921,2,694
dmnelf015,5,CEN,6.0,5,-0.21054391660714578,2,690
dmnelf015,5,CEN,8.0,7,-0.15161388329400496,2,686
dmnelf015,5,CEN,10.0,8,-0.12873790725582368,2,684
dmnelf015,6,DMN,-10.0,-8,-0.05054028272690394,2,684
dmnelf015,6,DMN,-8.0,-7,-0.044273363913173755,2,686
dmnelf015,6,DMN,-6.0,-5,-0.009983559990453368,2,690
dmnelf015,6,DMN,-4.0,-3,-0.007375881154368779,2,694
dmnelf015,6,DMN,-2.0,-2,-0.00926709436894627,2,696
dmnelf015,6,DMN,0.0,0,0.01845539720714886,2,700
dmnelf015,6,DMN,2.0,2,0.0965253720592901,2,696
dmnelf015,6,DMN,4.0,3,0.11069942937776643,2,694
dmnelf015,6,DMN,6.0,5,0.029537564034594177,2,690
dmnelf015,6,DMN,8.0,7,-0.03289139074331133,2,686
dmnelf015,6,DMN,10.0,8,-0.04957917179963261,2,684
dmnelf015,6,CEN,-10.0,-8,-0.034250124226368556,2,684
dmnelf015,6,CEN,-8.0,-7,-0.028845680920646447,2,686
dmnelf015,6,CEN,-6.0,-5,0.002206762972524449,2,690
dmnelf015,6,CEN,-4.0,-3,0.03449713329816298,2,694
dmnelf015,6,CEN,-2.0,-2,0.019426393571044365,2,696
dmnelf015,6,CEN,0.0,0,-0.043856841172481016,2,700
dmnelf015,6,CEN,2.0,2,-0.11611039585720152,2,696
dmnelf015,6,CEN,4.0,3,-0.16489972785408538,2,694
dmnelf015,6,CEN,6.0,5,-0.2380987402064123,2,690
dmnelf015,6,CEN,8.0,7,-0.1854007980229392,2,686
dmnelf015,6,CEN,10.0,8,-0.16437461422577146,2,684
dmnelf015,7,DMN,-10.0,-8,-0.12006021015808714,2,684
dmnelf015,7,DMN,-8.0,-7,-0.1222731224918463,2,686
dmnelf015,7,DMN,-6.0,-5,-0.0892117612652078,2,690
dmnelf015,7,DMN,-4.0,-3,-0.09926628965950882,2,694
dmnelf015,7,DMN,-2.0,-2,-0.12613301549232692,2,696
dmnelf015,7,DMN,0.0,0,-0.12488178801388182,2,700
dmnelf015,7,DMN,2.0,2,-0.05821239862635354,2,696
dmnelf015,7,DMN,4.0,3,-0.03566851429092155,2,694
dmnelf015,7,DMN,6.0,5,-0.0022307973672767325,2,690
dmnelf015,7,DMN,8.0,7,0.022200615230098367,2,686
dmnelf015,7,DMN,10.0,8,0.026679608962541297,2,684
dmnelf015,7,CEN,-10.0,-8,0.04043201564407393,2,684
dmnelf015,7,CEN,-8.0,-7,0.04608732297790597,2,686
dmnelf015,7,CEN,-6.0,-5,0.08052110491060681,2,690
dmnelf015,7,CEN,-4.0,-3,0.1228227292331429,2,694
dmnelf015,7,CEN,-2.0,-2,0.09605185145488897,2,696
dmnelf015,7,CEN,0.0,0,0.05515915228838771,2,700
dmnelf015,7,CEN,2.0,2,0.006832770018527822,2,696
dmnelf015,7,CEN,4.0,3,-0.03182007283243462,2,694
dmnelf015,7,CEN,6.0,5,-0.06747388279506043,2,690
dmnelf015,7,CEN,8.0,7,-0.07338368880457961,2,686
dmnelf015,7,CEN,10.0,8,-0.07547562695596337,2,684
dmnelf015,8,DMN,-10.0,-8,-0.10066000373131642,2,684
dmnelf015,8,DMN,-8.0,-7,-0.10757372588184398,2,686
dmnelf015,8,DMN,-6.0,-5,-0.07984986147252815,2,690
dmnelf015,8,DMN,-4.0,-3,-0.10328483458131327,2,694
dmnelf015,8,DMN,-2.0,-2,-0.13932191045403794,2,696
dmnelf015,8,DMN,0.0,0,-0.149539652288382,2,700
dmnelf015,8,DMN,2.0,2,-0.13208846480281838,2,696
dmnelf015,8,DMN,4.0,3,-0.12595171112868636,2,694
dmnelf015,8,DMN,6.0,5,-0.053717510308816316,2,690
dmnelf015,8,DMN,8.0,7,0.023869787765942407,2,686
dmnelf015,8,DMN,10.0,8,0.03768858607800398,2,684
dmnelf015,8,CEN,-10.0,-8,0.046186434159858715,2,684
dmnelf015,8,CEN,-8.0,-7,0.04590273458544861,2,686
dmnelf015,8,CEN,-6.0,-5,0.07498499544026628,2,690
dmnelf015,8,CEN,-4.0,-3,0.10934809580528086,2,694
dmnelf015,8,CEN,-2.0,-2,0.08964588053426371,2,696
dmnelf015,8,CEN,0.0,0,0.06968603750078213,2,700
dmnelf015,8,CEN,2.0,2,0.034750389876502426,2,696
dmnelf015,8,CEN,4.0,3,0.020962746366898665,2,694
dmnelf015,8,CEN,6.0,5,0.0285184425326787,2,690
dmnelf015,8,CEN,8.0,7,0.012758970060695336,2,686
dmnelf015,8,CEN,10.0,8,0.0005211554863133815,2,684
dmnelf015,9,DMN,-10.0,-8,-0.08136216959468007,2,684
dmnelf015,9,DMN,-8.0,-7,-0.08842897877481422,2,686
dmnelf015,9,DMN,-6.0,-5,-0.05399110753688109,2,690
dmnelf015,9,DMN,-4.0,-3,-0.0930497728773052,2,694
dmnelf015,9,DMN,-2.0,-2,-0.1264393561466576,2,696
dmnelf015,9,DMN,0.0,0,-0.08042721246333845,2,700
dmnelf015,9,DMN,2.0,2,-0.0945766555265895,2,696
dmnelf015,9,DMN,4.0,3,-0.09221110832608745,2,694
dmnelf015,9,DMN,6.0,5,-0.043356849756394,2,690
dmnelf015,9,DMN,8.0,7,0.030848671726856857,2,686
dmnelf015,9,DMN,10.0,8,0.03129760754801493,2,684
dmnelf015,9,CEN,-10.0,-8,0.042508485999774775,2,684
dmnelf015,9,CEN,-8.0,-7,0.043300579011296095,2,686
dmnelf015,9,CEN,-6.0,-5,0.06709918241677784,2,690
dmnelf015,9,CEN,-4.0,-3,0.07820626371058771,2,694
dmnelf015,9,CEN,-2.0,-2,0.060392369560186836,2,696
dmnelf015,9,CEN,0.0,0,0.12996754575230113,2,700
dmnelf015,9,CEN,2.0,2,0.0757965140216285,2,696
dmnelf015,9,CEN,4.0,3,0.06583789136489956,2,694
dmnelf015,9,CEN,6.0,5,0.052234886645884576,2,690
dmnelf015,9,CEN,8.0,7,0.032232649866753456,2,686
dmnelf015,9,CEN,10.0,8,0.005818067448972997,2,684
dmnelf1001,0,DMN,-10.0,-8,-0.011497257190418596,2,684
dmnelf1001,0,DMN,-8.0,-7,-0.014057287941787872,2,686
dmnelf1001,0,DMN,-6.0,-5,0.020357769006600482,2,690
dmnelf1001,0,DMN,-4.0,-3,0.03899657069554944,2,694
dmnelf1001,0,DMN,-2.0,-2,0.03877246573897906,2,696
dmnelf1001,0,DMN,0.0,0,0.04877405059185156,2,700
dmnelf1001,0,DMN,2.0,2,0.02695295831794956,2,696
dmnelf1001,0,DMN,4.0,3,0.015999708518254295,2,694
dmnelf1001,0,DMN,6.0,5,0.03487918013185445,2,690
dmnelf1001,0,DMN,8.0,7,-0.0020749183705536687,2,686
dmnelf1001,0,DMN,10.0,8,-0.02032992971471364,2,684
dmnelf1001,0,CEN,-10.0,-8,-0.05181420381087308,2,684
dmnelf1001,0,CEN,-8.0,-7,-0.044583718641786334,2,686
dmnelf1001,0,CEN,-6.0,-5,0.038776843928287806,2,690
dmnelf1001,0,CEN,-4.0,-3,0.050738632785514826,2,694
dmnelf1001,0,CEN,-2.0,-2,0.04479900062619753,2,696
dmnelf1001,0,CEN,0.0,0,0.05770258770008592,2,700
dmnelf1001,0,CEN,2.0,2,0.07299941685362178,2,696
dmnelf1001,0,CEN,4.0,3,0.07923256323065002,2,694
dmnelf1001,0,CEN,6.0,5,0.07435562521869003,2,690
dmnelf1001,0,CEN,8.0,7,0.007918801362973418,2,686
dmnelf1001,0,CEN,10.0,8,-0.015182455111511627,2,684
dmnelf1001,1,DMN,-10.0,-8,-0.007203166818093259,2,684
dmnelf1001,1,DMN,-8.0,-7,0.0021940131407267812,2,686
dmnelf1001,1,DMN,-6.0,-5,0.032011105373842434,2,690
dmnelf1001,1,DMN,-4.0,-3,0.05232880449539145,2,694
dmnelf1001,1,DMN,-2.0,-2,0.05529648201584135,2,696
dmnelf1001,1,DMN,0.0,0,0.05605953008186823,2,700
dmnelf1001,1,DMN,2.0,2,-0.008720013715694407,2,696
dmnelf1001,1,DMN,4.0,3,-0.021078917268788307,2,694
dmnelf1001,1,DMN,6.0,5,0.037462122627656184,2,690
dmnelf1001,1,DMN,8.0,7,-0.01599809180615175,2,686
dmnelf1001,1,DMN,10.0,8,-0.03430303898386431,2,684
dmnelf1001,1,CEN,-10.0,-8,-0.05645214474079767,2,684
dmnelf1001,1,CEN,-8.0,-7,-0.04311099306530459,2,686
dmnelf1001,1,CEN,-6.0,-5,0.027528633350181728,2,690
dmnelf1001,1,CEN,-4.0,-3,0.051614870797363446,2,694
dmnelf1001,1,CEN,-2.0,-2,0.04845307622382912,2,696
dmnelf1001,1,CEN,0.0,0,0.04493049340740809,2,700
dmnelf1001,1,CEN,2.0,2,0.02945343856651643,2,696
dmnelf1001,1,CEN,4.0,3,0.03305925136684762,2,694
dmnelf1001,1,CEN,6.0,5,0.046078204238174165,2,690
dmnelf1001,1,CEN,8.0,7,-0.02008683373690103,2,686
dmnelf1001,1,CEN,10.0,8,-0.04052799161432806,2,684
dmnelf1001,2,DMN,-10.0,-8,0.053808485157022405,2,684
dmnelf1001,2,DMN,-8.0,-7,0.06500137624676018,2,686
dmnelf1001,2,DMN,-6.0,-5,0.05263237544159359,2,690
dmnelf1001,2,DMN,-4.0,-3,0.07421594896719408,2,694
dmnelf1001,2,DMN,-2.0,-2,0.06276388601217979,2,696
dmnelf1001,2,DMN,0.0,0,0.03444046459234792,2,700
dmnelf1001,2,DMN,2.0,2,0.011261664399008236,2,696
dmnelf1001,2,DMN,4.0,3,-0.005985820080554545,2,694
dmnelf1001,2,DMN,6.0,5,0.057890702031602626,2,690
dmnelf1001,2,DMN,8.0,7,0.023032136909622386,2,686
dmnelf1001,2,DMN,10.0,8,0.015220125161454282,2,684
dmnelf1001,2,CEN,-10.0,-8,-0.04861808394729792,2,684
dmnelf1001,2,CEN,-8.0,-7,-0.02560795416873617,2,686
dmnelf1001,2,CEN,-6.0,-5,0.03178805492529105,2,690
dmnelf1001,2,CEN,-4.0,-3,0.07428227924126977,2,694
dmnelf1001,2,CEN,-2.0,-2,0.06214181469652683,2,696
dmnelf1001,2,CEN,0.0,0,0.055138544466396135,2,700
dmnelf1001,2,CEN,2.0,2,0.10363278532838839,2,696
dmnelf1001,2,CEN,4.0,3,0.1148489693317568,2,694
dmnelf1001,2,CEN,6.0,5,0.12097710516619549,2,690
dmnelf1001,2,CEN,8.0,7,0.04053047286457323,2,686
dmnelf1001,2,CEN,10.0,8,0.009302693410500612,2,684
dmnelf1001,3,DMN,-10.0,-8,0.06786970916945996,2,684
dmnelf1001,3,DMN,-8.0,-7,0.08648932180050789,2,686
dmnelf1001,3,DMN,-6.0,-5,0.06480527861535272,2,690
dmnelf1001,3,DMN,-4.0,-3,0.0774779879730223,2,694
dmnelf1001,3,DMN,-2.0,-2,0.06793036562136898,2,696
dmnelf1001,3,DMN,0.0,0,0.026999525176737423,2,700
dmnelf1001,3,DMN,2.0,2,0.017044798011097886,2,696
dmnelf1001,3,DMN,4.0,3,0.006887239264371243,2,694
dmnelf1001,3,DMN,6.0,5,0.06672152152121862,2,690
dmnelf1001,3,DMN,8.0,7,0.06938757604402089,2,686
dmnelf1001,3,DMN,10.0,8,0.06040487503583964,2,684
dmnelf1001,3,CEN,-10.0,-8,-0.009565050504366727,2,684
dmnelf1001,3,CEN,-8.0,-7,0.015313750678844948,2,686
dmnelf1001,3,CEN,-6.0,-5,0.03555411996160985,2,690
dmnelf1001,3,CEN,-4.0,-3,0.04660056063279979,2,694
dmnelf1001,3,CEN,-2.0,-2,0.02640403016779588,2,696
dmnelf1001,3,CEN,0.0,0,0.017009619338976323,2,700
dmnelf1001,3,CEN,2.0,2,0.07957365381467392,2,696
dmnelf1001,3,CEN,4.0,3,0.09549513593683831,2,694
dmnelf1001,3,CEN,6.0,5,0.09685141438577095,2,690
dmnelf1001,3,CEN,8.0,7,0.04400341375858082,2,686
dmnelf1001,3,CEN,10.0,8,0.008594741711861406,2,684
dmnelf1001,4,DMN,-10.0,-8,0.012510661386570742,2,684
dmnelf1001,4,DMN,-8.0,-7,0.04057305081715242,2,686
dmnelf1001,4,DMN,-6.0,-5,0.06321286034425397,2,690
dmnelf1001,4,DMN,-4.0,-3,0.0843433830566185,2,694
dmnelf1001,4,DMN,-2.0,-2,0.0947415492895941,2,696
dmnelf1001,4,DMN,0.0,0,0.051003950684408016,2,700
dmnelf1001,4,DMN,2.0,2,-0.008181848622684663,2,696
dmnelf1001,4,DMN,4.0,3,-0.02418871195159992,2,694
dmnelf1001,4,DMN,6.0,5,0.017191798211888185,2,690
dmnelf1001,4,DMN,8.0,7,0.01807542349134947,2,686
dmnelf1001,4,DMN,10.0,8,0.0078107658078400335,2,684
dmnelf1001,4,CEN,-10.0,-8,-0.0554559661087579,2,684
dmnelf1001,4,CEN,-8.0,-7,-0.02639644166291371,2,686
dmnelf1001,4,CEN,-6.0,-5,0.026345110064569386,2,690
dmnelf1001,4,CEN,-4.0,-3,0.03725673956905463,2,694
dmnelf1001,4,CEN,-2.0,-2,0.0302892471545708,2,696
dmnelf1001,4,CEN,0.0,0,-0.007545610346692636,2,700
dmnelf1001,4,CEN,2.0,2,-0.013575007110196819,2,696
dmnelf1001,4,CEN,4.0,3,0.00632809719357179,2,694
dmnelf1001,4,CEN,6.0,5,0.049253493029339714,2,690
dmnelf1001,4,CEN,8.0,7,0.03805221442139596,2,686
dmnelf1001,4,CEN,10.0,8,0.00954423030361283,2,684
dmnelf1001,5,DMN,-10.0,-8,-0.042566604496120146,2,684
dmnelf1001,5,DMN,-8.0,-7,-0.017396913651200042,2,686
dmnelf1001,5,DMN,-6.0,-5,0.01878596366833934,2,690
dmnelf1001,5,DMN,-4.0,-3,0.05634382668413792,2,694
dmnelf1001,5,DMN,-2.0,-2,0.06965779849545495,2,696
dmnelf1001,5,DMN,0.0,0,0.062168400496908416,2,700
dmnelf1001,5,DMN,2.0,2,-0.022307843394024418,2,696
dmnelf1001,5,DMN,4.0,3,-0.028471869342164023,2,694
dmnelf1001,5,DMN,6.0,5,0.005362542417267978,2,690
dmnelf1001,5,DMN,8.0,7,-0.0038699989149951638,2,686
dmnelf1001,5,DMN,10.0,8,-0.011403907632788436,2,684
dmnelf1001,5,CEN,-10.0,-8,-0.09257369388795846,2,684
dmnelf1001,5,CEN,-8.0,-7,-0.06501234257091977,2,686
dmnelf1001,5,CEN,-6.0,-5,-0.01810311846725039,2,690
dmnelf1001,5,CEN,-4.0,-3,0.03273363387124027,2,694
dmnelf1001,5,CEN,-2.0,-2,0.04440051041655536,2,696
dmnelf1001,5,CEN,0.0,0,0.049220023110182635,2,700
dmnelf1001,5,CEN,2.0,2,0.007934145161318603,2,696
dmnelf1001,5,CEN,4.0,3,0.018991689171645027,2,694
dmnelf1001,5,CEN,6.0,5,0.0518811821472422,2,690
dmnelf1001,5,CEN,8.0,7,0.032406309944551265,2,686
dmnelf1001,5,CEN,10.0,8,0.009329495133316396,2,684
dmnelf1001,6,DMN,-10.0,-8,-0.03675985498559316,2,684
dmnelf1001,6,DMN,-8.0,-7,-0.006569559964827963,2,686
dmnelf1001,6,DMN,-6.0,-5,-0.002826527890089141,2,690
dmnelf1001,6,DMN,-4.0,-3,0.0030839062263276268,2,694
dmnelf1001,6,DMN,-2.0,-2,0.015575413341887334,2,696
dmnelf1001,6,DMN,0.0,0,0.028162162916131973,2,700
dmnelf1001,6,DMN,2.0,2,0.00793950741335705,2,696
dmnelf1001,6,DMN,4.0,3,-0.0058919471345749725,2,694
dmnelf1001,6,DMN,6.0,5,0.006047530666854774,2,690
dmnelf1001,6,DMN,8.0,7,-0.01910144389815405,2,686
dmnelf1001,6,DMN,10.0,8,-0.013135435979921678,2,684
dmnelf1001,6,CEN,-10.0,-8,-0.0917148657800331,2,684
dmnelf1001,6,CEN,-8.0,-7,-0.04667411324104617,2,686
dmnelf1001,6,CEN,-6.0,-5,-0.02859598701157667,2,690
dmnelf1001,6,CEN,-4.0,-3,-0.007267563381255972,2,694
dmnelf1001,6,CEN,-2.0,-2,-0.0018276228837490224,2,696
dmnelf1001,6,CEN,0.0,0,0.010468673892133459,2,700
dmnelf1001,6,CEN,2.0,2,0.037041224230739564,2,696
dmnelf1001,6,CEN,4.0,3,0.04951736131232672,2,694
dmnelf1001,6,CEN,6.0,5,0.06388787180774469,2,690
dmnelf1001,6,CEN,8.0,7,0.024442420600529185,2,686
dmnelf1001,6,CEN,10.0,8,0.005546470431073103,2,684
dmnelf1001,7,DMN,-10.0,-8,-0.007469230503885703,2,684
dmnelf1001,7,DMN,-8.0,-7,0.008222051211116691,2,686
dmnelf1001,7,DMN,-6.0,-5,-0.022227161371492474,2,690
dmnelf1001,7,DMN,-4.0,-3,-0.050783153657746674,2,694
dmnelf1001,7,DMN,-2.0,-2,-0.038774807865743104,2,696
dmnelf1001,7,DMN,0.0,0,-0.011555807946551545,2,700
dmnelf1001,7,DMN,2.0,2,-0.027987495183605316,2,696
dmnelf1001,7,DMN,4.0,3,-0.049994048617175886,2,694
dmnelf1001,7,DMN,6.0,5,-0.037726901066633976,2,690
dmnelf1001,7,DMN,8.0,7,-0.04560883322549979,2,686
dmnelf1001,7,DMN,10.0,8,-0.02992017075733164,2,684
dmnelf1001,7,CEN,-10.0,-8,-0.018735296963927495,2,684
dmnelf1001,7,CEN,-8.0,-7,0.018225627397541518,2,686
dmnelf1001,7,CEN,-6.0,-5,0.010517570333656866,2,690
dmnelf1001,7,CEN,-4.0,-3,-0.01719230141928016,2,694
dmnelf1001,7,CEN,-2.0,-2,-0.023328413532513966,2,696
dmnelf1001,7,CEN,0.0,0,-0.01911748187596022,2,700
dmnelf1001,7,CEN,2.0,2,0.019346974329203948,2,696
dmnelf1001,7,CEN,4.0,3,0.028989016244637168,2,694
dmnelf1001,7,CEN,6.0,5,0.03858322812633325,2,690
dmnelf1001,7,CEN,8.0,7,2.411807055561743e-05,2,686
dmnelf1001,7,CEN,10.0,8,-0.014112640786306418,2,684
dmnelf1001,8,DMN,-10.0,-8,-0.0037482316400355843,2,684
dmnelf1001,8,DMN,-8.0,-7,-0.00286653954356588,2,686
dmnelf1001,8,DMN,-6.0,-5,-0.03583858748367458,2,690
dmnelf1001,8,DMN,-4.0,-3,-0.07330244078651345,2,694
dmnelf1001,8,DMN,-2.0,-2,-0.06646159196846858,2,696
dmnelf1001,8,DMN,0.0,0,-0.039391887794989144,2,700
dmnelf1001,8,DMN,2.0,2,-0.05566618957543388,2,696
dmnelf1001,8,DMN,4.0,3,-0.0662845642663656,2,694
dmnelf1001,8,DMN,6.0,5,-0.06529571469248936,2,690
dmnelf1001,8,DMN,8.0,7,-0.06866990531755311,2,686
dmnelf1001,8,DMN,10.0,8,-0.060698473544662186,2,684
dmnelf1001,8,CEN,-10.0,-8,-0.01697323672594452,2,684
dmnelf1001,8,CEN,-8.0,-7,0.009877619627146738,2,686
dmnelf1001,8,CEN,-6.0,-5,0.0156312097943983,2,690
dmnelf1001,8,CEN,-4.0,-3,-0.01929809498200758,2,694
dmnelf1001,8,CEN,-2.0,-2,-0.029967468965602064,2,696
dmnelf1001,8,CEN,0.0,0,-0.03164526307483881,2,700
dmnelf1001,8,CEN,2.0,2,-0.001896950395612825,2,696
dmnelf1001,8,CEN,4.0,3,0.010314589889046962,2,694
dmnelf1001,8,CEN,6.0,5,0.01283225692919417,2,690
dmnelf1001,8,CEN,8.0,7,-0.01556181484204316,2,686
dmnelf1001,8,CEN,10.0,8,-0.02748905416736388,2,684
dmnelf1001,9,DMN,-10.0,-8,-0.020697561233151918,2,684
dmnelf1001,9,DMN,-8.0,-7,-0.013143857101112663,2,686
dmnelf1001,9,DMN,-6.0,-5,-0.042219940029191806,2,690
dmnelf1001,9,DMN,-4.0,-3,-0.06956069491760172,2,694
dmnelf1001,9,DMN,-2.0,-2,-0.06342603659335576,2,696
dmnelf1001,9,DMN,0.0,0,-0.0290601111311219,2,700
dmnelf1001,9,DMN,2.0,2,-0.04002446712412937,2,696
dmnelf1001,9,DMN,4.0,3,-0.028838847594131287,2,694
dmnelf1001,9,DMN,6.0,5,-0.03372902626011119,2,690
dmnelf1001,9,DMN,8.0,7,-0.04470480414640207,2,686
dmnelf1001,9,DMN,10.0,8,-0.04034164089973742,2,684
dmnelf1001,9,CEN,-10.0,-8,-0.038383652094806854,2,684
dmnelf1001,9,CEN,-8.0,-7,-0.007048372128191186,2,686
dmnelf1001,9,CEN,-6.0,-5,-0.0026316426997801652,2,690
dmnelf1001,9,CEN,-4.0,-3,-0.016920284558425126,2,694
dmnelf1001,9,CEN,-2.0,-2,-0.013947703276932096,2,696
dmnelf1001,9,CEN,0.0,0,0.013154901087982845,2,700
dmnelf1001,9,CEN,2.0,2,0.024957465542393805,2,696
dmnelf1001,9,CEN,4.0,3,0.038549261061191234,2,694
dmnelf1001,9,CEN,6.0,5,0.029120179805672934,2,690
dmnelf1001,9,CEN,8.0,7,0.0020420465192826504,2,686
dmnelf1001,9,CEN,10.0,8,-0.005406539119613353,2,684
dmnelf1002,0,DMN,-10.0,-8,0.04236027370310526,1,342
dmnelf1002,0,DMN,-8.0,-7,0.031420025000911275,1,343
dmnelf1002,0,DMN,-6.0,-5,0.017234859448074277,1,345
dmnelf1002,0,DMN,-4.0,-3,0.009959723682011446,1,347
dmnelf1002,0,DMN,-2.0,-2,0.03324849790212803,1,348
dmnelf1002,0,DMN,0.0,0,0.08258640427503341,1,350
dmnelf1002,0,DMN,2.0,2,0.05341674574685253,1,348
dmnelf1002,0,DMN,4.0,3,0.01812557803896505,1,347
dmnelf1002,0,DMN,6.0,5,-0.03673727817571758,1,345
dmnelf1002,0,DMN,8.0,7,-0.061137333401808124,1,343
dmnelf1002,0,DMN,10.0,8,-0.08746900548994975,1,342
dmnelf1002,0,CEN,-10.0,-8,0.0012107334596552465,1,342
dmnelf1002,0,CEN,-8.0,-7,-0.02712508378966423,1,343
dmnelf1002,0,CEN,-6.0,-5,-0.011449453725962566,1,345
dmnelf1002,0,CEN,-4.0,-3,-0.00571077097973542,1,347
dmnelf1002,0,CEN,-2.0,-2,-0.0027114063440972004,1,348
dmnelf1002,0,CEN,0.0,0,0.02031060240543823,1,350
dmnelf1002,0,CEN,2.0,2,0.045513760602121554,1,348
dmnelf1002,0,CEN,4.0,3,0.04998649807091641,1,347
dmnelf1002,0,CEN,6.0,5,0.042132505317963774,1,345
dmnelf1002,0,CEN,8.0,7,0.04329195556455458,1,343
dmnelf1002,0,CEN,10.0,8,0.01650694559096534,1,342
dmnelf1002,1,DMN,-10.0,-8,-0.12372566483980915,1,342
dmnelf1002,1,DMN,-8.0,-7,-0.09490971823588623,1,343
dmnelf1002,1,DMN,-6.0,-5,-0.06522607697052749,1,345
dmnelf1002,1,DMN,-4.0,-3,-0.01565241561756782,1,347
dmnelf1002,1,DMN,-2.0,-2,0.02045344896593131,1,348
dmnelf1002,1,DMN,0.0,0,0.08882107529248152,1,350
dmnelf1002,1,DMN,2.0,2,0.0975436084462725,1,348
dmnelf1002,1,DMN,4.0,3,0.12261424657454481,1,347
dmnelf1002,1,DMN,6.0,5,0.17548007054299622,1,345
dmnelf1002,1,DMN,8.0,7,0.22571105053676774,1,343
dmnelf1002,1,DMN,10.0,8,0.20773136558674338,1,342
dmnelf1002,1,CEN,-10.0,-8,-0.22256944374382814,1,342
dmnelf1002,1,CEN,-8.0,-7,-0.21182365600672046,1,343
dmnelf1002,1,CEN,-6.0,-5,-0.17842314981838261,1,345
dmnelf1002,1,CEN,-4.0,-3,-0.08942240963324598,1,347
dmnelf1002,1,CEN,-2.0,-2,-0.04181203504082632,1,348
dmnelf1002,1,CEN,0.0,0,0.04061277905370301,1,350
dmnelf1002,1,CEN,2.0,2,0.09592145036241441,1,348
dmnelf1002,1,CEN,4.0,3,0.1443356017833206,1,347
dmnelf1002,1,CEN,6.0,5,0.22951943061611474,1,345
dmnelf1002,1,CEN,8.0,7,0.27635684821273154,1,343
dmnelf1002,1,CEN,10.0,8,0.2688733761823093,1,342
dmnelf1002,2,DMN,-10.0,-8,-0.14731957863689954,1,342
dmnelf1002,2,DMN,-8.0,-7,-0.1265477016644057,1,343
dmnelf1002,2,DMN,-6.0,-5,-0.055485970776125604,1,345
dmnelf1002,2,DMN,-4.0,-3,0.013765536408488975,1,347
dmnelf1002,2,DMN,-2.0,-2,0.04469869693800311,1,348
dmnelf1002,2,DMN,0.0,0,0.11574838394868306,1,350
dmnelf1002,2,DMN,2.0,2,0.10589380554063586,1,348
dmnelf1002,2,DMN,4.0,3,0.1137321510993871,1,347
dmnelf1002,2,DMN,6.0,5,0.10837310611441957,1,345
dmnelf1002,2,DMN,8.0,7,0.09584328728029112,1,343
dmnelf1002,2,DMN,10.0,8,0.06295273883101069,1,342
dmnelf1002,2,CEN,-10.0,-8,-0.21588885493134788,1,342
dmnelf1002,2,CEN,-8.0,-7,-0.21381738206303527,1,343
dmnelf1002,2,CEN,-6.0,-5,-0.16605193893310874,1,345
dmnelf1002,2,CEN,-4.0,-3,-0.11062466472504565,1,347
dmnelf1002,2,CEN,-2.0,-2,-0.07521931470405815,1,348
dmnelf1002,2,CEN,0.0,0,0.0026830962869136216,1,350
dmnelf1002,2,CEN,2.0,2,0.05209903405257907,1,348
dmnelf1002,2,CEN,4.0,3,0.10815650443856177,1,347
dmnelf1002,2,CEN,6.0,5,0.21713103056566627,1,345
dmnelf1002,2,CEN,8.0,7,0.24000157541215847,1,343
dmnelf1002,2,CEN,10.0,8,0.2043578162291853,1,342
dmnelf1002,3,DMN,-10.0,-8,-0.18078279912428716,1,342
dmnelf1002,3,DMN,-8.0,-7,-0.17433364838846538,1,343
dmnelf1002,3,DMN,-6.0,-5,-0.12619328534740312,1,345
dmnelf1002,3,DMN,-4.0,-3,-0.08135638656503574,1,347
dmnelf1002,3,DMN,-2.0,-2,-0.056038323023565165,1,348
dmnelf1002,3,DMN,0.0,0,0.04499674090283184,1,350
dmnelf1002,3,DMN,2.0,2,0.05246229490104078,1,348
dmnelf1002,3,DMN,4.0,3,0.03916117740208005,1,347
dmnelf1002,3,DMN,6.0,5,-0.01957934996228338,1,345
dmnelf1002,3,DMN,8.0,7,-0.0005627726816863664,1,343
dmnelf1002,3,DMN,10.0,8,0.008635245578349444,1,342
dmnelf1002,3,CEN,-10.0,-8,-0.1850331970040006,1,342
dmnelf1002,3,CEN,-8.0,-7,-0.2040403459739354,1,343
dmnelf1002,3,CEN,-6.0,-5,-0.22820636278732076,1,345
dmnelf1002,3,CEN,-4.0,-3,-0.1746687015407481,1,347
dmnelf1002,3,CEN,-2.0,-2,-0.12584188400819254,1,348
dmnelf1002,3,CEN,0.0,0,-0.017262731148517736,1,350
dmnelf1002,3,CEN,2.0,2,0.011579239214834941,1,348
dmnelf1002,3,CEN,4.0,3,0.02829176384533645,1,347
dmnelf1002,3,CEN,6.0,5,0.03115995055662351,1,345
dmnelf1002,3,CEN,8.0,7,0.005635454193580778,1,343
dmnelf1002,3,CEN,10.0,8,-0.023262821582349828,1,342
dmnelf1002,4,DMN,-10.0,-8,-0.14283168124097487,1,342
dmnelf1002,4,DMN,-8.0,-7,-0.1416696968452026,1,343
dmnelf1002,4,DMN,-6.0,-5,-0.1258879356800356,1,345
dmnelf1002,4,DMN,-4.0,-3,-0.11883609488920362,1,347
dmnelf1002,4,DMN,-2.0,-2,-0.11549734204691446,1,348
dmnelf1002,4,DMN,0.0,0,-0.05261582488294444,1,350
dmnelf1002,4,DMN,2.0,2,-0.021748176442754702,1,348
dmnelf1002,4,DMN,4.0,3,-0.018480751940501337,1,347
dmnelf1002,4,DMN,6.0,5,-0.04985294051496022,1,345
dmnelf1002,4,DMN,8.0,7,-0.014027695038860514,1,343
dmnelf1002,4,DMN,10.0,8,-0.0031237708850314423,1,342
dmnelf1002,4,CEN,-10.0,-8,-0.12141322302767552,1,342
dmnelf1002,4,CEN,-8.0,-7,-0.14295289160563543,1,343
dmnelf1002,4,CEN,-6.0,-5,-0.1944658553471964,1,345
dmnelf1002,4,CEN,-4.0,-3,-0.17340265971678773,1,347
dmnelf1002,4,CEN,-2.0,-2,-0.14401290166903138,1,348
dmnelf1002,4,CEN,0.0,0,-0.0668352408503434,1,350
dmnelf1002,4,CEN,2.0,2,-0.03478616368530596,1,348
dmnelf1002,4,CEN,4.0,3,-0.01068397789612536,1,347
dmnelf1002,4,CEN,6.0,5,-0.009917896576972235,1,345
dmnelf1002,4,CEN,8.0,7,-0.039710761809281674,1,343
dmnelf1002,4,CEN,10.0,8,-0.06763962997158354,1,342
dmnelf1002,5,DMN,-10.0,-8,-0.0805131332202238,1,342
dmnelf1002,5,DMN,-8.0,-7,-0.05273342559354886,1,343
dmnelf1002,5,DMN,-6.0,-5,-0.026334687730168654,1,345
dmnelf1002,5,DMN,-4.0,-3,-0.041431727847596855,1,347
dmnelf1002,5,DMN,-2.0,-2,-0.04275221149608137,1,348
dmnelf1002,5,DMN,0.0,0,-0.014904453648901247,1,350
dmnelf1002,5,DMN,2.0,2,0.06248982015929868,1,348
dmnelf1002,5,DMN,4.0,3,0.08270326887456149,1,347
dmnelf1002,5,DMN,6.0,5,-0.006660011162027306,1,345
dmnelf1002,5,DMN,8.0,7,-0.0540562572595538,1,343
dmnelf1002,5,DMN,10.0,8,-0.08955477488035304,1,342
dmnelf1002,5,CEN,-10.0,-8,-0.10747409134079067,1,342
dmnelf1002,5,CEN,-8.0,-7,-0.11429118911802995,1,343
dmnelf1002,5,CEN,-6.0,-5,-0.1575076874913881,1,345
dmnelf1002,5,CEN,-4.0,-3,-0.13966530320793608,1,347
dmnelf1002,5,CEN,-2.0,-2,-0.09641407686396412,1,348
dmnelf1002,5,CEN,0.0,0,0.005181537382381435,1,350
dmnelf1002,5,CEN,2.0,2,0.1178944304750738,1,348
dmnelf1002,5,CEN,4.0,3,0.17726428727032364,1,347
dmnelf1002,5,CEN,6.0,5,0.13978863147637807,1,345
dmnelf1002,5,CEN,8.0,7,0.0036602378896505965,1,343
dmnelf1002,5,CEN,10.0,8,-0.05647314159254806,1,342
dmnelf1002,6,DMN,-10.0,-8,-0.0033982322376867945,1,342
dmnelf1002,6,DMN,-8.0,-7,0.03327468826814174,1,343
dmnelf1002,6,DMN,-6.0,-5,0.07503528291729253,1,345
dmnelf1002,6,DMN,-4.0,-3,0.0800242472847994,1,347
dmnelf1002,6,DMN,-2.0,-2,0.0837716842947011,1,348
dmnelf1002,6,DMN,0.0,0,0.11967316469859149,1,350
dmnelf1002,6,DMN,2.0,2,0.23055341506204158,1,348
dmnelf1002,6,DMN,4.0,3,0.2570372516594785,1,347
dmnelf1002,6,DMN,6.0,5,0.13455593963871168,1,345
dmnelf1002,6,DMN,8.0,7,-0.002329324251652864,1,343
dmnelf1002,6,DMN,10.0,8,-0.06600124252694826,1,342
dmnelf1002,6,CEN,-10.0,-8,-0.03701094217111599,1,342
dmnelf1002,6,CEN,-8.0,-7,-0.026471391972673675,1,343
dmnelf1002,6,CEN,-6.0,-5,-0.029659432783110767,1,345
dmnelf1002,6,CEN,-4.0,-3,-0.022796968005318788,1,347
dmnelf1002,6,CEN,-2.0,-2,0.017608082464171178,1,348
dmnelf1002,6,CEN,0.0,0,0.129208910583428,1,350
dmnelf1002,6,CEN,2.0,2,0.2830571101852502,1,348
dmnelf1002,6,CEN,4.0,3,0.34342433573933095,1,347
dmnelf1002,6,CEN,6.0,5,0.2682967113200369,1,345
dmnelf1002,6,CEN,8.0,7,0.07781207316035309,1,343
dmnelf1002,6,CEN,10.0,8,0.003506138224783184,1,342
dmnelf1002,7,DMN,-10.0,-8,0.004475514016702887,1,342
dmnelf1002,7,DMN,-8.0,-7,0.053982157405761545,1,343
dmnelf1002,7,DMN,-6.0,-5,0.11143508997416084,1,345
dmnelf1002,7,DMN,-4.0,-3,0.13574126636487985,1,347
dmnelf1002,7,DMN,-2.0,-2,0.1375010602536898,1,348
dmnelf1002,7,DMN,0.0,0,0.16591985420240032,1,350
dmnelf1002,7,DMN,2.0,2,0.247225081603123,1,348
dmnelf1002,7,DMN,4.0,3,0.26475313715341964,1,347
dmnelf1002,7,DMN,6.0,5,0.15935016805434715,1,345
dmnelf1002,7,DMN,8.0,7,-0.013700437262470503,1,343
dmnelf1002,7,DMN,10.0,8,-0.09538902213830021,1,342
dmnelf1002,7,CEN,-10.0,-8,-0.020957977986048863,1,342
dmnelf1002,7,CEN,-8.0,-7,0.003368909147499072,1,343
dmnelf1002,7,CEN,-6.0,-5,0.028775613556565313,1,345
dmnelf1002,7,CEN,-4.0,-3,0.058806431405547144,1,347
dmnelf1002,7,CEN,-2.0,-2,0.09974780233793362,1,348
dmnelf1002,7,CEN,0.0,0,0.22598125809633138,1,350
dmnelf1002,7,CEN,2.0,2,0.3734590205611812,1,348
dmnelf1002,7,CEN,4.0,3,0.42007567951999086,1,347
dmnelf1002,7,CEN,6.0,5,0.31793279404124,1,345
dmnelf1002,7,CEN,8.0,7,0.0733898808337561,1,343
dmnelf1002,7,CEN,10.0,8,-0.021701072832467572,1,342
dmnelf1002,8,DMN,-10.0,-8,0.04570993778587076,1,342
dmnelf1002,8,DMN,-8.0,-7,0.10149531535629579,1,343
dmnelf1002,8,DMN,-6.0,-5,0.16651118908569054,1,345
dmnelf1002,8,DMN,-4.0,-3,0.17483712632510234,1,347
dmnelf1002,8,DMN,-2.0,-2,0.16511680252583094,1,348
dmnelf1002,8,DMN,0.0,0,0.16567798975586792,1,350
dmnelf1002,8,DMN,2.0,2,0.1836990223645373,1,348
dmnelf1002,8,DMN,4.0,3,0.19367537199046558,1,347
dmnelf1002,8,DMN,6.0,5,0.1060067958115995,1,345
dmnelf1002,8,DMN,8.0,7,-0.07934719177225621,1,343
dmnelf1002,8,DMN,10.0,8,-0.1745557822643335,1,342
dmnelf1002,8,CEN,-10.0,-8,-0.02081999009077127,1,342
dmnelf1002,8,CEN,-8.0,-7,0.009326560074705222,1,343
dmnelf1002,8,CEN,-6.0,-5,0.053442178160934085,1,345
dmnelf1002,8,CEN,-4.0,-3,0.09626050377476822,1,347
dmnelf1002,8,CEN,-2.0,-2,0.13502965510287449,1,348
dmnelf1002,8,CEN,0.0,0,0.26209651994052036,1,350
dmnelf1002,8,CEN,2.0,2,0.3697757344566222,1,348
dmnelf1002,8,CEN,4.0,3,0.40798119027733093,1,347
dmnelf1002,8,CEN,6.0,5,0.30958486575336097,1,345
dmnelf1002,8,CEN,8.0,7,0.036988206527849773,1,343
dmnelf1002,8,CEN,10.0,8,-0.07913923878345205,1,342
dmnelf1002,9,DMN,-10.0,-8,0.057924708985157364,1,342
dmnelf1002,9,DMN,-8.0,-7,0.07803221441365411,1,343
dmnelf1002,9,DMN,-6.0,-5,0.07319671487386693,1,345
dmnelf1002,9,DMN,-4.0,-3,0.038851804629736066,1,347
dmnelf1002,9,DMN,-2.0,-2,0.021400704947163462,1,348
dmnelf1002,9,DMN,0.0,0,0.06619333194417425,1,350
dmnelf1002,9,DMN,2.0,2,-0.016967338950965496,1,348
dmnelf1002,9,DMN,4.0,3,-0.022302087960366167,1,347
dmnelf1002,9,DMN,6.0,5,-0.07311117550921234,1,345
dmnelf1002,9,DMN,8.0,7,-0.14838723492341438,1,343
dmnelf1002,9,DMN,10.0,8,-0.20327658768775878,1,342
dmnelf1002,9,CEN,-10.0,-8,-0.07249347533313126,1,342
dmnelf1002,9,CEN,-8.0,-7,-0.0722365313113449,1,343
dmnelf1002,9,CEN,-6.0,-5,-0.061643973981783735,1,345
dmnelf1002,9,CEN,-4.0,-3,0.0015167233575568873,1,347
dmnelf1002,9,CEN,-2.0,-2,0.043644740874241424,1,348
dmnelf1002,9,CEN,0.0,0,0.15755553314746473,1,350
dmnelf1002,9,CEN,2.0,2,0.10811248859895216,1,348
dmnelf1002,9,CEN,4.0,3,0.1178405220330827,1,347
dmnelf1002,9,CEN,6.0,5,0.08656688262594973,1,345
dmnelf1002,9,CEN,8.0,7,-0.045498091961528736,1,343
dmnelf1002,9,CEN,10.0,8,-0.1252064008575198,1,342
dmnelf1003,0,DMN,-10.0,-8,-0.0681537206835557,2,684
dmnelf1003,0,DMN,-8.0,-7,-0.05979846335812471,2,686
dmnelf1003,0,DMN,-6.0,-5,-0.048113108888042475,2,690
dmnelf1003,0,DMN,-4.0,-3,-0.062494522842064006,2,694
dmnelf1003,0,DMN,-2.0,-2,-0.049116246271165655,2,696
dmnelf1003,0,DMN,0.0,0,0.0387444688999663,2,700
dmnelf1003,0,DMN,2.0,2,0.07783626653625338,2,696
dmnelf1003,0,DMN,4.0,3,-0.02641280422657166,2,694
dmnelf1003,0,DMN,6.0,5,-0.07888838696204627,2,690
dmnelf1003,0,DMN,8.0,7,0.07245534332130349,2,686
dmnelf1003,0,DMN,10.0,8,0.09787263151341526,2,684
dmnelf1003,0,CEN,-10.0,-8,0.08326905261603253,2,684
dmnelf1003,0,CEN,-8.0,-7,0.08128377508384202,2,686
dmnelf1003,0,CEN,-6.0,-5,0.05261905498137118,2,690
dmnelf1003,0,CEN,-4.0,-3,0.060149573831238395,2,694
dmnelf1003,0,CEN,-2.0,-2,0.030841619228931406,2,696
dmnelf1003,0,CEN,0.0,0,-0.10961102619718437,2,700
dmnelf1003,0,CEN,2.0,2,0.13390724980017596,2,696
dmnelf1003,0,CEN,4.0,3,0.039578850150267596,2,694
dmnelf1003,0,CEN,6.0,5,-0.056821215352909,2,690
dmnelf1003,0,CEN,8.0,7,0.08413743860236189,2,686
dmnelf1003,0,CEN,10.0,8,0.09994307513866818,2,684
dmnelf1003,1,DMN,-10.0,-8,-0.05669198111155644,2,684
dmnelf1003,1,DMN,-8.0,-7,-0.04710987503571265,2,686
dmnelf1003,1,DMN,-6.0,-5,-0.030655214972351356,2,690
dmnelf1003,1,DMN,-4.0,-3,-0.054675488134782915,2,694
dmnelf1003,1,DMN,-2.0,-2,-0.046465683948216006,2,696
dmnelf1003,1,DMN,0.0,0,0.030297226312682946,2,700
dmnelf1003,1,DMN,2.0,2,0.08272074258760335,2,696
dmnelf1003,1,DMN,4.0,3,-0.010231566397279932,2,694
dmnelf1003,1,DMN,6.0,5,-0.08769097786596781,2,690
dmnelf1003,1,DMN,8.0,7,0.05285404128239566,2,686
dmnelf1003,1,DMN,10.0,8,0.07090049957668461,2,684
dmnelf1003,1,CEN,-10.0,-8,0.04286124141039094,2,684
dmnelf1003,1,CEN,-8.0,-7,0.05163745351773536,2,686
dmnelf1003,1,CEN,-6.0,-5,0.018158853347154922,2,690
dmnelf1003,1,CEN,-4.0,-3,0.02145934395946551,2,694
dmnelf1003,1,CEN,-2.0,-2,-0.0138101634057197,2,696
dmnelf1003,1,CEN,0.0,0,-0.12770064243991464,2,700
dmnelf1003,1,CEN,2.0,2,0.10585381329478159,2,696
dmnelf1003,1,CEN,4.0,3,0.007306573521965068,2,694
dmnelf1003,1,CEN,6.0,5,-0.07515043581449109,2,690
dmnelf1003,1,CEN,8.0,7,0.05963481044512546,2,686
dmnelf1003,1,CEN,10.0,8,0.06673876230511348,2,684
dmnelf1003,2,DMN,-10.0,-8,-0.022923599748156925,2,684
dmnelf1003,2,DMN,-8.0,-7,-0.012016245460043427,2,686
dmnelf1003,2,DMN,-6.0,-5,-0.00876511062152934,2,690
dmnelf1003,2,DMN,-4.0,-3,-0.05210852240432773,2,694
dmnelf1003,2,DMN,-2.0,-2,-0.07552638879848093,2,696
dmnelf1003,2,DMN,0.0,0,-0.053428436837273094,2,700
dmnelf1003,2,DMN,2.0,2,0.04794725750046211,2,696
dmnelf1003,2,DMN,4.0,3,-0.03227475896779657,2,694
dmnelf1003,2,DMN,6.0,5,-0.11696036100463301,2,690
dmnelf1003,2,DMN,8.0,7,-0.01676265022860027,2,686
dmnelf1003,2,DMN,10.0,8,-0.011498669566044981,2,684
dmnelf1003,2,CEN,-10.0,-8,-0.0352356793696002,2,684
dmnelf1003,2,CEN,-8.0,-7,-0.016018617490221418,2,686
dmnelf1003,2,CEN,-6.0,-5,-0.04071130212887611,2,690
dmnelf1003,2,CEN,-4.0,-3,-0.04516002580449468,2,694
dmnelf1003,2,CEN,-2.0,-2,-0.04833718015312691,2,696
dmnelf1003,2,CEN,0.0,0,-0.15512954784758878,2,700
dmnelf1003,2,CEN,2.0,2,0.07849462725762957,2,696
dmnelf1003,2,CEN,4.0,3,-0.009055296966487622,2,694
dmnelf1003,2,CEN,6.0,5,-0.04710816937472945,2,690
dmnelf1003,2,CEN,8.0,7,0.0655983189526348,2,686
dmnelf1003,2,CEN,10.0,8,0.08462435570237854,2,684
dmnelf1003,3,DMN,-10.0,-8,-0.008619356142614136,2,684
dmnelf1003,3,DMN,-8.0,-7,0.01243083444495445,2,686
dmnelf1003,3,DMN,-6.0,-5,0.0055067882051985685,2,690
dmnelf1003,3,DMN,-4.0,-3,-0.026027984653126394,2,694
dmnelf1003,3,DMN,-2.0,-2,-0.051073345507130906,2,696
dmnelf1003,3,DMN,0.0,0,-0.06461968446661377,2,700
dmnelf1003,3,DMN,2.0,2,0.014400167958512615,2,696
dmnelf1003,3,DMN,4.0,3,-0.050772923217145674,2,694
dmnelf1003,3,DMN,6.0,5,-0.11764197493901915,2,690
dmnelf1003,3,DMN,8.0,7,-0.03884553537064877,2,686
dmnelf1003,3,DMN,10.0,8,-0.04446552579124456,2,684
dmnelf1003,3,CEN,-10.0,-8,-0.03105488007181863,2,684
dmnelf1003,3,CEN,-8.0,-7,-0.01030855232795079,2,686
dmnelf1003,3,CEN,-6.0,-5,-0.019883757881390192,2,690
dmnelf1003,3,CEN,-4.0,-3,-0.031116185683169234,2,694
dmnelf1003,3,CEN,-2.0,-2,-0.0423374091060235,2,696
dmnelf1003,3,CEN,0.0,0,-0.15072910483497223,2,700
dmnelf1003,3,CEN,2.0,2,0.06002747265842043,2,696
dmnelf1003,3,CEN,4.0,3,-0.015398333509605202,2,694
dmnelf1003,3,CEN,6.0,5,-0.027560936048665947,2,690
dmnelf1003,3,CEN,8.0,7,0.06693785394634048,2,686
dmnelf1003,3,CEN,10.0,8,0.07949856619111591,2,684
dmnelf1003,4,DMN,-10.0,-8,-0.013310633237836995,2,684
dmnelf1003,4,DMN,-8.0,-7,0.015201548876603615,2,686
dmnelf1003,4,DMN,-6.0,-5,0.018792295661207967,2,690
dmnelf1003,4,DMN,-4.0,-3,-0.018785286441574775,2,694
dmnelf1003,4,DMN,-2.0,-2,-0.0410567422642895,2,696
dmnelf1003,4,DMN,0.0,0,-0.04221568298150397,2,700
dmnelf1003,4,DMN,2.0,2,0.029987435396181872,2,696
dmnelf1003,4,DMN,4.0,3,-0.035805536577581315,2,694
dmnelf1003,4,DMN,6.0,5,-0.0797943502800848,2,690
dmnelf1003,4,DMN,8.0,7,-0.007509906664436345,2,686
dmnelf1003,4,DMN,10.0,8,-0.021466062861374344,2,684
dmnelf1003,4,CEN,-10.0,-8,0.006489562210375506,2,684
dmnelf1003,4,CEN,-8.0,-7,0.02846591132851987,2,686
dmnelf1003,4,CEN,-6.0,-5,0.014763114131903045,2,690
dmnelf1003,4,CEN,-4.0,-3,-0.00672657036221524,2,694
dmnelf1003,4,CEN,-2.0,-2,-0.016480078574628056,2,696
dmnelf1003,4,CEN,0.0,0,-0.1341754893338273,2,700
dmnelf1003,4,CEN,2.0,2,0.08608646452254272,2,696
dmnelf1003,4,CEN,4.0,3,0.008603324205765215,2,694
dmnelf1003,4,CEN,6.0,5,-0.01234999232310887,2,690
dmnelf1003,4,CEN,8.0,7,0.07149206731689953,2,686
dmnelf1003,4,CEN,10.0,8,0.08087890141907654,2,684
dmnelf1003,5,DMN,-10.0,-8,-0.027764295031587023,2,684
dmnelf1003,5,DMN,-8.0,-7,0.0047103712168695385,2,686
dmnelf1003,5,DMN,-6.0,-5,0.02641706331995612,2,690
dmnelf1003,5,DMN,-4.0,-3,-0.021057231360741332,2,694
dmnelf1003,5,DMN,-2.0,-2,-0.03289544345934628,2,696
dmnelf1003,5,DMN,0.0,0,-0.013752523273172997,2,700
dmnelf1003,5,DMN,2.0,2,0.05510946140663281,2,696
dmnelf1003,5,DMN,4.0,3,-0.02104845626313475,2,694
dmnelf1003,5,DMN,6.0,5,-0.06687638849058078,2,690
dmnelf1003,5,DMN,8.0,7,0.0153683590887029,2,686
dmnelf1003,5,DMN,10.0,8,0.006677747555413807,2,684
dmnelf1003,5,CEN,-10.0,-8,0.02939014453491682,2,684
dmnelf1003,5,CEN,-8.0,-7,0.051278678112087556,2,686
dmnelf1003,5,CEN,-6.0,-5,0.037072677845176684,2,690
dmnelf1003,5,CEN,-4.0,-3,0.006314682362169994,2,694
dmnelf1003,5,CEN,-2.0,-2,-0.004693679520440738,2,696
dmnelf1003,5,CEN,0.0,0,-0.11823296410282455,2,700
dmnelf1003,5,CEN,2.0,2,0.11524163310948876,2,696
dmnelf1003,5,CEN,4.0,3,0.024479701664622797,2,694
dmnelf1003,5,CEN,6.0,5,-0.040217651410136696,2,690
dmnelf1003,5,CEN,8.0,7,0.05711035776988022,2,686
dmnelf1003,5,CEN,10.0,8,0.06529308180301376,2,684
dmnelf1003,6,DMN,-10.0,-8,-0.013979118127293562,2,684
dmnelf1003,6,DMN,-8.0,-7,-0.020899807662603968,2,686
dmnelf1003,6,DMN,-6.0,-5,-0.02728887068683716,2,690
dmnelf1003,6,DMN,-4.0,-3,-0.04404569126699701,2,694
dmnelf1003,6,DMN,-2.0,-2,-0.05663038525856522,2,696
dmnelf1003,6,DMN,0.0,0,-0.012779621498663215,2,700
dmnelf1003,6,DMN,2.0,2,0.06103775847896857,2,696
dmnelf1003,6,DMN,4.0,3,-0.011840220267269276,2,694
dmnelf1003,6,DMN,6.0,5,-0.12473491372765003,2,690
dmnelf1003,6,DMN,8.0,7,-0.029580372073365665,2,686
dmnelf1003,6,DMN,10.0,8,-0.003166516612185165,2,684
dmnelf1003,6,CEN,-10.0,-8,-0.018716597133867485,2,684
dmnelf1003,6,CEN,-8.0,-7,-0.001971933316532266,2,686
dmnelf1003,6,CEN,-6.0,-5,-0.033275208642747016,2,690
dmnelf1003,6,CEN,-4.0,-3,-0.01784852121967261,2,694
dmnelf1003,6,CEN,-2.0,-2,-0.020823949552739928,2,696
dmnelf1003,6,CEN,0.0,0,-0.12092315905758452,2,700
dmnelf1003,6,CEN,2.0,2,0.11030096099343246,2,696
dmnelf1003,6,CEN,4.0,3,0.022618779671445096,2,694
dmnelf1003,6,CEN,6.0,5,-0.07395705550404376,2,690
dmnelf1003,6,CEN,8.0,7,0.05322697879289714,2,686
dmnelf1003,6,CEN,10.0,8,0.08616777355116069,2,684
dmnelf1003,7,DMN,-10.0,-8,0.0011467547924089109,2,684
dmnelf1003,7,DMN,-8.0,-7,0.009646874307995925,2,686
dmnelf1003,7,DMN,-6.0,-5,-0.0003442093588251139,2,690
dmnelf1003,7,DMN,-4.0,-3,-0.014514826663247795,2,694
dmnelf1003,7,DMN,-2.0,-2,-0.026316032623912196,2,696
dmnelf1003,7,DMN,0.0,0,0.018819872129314356,2,700
dmnelf1003,7,DMN,2.0,2,0.08391778495596702,2,696
dmnelf1003,7,DMN,4.0,3,0.020525768659308326,2,694
dmnelf1003,7,DMN,6.0,5,-0.07926995643496121,2,690
dmnelf1003,7,DMN,8.0,7,0.00011466122268161049,2,686
dmnelf1003,7,DMN,10.0,8,0.013431369514258553,2,684
dmnelf1003,7,CEN,-10.0,-8,0.0072542066717846835,2,684
dmnelf1003,7,CEN,-8.0,-7,0.017031269910458106,2,686
dmnelf1003,7,CEN,-6.0,-5,-0.02022509416263607,2,690
dmnelf1003,7,CEN,-4.0,-3,-0.0051433186669325795,2,694
dmnelf1003,7,CEN,-2.0,-2,-0.00881145178987511,2,696
dmnelf1003,7,CEN,0.0,0,-0.11656298462873305,2,700
dmnelf1003,7,CEN,2.0,2,0.1029586412993498,2,696
dmnelf1003,7,CEN,4.0,3,0.022746414671918798,2,694
dmnelf1003,7,CEN,6.0,5,-0.07300044120275047,2,690
dmnelf1003,7,CEN,8.0,7,0.038777294942280785,2,686
dmnelf1003,7,CEN,10.0,8,0.06583556986739961,2,684
dmnelf1003,8,DMN,-10.0,-8,0.017630755786606413,2,684
dmnelf1003,8,DMN,-8.0,-7,0.03498245417896518,2,686
dmnelf1003,8,DMN,-6.0,-5,0.01601212321714187,2,690
dmnelf1003,8,DMN,-4.0,-3,-0.002454704623470491,2,694
dmnelf1003,8,DMN,-2.0,-2,-0.0034307671421710327,2,696
dmnelf1003,8,DMN,0.0,0,0.03898914445123814,2,700
dmnelf1003,8,DMN,2.0,2,0.08544724128696672,2,696
dmnelf1003,8,DMN,4.0,3,0.03189098863310131,2,694
dmnelf1003,8,DMN,6.0,5,-0.0435287048204702,2,690
dmnelf1003,8,DMN,8.0,7,0.013457447335380299,2,686
dmnelf1003,8,DMN,10.0,8,0.01671816335045464,2,684
dmnelf1003,8,CEN,-10.0,-8,0.04990009881760924,2,684
dmnelf1003,8,CEN,-8.0,-7,0.05291585177250815,2,686
dmnelf1003,8,CEN,-6.0,-5,0.004563967046850162,2,690
dmnelf1003,8,CEN,-4.0,-3,-0.0020095393788688064,2,694
dmnelf1003,8,CEN,-2.0,-2,-0.01459678647336254,2,696
dmnelf1003,8,CEN,0.0,0,-0.1146886810143487,2,700
dmnelf1003,8,CEN,2.0,2,0.09988429140015438,2,696
dmnelf1003,8,CEN,4.0,3,0.015817004602591035,2,694
dmnelf1003,8,CEN,6.0,5,-0.06603673660902974,2,690
dmnelf1003,8,CEN,8.0,7,0.031264426551830815,2,686
dmnelf1003,8,CEN,10.0,8,0.04234960788306544,2,684
dmnelf1003,9,DMN,-10.0,-8,-0.008661652493314659,2,684
dmnelf1003,9,DMN,-8.0,-7,0.006472786103751155,2,686
dmnelf1003,9,DMN,-6.0,-5,-0.007485285681143208,2,690
dmnelf1003,9,DMN,-4.0,-3,-0.04397551364911796,2,694
dmnelf1003,9,DMN,-2.0,-2,-0.04102463580805959,2,696
dmnelf1003,9,DMN,0.0,0,0.028487732296686608,2,700
dmnelf1003,9,DMN,2.0,2,0.054413999786648584,2,696
dmnelf1003,9,DMN,4.0,3,0.009781677871029817,2,694
dmnelf1003,9,DMN,6.0,5,-0.02431453578594139,2,690
dmnelf1003,9,DMN,8.0,7,0.02938576351053502,2,686
dmnelf1003,9,DMN,10.0,8,0.021236449845222122,2,684
dmnelf1003,9,CEN,-10.0,-8,0.05786829295845547,2,684
dmnelf1003,9,CEN,-8.0,-7,0.0707161218623763,2,686
dmnelf1003,9,CEN,-6.0,-5,0.027390930401838584,2,690
dmnelf1003,9,CEN,-4.0,-3,0.027268632796793545,2,694
dmnelf1003,9,CEN,-2.0,-2,0.016553136785828544,2,696
dmnelf1003,9,CEN,0.0,0,-0.09342404111099359,2,700
dmnelf1003,9,CEN,2.0,2,0.12056407261943435,2,696
dmnelf1003,9,CEN,4.0,3,0.028772115901010985,2,694
dmnelf1003,9,CEN,6.0,5,-0.03531531315596684,2,690
dmnelf1003,9,CEN,8.0,7,0.03845295885397104,2,686
dmnelf1003,9,CEN,10.0,8,0.03610916771802794,2,684
